Unity Editor version:    6000.3.6f1 (bbb010bdb8a3)
Branch:                  6000.3/respin/6000.3.6f1-732c1ec89f18
Build type:              Release
Batch mode:              YES
System name:             Linux
Distro version:          #37~24.04.1-Ubuntu SMP PREEMPT_DYNAMIC Thu Nov 20 10:25:38 UTC 2
Kernel version:          6.14.0-37-generic
Architecture:            x86_64
Window Protocol:         Wayland (XWayland)
Available memory:        31856 MB
Date:                    2026-01-31T14:26:13Z
[Licensing::Module] Trying to connect to existing licensing client channel...
[Licensing::IpcConnector] Successfully connected to: "LicenseClient-benjaminb" at "2026-01-31T14:26:13.219851Z"
[SignatureVerifier] Application signature verification not supported on this platform.
[Licensing::Client] Handshaking with LicensingClient:
  Version:                 1.17.4+4293ba1
  Session Id:              7ba9c871faa140d0bbd695d4401b8a70
  Correlation Id:          841958dffe8a337c64841dfcd2b90117
  External correlation Id: 8105467509728678995
  Machine Id:              dCA1BA873GgIo4XCjSpoV3B0MAY=
[Licensing::Module] Successfully connected to LicensingClient on channel: "LicenseClient-benjaminb" (connect: 0.00s, validation: 0.00s, handshake: 0.00s)
[Licensing::IpcConnector] Successfully connected to: "LicenseClient-benjaminb-notifications" at "2026-01-31T14:26:13.224793Z"
[Licensing::Module] Licensing Background thread has ended after 0.01s
Selected window backend: (null) 
Desktop is 1920 x 1080 @ 60 Hz
Initialize udev device monitor.

COMMAND LINE ARGUMENTS:
Unity
-adb2
-batchMode
-noUpm
-name
AssetImportWorker2
-projectPath
/home/benjaminb/Mascara
-logFile
Logs/AssetImportWorker2.log
-srvPort
42893
-licensingIpc
LicenseClient-benjaminb
-job-worker-count
3
-background-job-worker-count
8
-gc-helper-count
1
Successfully changed project path to: /home/benjaminb/Mascara
/home/benjaminb/Mascara
[UnityMemory] Configuration Parameters - Can be set up in boot.config
    "memorysetup-allocator-temp-initial-block-size-main=262144"
    "memorysetup-allocator-temp-initial-block-size-worker=262144"
    "memorysetup-temp-allocator-size-background-worker=32768"
    "memorysetup-temp-allocator-size-job-worker=262144"
    "memorysetup-temp-allocator-size-preload-manager=33554432"
    "memorysetup-temp-allocator-size-nav-mesh-worker=65536"
    "memorysetup-temp-allocator-size-audio-worker=65536"
    "memorysetup-temp-allocator-size-cloud-worker=32768"
    "memorysetup-temp-allocator-size-gi-baking-worker=262144"
    "memorysetup-temp-allocator-size-gi-baking-worker=262144"
    "memorysetup-temp-allocator-size-gi-baking-worker=262144"
    "memorysetup-temp-allocator-size-gi-baking-worker=262144"
    "memorysetup-temp-allocator-size-gi-baking-worker=262144"
    "memorysetup-bucket-allocator-granularity=16"
    "memorysetup-bucket-allocator-bucket-count=8"
    "memorysetup-bucket-allocator-block-size=33554432"
    "memorysetup-bucket-allocator-block-count=8"
    "memorysetup-main-allocator-block-size=16777216"
    "memorysetup-thread-allocator-block-size=16777216"
    "memorysetup-gfx-main-allocator-block-size=16777216"
    "memorysetup-gfx-thread-allocator-block-size=16777216"
    "memorysetup-cache-allocator-block-size=4194304"
    "memorysetup-typetree-allocator-block-size=2097152"
    "memorysetup-profiler-bucket-allocator-granularity=16"
    "memorysetup-profiler-bucket-allocator-bucket-count=8"
    "memorysetup-profiler-bucket-allocator-block-size=33554432"
    "memorysetup-profiler-bucket-allocator-block-count=8"
    "memorysetup-profiler-allocator-block-size=16777216"
    "memorysetup-profiler-editor-allocator-block-size=1048576"
    "memorysetup-temp-allocator-size-main=16777216"
    "memorysetup-job-temp-allocator-block-size=2097152"
    "memorysetup-job-temp-allocator-block-size-background=1048576"
    "memorysetup-job-temp-allocator-reduction-small-platforms=262144"
    "memorysetup-temp-allocator-size-gfx=262144"
Player connection [123625233279808]  Target information:

Player connection [123625233279808]  * "[IP] 10.101.44.184 [Port] 0 [Flags] 2 [Guid] 2835612907 [EditorId] 2835612907 [Version] 1048832 [Id] LinuxEditor(16,10.101.44.184) [Debug] 1 [PackageName] LinuxEditor [ProjectName] Editor" 

Player connection [123625233279808]  * "[IP] 192.168.122.1 [Port] 0 [Flags] 2 [Guid] 2835612907 [EditorId] 2835612907 [Version] 1048832 [Id] LinuxEditor(16,10.101.44.184) [Debug] 1 [PackageName] LinuxEditor [ProjectName] Editor" 

Player connection [123625233279808]  * "[IP] 25.9.8.185 [Port] 0 [Flags] 2 [Guid] 2835612907 [EditorId] 2835612907 [Version] 1048832 [Id] LinuxEditor(16,10.101.44.184) [Debug] 1 [PackageName] LinuxEditor [ProjectName] Editor" 

Player connection [123625233279808]  * "[IP] 172.19.0.1 [Port] 0 [Flags] 2 [Guid] 2835612907 [EditorId] 2835612907 [Version] 1048832 [Id] LinuxEditor(16,10.101.44.184) [Debug] 1 [PackageName] LinuxEditor [ProjectName] Editor" 

Player connection [123625233279808]  * "[IP] 172.18.0.1 [Port] 0 [Flags] 2 [Guid] 2835612907 [EditorId] 2835612907 [Version] 1048832 [Id] LinuxEditor(16,10.101.44.184) [Debug] 1 [PackageName] LinuxEditor [ProjectName] Editor" 

Player connection [123625233279808]  * "[IP] 172.21.0.1 [Port] 0 [Flags] 2 [Guid] 2835612907 [EditorId] 2835612907 [Version] 1048832 [Id] LinuxEditor(16,10.101.44.184) [Debug] 1 [PackageName] LinuxEditor [ProjectName] Editor" 

Player connection [123625233279808]  * "[IP] 172.17.0.1 [Port] 0 [Flags] 2 [Guid] 2835612907 [EditorId] 2835612907 [Version] 1048832 [Id] LinuxEditor(16,10.101.44.184) [Debug] 1 [PackageName] LinuxEditor [ProjectName] Editor" 

Player connection [123625233279808]  * "[IP] 172.20.0.1 [Port] 0 [Flags] 2 [Guid] 2835612907 [EditorId] 2835612907 [Version] 1048832 [Id] LinuxEditor(16,10.101.44.184) [Debug] 1 [PackageName] LinuxEditor [ProjectName] Editor" 

Player connection [123625233279808] Host joined multi-casting on [225.0.0.222:54997]...
Player connection [123625233279808] Host joined alternative multi-casting on [225.0.0.222:34997]...
JobSystem: Creating JobQueue using job-worker-count value 3
Input System module state changed to: Initialized.
[Physics::Module] Initialized fallback backend.
[Physics::Module] Id: 0xdecafbad
Library Redirect Path: Library/
[Physics::Module] Selected backend.
[Physics::Module] Name: PhysX
[Physics::Module] Id: 0xf2b8ea05
[Physics::Module] SDK Version: 4.1.2
[Physics::Module] Integration Version: 1.0.0
[Physics::Module] Threading Mode: Multi-Threaded
Refreshing native plugins compatible for Editor in 24.79 ms, found 1 plugins.
Preloading 0 native plugins for Editor in 0.00 ms.
Initialize engine version: 6000.3.6f1 (bbb010bdb8a3)
[Subsystems] Discovering subsystems at path /home/benjaminb/Unity/Hub/Editor/6000.3.6f1/Editor/Data/Resources/UnitySubsystems
[Subsystems] Discovering subsystems at path /home/benjaminb/Mascara/Assets
kGfxThreadingModeNonThreaded is not supported on OpenGL Core. Reverting to kGfxThreadingModeDirect instead.
GfxDevice: creating device client; kGfxThreadingModeDirect
GLX Extensions: GLX_ARB_context_flush_control GLX_ARB_create_context GLX_ARB_create_context_no_error GLX_ARB_create_context_profile GLX_ARB_create_context_robustness GLX_ARB_fbconfig_float GLX_ARB_framebuffer_sRGB GLX_ARB_get_proc_address GLX_ARB_multisample GLX_EXT_buffer_age GLX_EXT_create_context_es2_profile GLX_EXT_create_context_es_profile GLX_EXT_fbconfig_packed_float GLX_EXT_framebuffer_sRGB GLX_EXT_no_config_context GLX_EXT_swap_control GLX_EXT_swap_control_tear GLX_EXT_texture_from_pixmap GLX_EXT_visual_info GLX_EXT_visual_rating GLX_MESA_copy_sub_buffer GLX_MESA_gl_interop GLX_MESA_query_renderer GLX_MESA_swap_control GLX_OML_sync_control GLX_SGIS_multisample GLX_SGIX_fbconfig GLX_SGIX_pbuffer GLX_SGIX_visual_select_group GLX_SGI_make_current_read GLX_SGI_video_sync 
Renderer: Mesa Intel(R) UHD Graphics (CML GT2)
Vendor:   Intel
Version:  4.6 (Core Profile) Mesa 25.0.7-0ubuntu0.24.04.2
GLES:     0
 GL_3DFX_texture_compression_FXT1 GL_AMD_conservative_depth GL_AMD_depth_clamp_separate GL_AMD_draw_buffers_blend GL_AMD_gpu_shader_int64 GL_AMD_multi_draw_indirect GL_AMD_performance_monitor GL_AMD_pinned_memory GL_AMD_query_buffer_object GL_AMD_seamless_cubemap_per_texture GL_AMD_shader_stencil_export GL_AMD_shader_trinary_minmax GL_AMD_texture_texture4 GL_AMD_vertex_shader_layer GL_AMD_vertex_shader_viewport_index GL_ANGLE_texture_compression_dxt3 GL_ANGLE_texture_compression_dxt5 GL_ARB_ES2_compatibility GL_ARB_ES3_1_compatibility GL_ARB_ES3_2_compatibility GL_ARB_ES3_compatibility GL_ARB_arrays_of_arrays GL_ARB_base_instance GL_ARB_blend_func_extended GL_ARB_buffer_storage GL_ARB_clear_buffer_object GL_ARB_clear_texture GL_ARB_clip_control GL_ARB_compressed_texture_pixel_storage GL_ARB_compute_shader GL_ARB_compute_variable_group_size GL_ARB_conditional_render_inverted GL_ARB_conservative_depth GL_ARB_copy_buffer GL_ARB_copy_image GL_ARB_cull_distance GL_ARB_debug_output GL_ARB_depth_buffer_float GL_ARB
_depth_clamp GL_ARB_derivative_control GL_ARB_direct_state_access GL_ARB_draw_buffers GL_ARB_draw_buffers_blend GL_ARB_draw_elements_base_vertex GL_ARB_draw_indirect GL_ARB_draw_instanced GL_ARB_enhanced_layouts GL_ARB_explicit_attrib_location GL_ARB_explicit_uniform_location GL_ARB_fragment_coord_conventions GL_ARB_fragment_layer_viewport GL_ARB_fragment_shader GL_ARB_fragment_shader_interlock GL_ARB_framebuffer_no_attachments GL_ARB_framebuffer_object GL_ARB_framebuffer_sRGB GL_ARB_get_program_binary GL_ARB_get_texture_sub_image GL_ARB_gl_spirv GL_ARB_gpu_shader5 GL_ARB_gpu_shader_fp64 GL_ARB_gpu_shader_int64 GL_ARB_half_float_pixel GL_ARB_half_float_vertex GL_ARB_indirect_parameters GL_ARB_instanced_arrays GL_ARB_internalformat_query GL_ARB_internalformat_query2 GL_ARB_invalidate_subdata GL_ARB_map_buffer_alignment GL_ARB_map_buffer_range GL_ARB_multi_bind GL_ARB_multi_draw_indirect GL_ARB_occlusion_query2 GL_ARB_parallel_shader_compile GL_ARB_pipeline_statistics_query GL_ARB_pixel_buffer_object GL_ARB_po
int_sprite GL_ARB_polygon_offset_clamp GL_ARB_post_depth_coverage GL_ARB_program_interface_query GL_ARB_provoking_vertex GL_ARB_query_buffer_object GL_ARB_robust_buffer_access_behavior GL_ARB_robustness GL_ARB_sample_shading GL_ARB_sampler_objects GL_ARB_seamless_cube_map GL_ARB_seamless_cubemap_per_texture GL_ARB_separate_shader_objects GL_ARB_shader_atomic_counter_ops GL_ARB_shader_atomic_counters GL_ARB_shader_ballot GL_ARB_shader_bit_encoding GL_ARB_shader_clock GL_ARB_shader_draw_parameters GL_ARB_shader_group_vote GL_ARB_shader_image_load_store GL_ARB_shader_image_size GL_ARB_shader_objects GL_ARB_shader_precision GL_ARB_shader_stencil_export GL_ARB_shader_storage_buffer_object GL_ARB_shader_subroutine GL_ARB_shader_texture_image_samples GL_ARB_shader_texture_lod GL_ARB_shader_viewport_layer_array GL_ARB_shading_language_420pack GL_ARB_shading_language_include GL_ARB_shading_language_packing GL_ARB_spirv_extensions GL_ARB_stencil_texturing GL_ARB_sync GL_ARB_tessellation_shader GL_ARB_texture_barrier G
L_ARB_texture_border_clamp GL_ARB_texture_buffer_object GL_ARB_texture_buffer_object_rgb32 GL_ARB_texture_buffer_range GL_ARB_texture_compression_bptc GL_ARB_texture_compression_rgtc GL_ARB_texture_cube_map_array GL_ARB_texture_filter_anisotropic GL_ARB_texture_float GL_ARB_texture_gather GL_ARB_texture_mirror_clamp_to_edge GL_ARB_texture_multisample GL_ARB_texture_non_power_of_two GL_ARB_texture_query_levels GL_ARB_texture_query_lod GL_ARB_texture_rectangle GL_ARB_texture_rg GL_ARB_texture_rgb10_a2ui GL_ARB_texture_stencil8 GL_ARB_texture_storage GL_ARB_texture_storage_multisample GL_ARB_texture_swizzle GL_ARB_texture_view GL_ARB_timer_query GL_ARB_transform_feedback2 GL_ARB_transform_feedback3 GL_ARB_transform_feedback_instanced GL_ARB_transform_feedback_overflow_query GL_ARB_uniform_buffer_object GL_ARB_vertex_array_bgra GL_ARB_vertex_array_object GL_ARB_vertex_attrib_64bit GL_ARB_vertex_attrib_binding GL_ARB_vertex_buffer_object GL_ARB_vertex_shader GL_ARB_vertex_type_10f_11f_11f_rev GL_ARB_vertex_type_2
_10_10_10_rev GL_ARB_viewport_array GL_ATI_blend_equation_separate GL_ATI_texture_float GL_EXT_EGL_image_storage GL_EXT_EGL_image_storage_compression GL_EXT_EGL_sync GL_EXT_abgr GL_EXT_blend_equation_separate GL_EXT_debug_label GL_EXT_demote_to_helper_invocation GL_EXT_draw_buffers2 GL_EXT_draw_instanced GL_EXT_framebuffer_blit GL_EXT_framebuffer_multisample GL_EXT_framebuffer_multisample_blit_scaled GL_EXT_framebuffer_object GL_EXT_framebuffer_sRGB GL_EXT_memory_object GL_EXT_memory_object_fd GL_EXT_packed_depth_stencil GL_EXT_packed_float GL_EXT_pixel_buffer_object GL_EXT_polygon_offset_clamp GL_EXT_provoking_vertex GL_EXT_semaphore GL_EXT_semaphore_fd GL_EXT_shader_framebuffer_fetch GL_EXT_shader_framebuffer_fetch_non_coherent GL_EXT_shader_integer_mix GL_EXT_shader_samples_identical GL_EXT_texture_array GL_EXT_texture_compression_dxt1 GL_EXT_texture_compression_rgtc GL_EXT_texture_compression_s3tc GL_EXT_texture_filter_anisotropic GL_EXT_texture_integer GL_EXT_texture_sRGB GL_EXT_texture_sRGB_R8 GL_EXT_t
exture_sRGB_decode GL_EXT_texture_shadow_lod GL_EXT_texture_shared_exponent GL_EXT_texture_snorm GL_EXT_texture_storage GL_EXT_texture_swizzle GL_EXT_timer_query GL_EXT_transform_feedback GL_EXT_vertex_array_bgra GL_EXT_vertex_attrib_64bit GL_IBM_multimode_draw_arrays GL_INTEL_blackhole_render GL_INTEL_conservative_rasterization GL_INTEL_performance_query GL_INTEL_shader_atomic_float_minmax GL_INTEL_shader_integer_functions2 GL_KHR_blend_equation_advanced GL_KHR_blend_equation_advanced_coherent GL_KHR_context_flush_control GL_KHR_debug GL_KHR_no_error GL_KHR_parallel_shader_compile GL_KHR_robust_buffer_access_behavior GL_KHR_robustness GL_KHR_texture_compression_astc_ldr GL_KHR_texture_compression_astc_sliced_3d GL_MESA_framebuffer_flip_y GL_MESA_pack_invert GL_MESA_shader_integer_functions GL_MESA_texture_const_bandwidth GL_MESA_texture_signed_rgba GL_NV_alpha_to_coverage_dither_control GL_NV_compute_shader_derivatives GL_NV_conditional_render GL_NV_copy_image GL_NV_depth_clamp GL_NV_fragment_shader_interlo
ck GL_NV_packed_depth_stencil GL_NV_texture_barrier GL_OES_EGL_image GL_S3_s3tc
OPENGL LOG: Creating OpenGL 4.6 graphics device ; Context level  <OpenGL 4.5> ; Context handle -1907648160
Initialize mono
Mono path[0] = '/home/benjaminb/Unity/Hub/Editor/6000.3.6f1/Editor/Data/Managed'
Mono path[1] = '/home/benjaminb/Unity/Hub/Editor/6000.3.6f1/Editor/Data/MonoBleedingEdge/lib/mono/unityjit-linux'
Mono config path = '/home/benjaminb/Unity/Hub/Editor/6000.3.6f1/Editor/Data/MonoBleedingEdge/etc'
Using monoOptions --debugger-agent=transport=dt_socket,embedding=1,server=y,suspend=n,address=127.0.0.1:56788
Begin MonoManager ReloadAssembly
Registering precompiled unity dll's ...
Register platform support module: /home/benjaminb/Unity/Hub/Editor/6000.3.6f1/Editor/Data/PlaybackEngines/LinuxStandaloneSupport/UnityEditor.LinuxStandalone.Extensions.dll
Registered in 0.002712 seconds.
- Loaded All Assemblies, in  0.816 seconds
Native extension for LinuxStandalone target not found
Package Manager log level set to [2]
[Package Manager] Failed to launch server process. Reason: Unity was launched with the -noUpm command-line argument
[Package Manager] Unable to send message (not connected to server process).
[Package Manager] Cannot connect to Unity Package Manager local server
ScheduleIndexationOnStartup MainProcess:False IndexOnStartup:True
Mono: successfully reloaded assembly
- Finished resetting the current domain, in  1.194 seconds
Domain Reload Profiling: 2011ms
	BeginReloadAssembly (207ms)
		ExecutionOrderSort (0ms)
		DisableScriptedObjects (0ms)
		BackupInstance (0ms)
		ReleaseScriptingObjects (0ms)
		CreateAndSetChildDomain (2ms)
	RebuildCommonClasses (89ms)
	RebuildNativeTypeToScriptingClass (26ms)
	initialDomainReloadingComplete (112ms)
	LoadAllAssembliesAndSetupDomain (381ms)
		LoadAssemblies (204ms)
		RebuildTransferFunctionScriptingTraits (0ms)
		AnalyzeDomain (376ms)
			TypeCache.Refresh (374ms)
				TypeCache.ScanAssembly (345ms)
			BuildScriptInfoCaches (0ms)
			ResolveRequiredComponents (1ms)
	FinalizeReload (1195ms)
		ReleaseScriptCaches (0ms)
		RebuildScriptCaches (0ms)
		SetupLoadedEditorAssemblies (1078ms)
			LogAssemblyErrors (0ms)
			InitializePlatformSupportModulesInManaged (113ms)
			SetLoadedEditorAssemblies (11ms)
			BeforeProcessingInitializeOnLoad (212ms)
			ProcessInitializeOnLoadAttributes (482ms)
			ProcessInitializeOnLoadMethodAttributes (259ms)
			AfterProcessingInitializeOnLoad (0ms)
			EditorAssembliesLoaded (0ms)
		ExecutionOrderSort2 (0ms)
		AwakeInstancesAfterBackupRestoration (0ms)
========================================================================
Worker process is ready to serve import requests
Import Worker Mode flag is 0x00
Begin MonoManager ReloadAssembly
[Licensing::Client] Successfully resolved entitlement details
[Licensing::Module] License group:
  Id: 6037521-UnityPersXXXX
  Product: Unity Personal
  Type: Assigned
  Expiration: Unlimited
- Loaded All Assemblies, in  1.591 seconds
Refreshing native plugins compatible for Editor in 1.45 ms, found 1 plugins.
Native extension for LinuxStandalone target not found
[Package Manager] Failed to launch server process. Reason: Unity was launched with the -noUpm command-line argument
[Package Manager] Unable to send message (not connected to server process).
[Package Manager] Cannot connect to Unity Package Manager local server
ScheduleIndexationOnStartup MainProcess:False IndexOnStartup:True
Mono: successfully reloaded assembly
- Finished resetting the current domain, in  2.552 seconds
Domain Reload Profiling: 4137ms
	BeginReloadAssembly (369ms)
		ExecutionOrderSort (0ms)
		DisableScriptedObjects (15ms)
		BackupInstance (0ms)
		ReleaseScriptingObjects (0ms)
		CreateAndSetChildDomain (86ms)
	RebuildCommonClasses (123ms)
	RebuildNativeTypeToScriptingClass (30ms)
	initialDomainReloadingComplete (114ms)
	LoadAllAssembliesAndSetupDomain (947ms)
		LoadAssemblies (537ms)
		RebuildTransferFunctionScriptingTraits (0ms)
		AnalyzeDomain (557ms)
			TypeCache.Refresh (393ms)
				TypeCache.ScanAssembly (366ms)
			BuildScriptInfoCaches (133ms)
			ResolveRequiredComponents (25ms)
	FinalizeReload (2553ms)
		ReleaseScriptCaches (0ms)
		RebuildScriptCaches (0ms)
		SetupLoadedEditorAssemblies (2142ms)
			LogAssemblyErrors (0ms)
			InitializePlatformSupportModulesInManaged (21ms)
			SetLoadedEditorAssemblies (10ms)
			BeforeProcessingInitializeOnLoad (529ms)
			ProcessInitializeOnLoadAttributes (1246ms)
			ProcessInitializeOnLoadMethodAttributes (324ms)
			AfterProcessingInitializeOnLoad (10ms)
			EditorAssembliesLoaded (1ms)
		ExecutionOrderSort2 (0ms)
		AwakeInstancesAfterBackupRestoration (8ms)
AutoLocale: current locale expects 'C' but got 'en_US.UTF-8'Launched and connected shader compiler UnityShaderCompiler after 0.05 seconds
Refreshing native plugins compatible for Editor in 0.89 ms, found 1 plugins.
Preloading 0 native plugins for Editor in 0.00 ms.
Unloading 16 Unused Serialized files (Serialized files now loaded: 0)
Unloading 6926 unused Assets / (5.3 MB). Loaded Objects now: 7743.
Memory consumption went from 135.6 MB to 130.4 MB.
Total: 23.675165 ms (FindLiveObjects: 0.891171 ms CreateObjectMapping: 1.994666 ms MarkObjects: 14.145503 ms  DeleteObjects: 6.641977 ms)

========================================================================
Received Import Request.
  Time since last request: 16941.905095 seconds.
  path: Assets/src
  artifactKey: Guid(a3d4a05fdebb9bce2a655ebfb3564759) Importer(815301076,1909f56bfc062723c751e8b465ee728b)
Start importing Assets/src using Guid(a3d4a05fdebb9bce2a655ebfb3564759) Importer(815301076,1909f56bfc062723c751e8b465ee728b) (PreviewImporter) -> (artifact id: '6db5d30c9d277d3529c8a904c0823a6a') in 0.017729947 seconds
Number of updated asset objects reloaded before import = 0Number of asset objects unloaded after import = 0

========================================================================
Received Import Request.
  Time since last request: 394.788865 seconds.
  path: Assets/src/enemies
  artifactKey: Guid(0ea20524a1defd8edacccab8404fb118) Importer(815301076,1909f56bfc062723c751e8b465ee728b)
Start importing Assets/src/enemies using Guid(0ea20524a1defd8edacccab8404fb118) Importer(815301076,1909f56bfc062723c751e8b465ee728b) (PreviewImporter) -> (artifact id: '834b670ad6c027e3f8cacb544bca4d3b') in 0.000644114 seconds
Number of updated asset objects reloaded before import = 0Number of asset objects unloaded after import = 0

========================================================================
Received Import Request.
  Time since last request: 2.492801 seconds.
  path: Assets/src/player
  artifactKey: Guid(89598d94efb3458499effb5fca46ed53) Importer(815301076,1909f56bfc062723c751e8b465ee728b)
Start importing Assets/src/player using Guid(89598d94efb3458499effb5fca46ed53) Importer(815301076,1909f56bfc062723c751e8b465ee728b) (PreviewImporter) -> (artifact id: '1974016637d9556b9c1cfd4c41bdde45') in 0.000474491 seconds
Number of updated asset objects reloaded before import = 0Number of asset objects unloaded after import = 0

========================================================================
Received Import Request.
  Time since last request: 2.658702 seconds.
  path: Assets/src/world
  artifactKey: Guid(8a0015160724afbe1a3a6f00998d4723) Importer(815301076,1909f56bfc062723c751e8b465ee728b)
Start importing Assets/src/world using Guid(8a0015160724afbe1a3a6f00998d4723) Importer(815301076,1909f56bfc062723c751e8b465ee728b) (PreviewImporter) -> (artifact id: '20a1cb8552db81ca3b975a4d08c329a1') in 0.000438932 seconds
Number of updated asset objects reloaded before import = 0Number of asset objects unloaded after import = 0

========================================================================
Received Import Request.
  Time since last request: 9.258140 seconds.
  path: Assets/src/world/DoorTrigger.cs
  artifactKey: Guid(53a1c7730aacb7fe6af8617369159fcb) Importer(815301076,1909f56bfc062723c751e8b465ee728b)
Start importing Assets/src/world/DoorTrigger.cs using Guid(53a1c7730aacb7fe6af8617369159fcb) Importer(815301076,1909f56bfc062723c751e8b465ee728b) (PreviewImporter) -> (artifact id: 'dd290022692252a406e784fb707a953d') in 0.000416943 seconds
Number of updated asset objects reloaded before import = 0Number of asset objects unloaded after import = 0

========================================================================
Received Import Request.
  Time since last request: 0.655549 seconds.
  path: Assets/src/world/Room.cs
  artifactKey: Guid(6068dc04c4acd34269292d8e076f0c62) Importer(815301076,1909f56bfc062723c751e8b465ee728b)
Start importing Assets/src/world/Room.cs using Guid(6068dc04c4acd34269292d8e076f0c62) Importer(815301076,1909f56bfc062723c751e8b465ee728b) (PreviewImporter) -> (artifact id: '7eb3f2227432c317ff3cf1d513ec4935') in 0.000395204 seconds
Number of updated asset objects reloaded before import = 0Number of asset objects unloaded after import = 0

========================================================================
Received Import Request.
  Time since last request: 1.071585 seconds.
  path: Assets/src/world/RoomDoor.cs
  artifactKey: Guid(819b11a0cbd74b0ce97088cb9451add9) Importer(815301076,1909f56bfc062723c751e8b465ee728b)
Start importing Assets/src/world/RoomDoor.cs using Guid(819b11a0cbd74b0ce97088cb9451add9) Importer(815301076,1909f56bfc062723c751e8b465ee728b) (PreviewImporter) -> (artifact id: 'c91d43e0774ffad1667a020371c2ddac') in 0.000416717 seconds
Number of updated asset objects reloaded before import = 0Number of asset objects unloaded after import = 0

========================================================================
Received Import Request.
  Time since last request: 42.672074 seconds.
  path: Assets/Prefabs
  artifactKey: Guid(ab6be215b7676396eafea1daca558257) Importer(815301076,1909f56bfc062723c751e8b465ee728b)
Start importing Assets/Prefabs using Guid(ab6be215b7676396eafea1daca558257) Importer(815301076,1909f56bfc062723c751e8b465ee728b) (PreviewImporter) -> (artifact id: 'f7bcf404e87051c3466b3591cfa5599f') in 0.000528573 seconds
Number of updated asset objects reloaded before import = 0Number of asset objects unloaded after import = 0

========================================================================
Received Import Request.
  Time since last request: 1.396810 seconds.
  path: Assets/Prefabs/Obstacles/MovingPlatform.prefab
  artifactKey: Guid(f726c41a73d9203d294f19a7fab07a9b) Importer(815301076,1909f56bfc062723c751e8b465ee728b)
Start importing Assets/Prefabs/Obstacles/MovingPlatform.prefab using Guid(f726c41a73d9203d294f19a7fab07a9b) Importer(815301076,1909f56bfc062723c751e8b465ee728b) (PreviewImporter) -> (artifact id: '73a308e4470b773b37445ed068c3c76e') in 0.587509082 seconds
Number of updated asset objects reloaded before import = 0Number of asset objects unloaded after import = 8

========================================================================
Received Import Request.
  Time since last request: 0.000046 seconds.
  path: Assets/Prefabs/Obstacles/SpikeHazard.prefab
  artifactKey: Guid(15ce5927de333db3bb9bdec3098f5c60) Importer(815301076,1909f56bfc062723c751e8b465ee728b)
Start importing Assets/Prefabs/Obstacles/SpikeHazard.prefab using Guid(15ce5927de333db3bb9bdec3098f5c60) Importer(815301076,1909f56bfc062723c751e8b465ee728b) (PreviewImporter) -> (artifact id: '204615627f9ed084f584ffa3fde9a1e5') in 0.007867974 seconds
Number of updated asset objects reloaded before import = 0Number of asset objects unloaded after import = 7

========================================================================
Received Import Request.
  Time since last request: 35.379315 seconds.
  path: Assets/Prefabs/Room/Room.prefab
  artifactKey: Guid(9afa00de0bc7a553290548602cc64c69) Importer(815301076,1909f56bfc062723c751e8b465ee728b)
Start importing Assets/Prefabs/Room/Room.prefab using Guid(9afa00de0bc7a553290548602cc64c69) Importer(815301076,1909f56bfc062723c751e8b465ee728b) (PreviewImporter) -> (artifact id: '7c7ca7bf74181a6ba753271d04de822b') in 0.006046408 seconds
Number of updated asset objects reloaded before import = 0Number of asset objects unloaded after import = 19

========================================================================
Received Import Request.
  Time since last request: 2853.755975 seconds.
  path: Assets/Scenes/RoomScene.unity
  artifactKey: Guid(9189e075b4a3d97d4948bf4dcf7af13a) Importer(2089858483,b0f066a214c2f5e87bad3c948f4d605d)
Start importing Assets/Scenes/RoomScene.unity using Guid(9189e075b4a3d97d4948bf4dcf7af13a) Importer(2089858483,b0f066a214c2f5e87bad3c948f4d605d) (ScriptedImporter) -> (artifact id: 'c76d3d0a9c82dea3fd2276edd2b4a33b') in 0.69860493 seconds
Number of updated asset objects reloaded before import = 0Number of asset objects unloaded after import = 1

========================================================================
Received Prepare
Begin MonoManager ReloadAssembly
[Licensing::Client] Successfully resolved entitlement details
- Loaded All Assemblies, in  2.943 seconds
Refreshing native plugins compatible for Editor in 0.67 ms, found 1 plugins.
Native extension for LinuxStandalone target not found
[Package Manager] Failed to launch server process. Reason: Unity was launched with the -noUpm command-line argument
[Package Manager] Unable to send message (not connected to server process).
[Package Manager] Cannot connect to Unity Package Manager local server
ScheduleIndexationOnStartup MainProcess:False IndexOnStartup:True
Mono: successfully reloaded assembly
- Finished resetting the current domain, in  1.438 seconds
Domain Reload Profiling: 4397ms
	BeginReloadAssembly (1656ms)
		ExecutionOrderSort (2ms)
		DisableScriptedObjects (198ms)
		BackupInstance (0ms)
		ReleaseScriptingObjects (2ms)
		CreateAndSetChildDomain (819ms)
	RebuildCommonClasses (79ms)
	RebuildNativeTypeToScriptingClass (14ms)
	initialDomainReloadingComplete (56ms)
	LoadAllAssembliesAndSetupDomain (1152ms)
		LoadAssemblies (889ms)
		RebuildTransferFunctionScriptingTraits (0ms)
		AnalyzeDomain (656ms)
			TypeCache.Refresh (37ms)
				TypeCache.ScanAssembly (0ms)
			BuildScriptInfoCaches (546ms)
			ResolveRequiredComponents (18ms)
	FinalizeReload (1439ms)
		ReleaseScriptCaches (0ms)
		RebuildScriptCaches (0ms)
		SetupLoadedEditorAssemblies (1157ms)
			LogAssemblyErrors (0ms)
			InitializePlatformSupportModulesInManaged (17ms)
			SetLoadedEditorAssemblies (7ms)
			BeforeProcessingInitializeOnLoad (236ms)
			ProcessInitializeOnLoadAttributes (749ms)
			ProcessInitializeOnLoadMethodAttributes (141ms)
			AfterProcessingInitializeOnLoad (6ms)
			EditorAssembliesLoaded (1ms)
		ExecutionOrderSort2 (0ms)
		AwakeInstancesAfterBackupRestoration (18ms)
Refreshing native plugins compatible for Editor in 0.67 ms, found 1 plugins.
Preloading 0 native plugins for Editor in 0.00 ms.
Unloading 16 Unused Serialized files (Serialized files now loaded: 0)
Unloading 6926 unused Assets / (5.9 MB). Loaded Objects now: 7777.
Memory consumption went from 138.6 MB to 132.6 MB.
Total: 15.362671 ms (FindLiveObjects: 0.726961 ms CreateObjectMapping: 1.577716 ms MarkObjects: 9.077064 ms  DeleteObjects: 3.979543 ms)

Prepare: number of updated asset objects reloaded= 0
========================================================================
Received Prepare
Begin MonoManager ReloadAssembly
- Loaded All Assemblies, in  0.844 seconds
Refreshing native plugins compatible for Editor in 0.92 ms, found 1 plugins.
Native extension for LinuxStandalone target not found
[Package Manager] Failed to launch server process. Reason: Unity was launched with the -noUpm command-line argument
[Package Manager] Unable to send message (not connected to server process).
[Package Manager] Cannot connect to Unity Package Manager local server
ScheduleIndexationOnStartup MainProcess:False IndexOnStartup:True
Mono: successfully reloaded assembly
- Finished resetting the current domain, in  1.194 seconds
Domain Reload Profiling: 2040ms
	BeginReloadAssembly (226ms)
		ExecutionOrderSort (0ms)
		DisableScriptedObjects (19ms)
		BackupInstance (0ms)
		ReleaseScriptingObjects (0ms)
		CreateAndSetChildDomain (73ms)
	RebuildCommonClasses (50ms)
	RebuildNativeTypeToScriptingClass (13ms)
	initialDomainReloadingComplete (34ms)
	LoadAllAssembliesAndSetupDomain (523ms)
		LoadAssemblies (322ms)
		RebuildTransferFunctionScriptingTraits (0ms)
		AnalyzeDomain (262ms)
			TypeCache.Refresh (9ms)
				TypeCache.ScanAssembly (0ms)
			BuildScriptInfoCaches (233ms)
			ResolveRequiredComponents (14ms)
	FinalizeReload (1195ms)
		ReleaseScriptCaches (0ms)
		RebuildScriptCaches (0ms)
		SetupLoadedEditorAssemblies (986ms)
			LogAssemblyErrors (0ms)
			InitializePlatformSupportModulesInManaged (9ms)
			SetLoadedEditorAssemblies (6ms)
			BeforeProcessingInitializeOnLoad (224ms)
			ProcessInitializeOnLoadAttributes (615ms)
			ProcessInitializeOnLoadMethodAttributes (127ms)
			AfterProcessingInitializeOnLoad (5ms)
			EditorAssembliesLoaded (1ms)
		ExecutionOrderSort2 (0ms)
		AwakeInstancesAfterBackupRestoration (17ms)
Refreshing native plugins compatible for Editor in 0.58 ms, found 1 plugins.
Preloading 0 native plugins for Editor in 0.00 ms.
Unloading 16 Unused Serialized files (Serialized files now loaded: 0)
Unloading 6924 unused Assets / (5.0 MB). Loaded Objects now: 7780.
Memory consumption went from 138.5 MB to 133.5 MB.
Total: 13.997470 ms (FindLiveObjects: 0.717305 ms CreateObjectMapping: 1.414638 ms MarkObjects: 8.483745 ms  DeleteObjects: 3.380519 ms)

Prepare: number of updated asset objects reloaded= 0
========================================================================
Received Prepare
Begin MonoManager ReloadAssembly
[Licensing::Client] Successfully resolved entitlement details
- Loaded All Assemblies, in  0.849 seconds
Refreshing native plugins compatible for Editor in 0.58 ms, found 1 plugins.
Native extension for LinuxStandalone target not found
[Package Manager] Failed to launch server process. Reason: Unity was launched with the -noUpm command-line argument
[Package Manager] Unable to send message (not connected to server process).
[Package Manager] Cannot connect to Unity Package Manager local server
ScheduleIndexationOnStartup MainProcess:False IndexOnStartup:True
Mono: successfully reloaded assembly
- Finished resetting the current domain, in  1.191 seconds
Domain Reload Profiling: 2042ms
	BeginReloadAssembly (230ms)
		ExecutionOrderSort (0ms)
		DisableScriptedObjects (26ms)
		BackupInstance (0ms)
		ReleaseScriptingObjects (0ms)
		CreateAndSetChildDomain (75ms)
	RebuildCommonClasses (51ms)
	RebuildNativeTypeToScriptingClass (14ms)
	initialDomainReloadingComplete (34ms)
	LoadAllAssembliesAndSetupDomain (522ms)
		LoadAssemblies (311ms)
		RebuildTransferFunctionScriptingTraits (0ms)
		AnalyzeDomain (273ms)
			TypeCache.Refresh (10ms)
				TypeCache.ScanAssembly (0ms)
			BuildScriptInfoCaches (243ms)
			ResolveRequiredComponents (15ms)
	FinalizeReload (1191ms)
		ReleaseScriptCaches (0ms)
		RebuildScriptCaches (0ms)
		SetupLoadedEditorAssemblies (984ms)
			LogAssemblyErrors (0ms)
			InitializePlatformSupportModulesInManaged (9ms)
			SetLoadedEditorAssemblies (6ms)
			BeforeProcessingInitializeOnLoad (247ms)
			ProcessInitializeOnLoadAttributes (612ms)
			ProcessInitializeOnLoadMethodAttributes (105ms)
			AfterProcessingInitializeOnLoad (5ms)
			EditorAssembliesLoaded (0ms)
		ExecutionOrderSort2 (0ms)
		AwakeInstancesAfterBackupRestoration (15ms)
Refreshing native plugins compatible for Editor in 0.61 ms, found 1 plugins.
Preloading 0 native plugins for Editor in 0.00 ms.
Unloading 16 Unused Serialized files (Serialized files now loaded: 0)
Unloading 6924 unused Assets / (5.1 MB). Loaded Objects now: 7783.
Memory consumption went from 138.5 MB to 133.5 MB.
Total: 14.376115 ms (FindLiveObjects: 0.692279 ms CreateObjectMapping: 1.272831 ms MarkObjects: 9.501381 ms  DeleteObjects: 2.908537 ms)

Prepare: number of updated asset objects reloaded= 0
========================================================================
Received Prepare
Begin MonoManager ReloadAssembly
- Loaded All Assemblies, in  0.836 seconds
Refreshing native plugins compatible for Editor in 0.55 ms, found 1 plugins.
Native extension for LinuxStandalone target not found
[Package Manager] Failed to launch server process. Reason: Unity was launched with the -noUpm command-line argument
[Package Manager] Unable to send message (not connected to server process).
[Package Manager] Cannot connect to Unity Package Manager local server
ScheduleIndexationOnStartup MainProcess:False IndexOnStartup:True
Mono: successfully reloaded assembly
- Finished resetting the current domain, in  1.210 seconds
Domain Reload Profiling: 2048ms
	BeginReloadAssembly (220ms)
		ExecutionOrderSort (0ms)
		DisableScriptedObjects (21ms)
		BackupInstance (0ms)
		ReleaseScriptingObjects (0ms)
		CreateAndSetChildDomain (76ms)
	RebuildCommonClasses (51ms)
	RebuildNativeTypeToScriptingClass (14ms)
	initialDomainReloadingComplete (33ms)
	LoadAllAssembliesAndSetupDomain (520ms)
		LoadAssemblies (309ms)
		RebuildTransferFunctionScriptingTraits (0ms)
		AnalyzeDomain (270ms)
			TypeCache.Refresh (11ms)
				TypeCache.ScanAssembly (0ms)
			BuildScriptInfoCaches (240ms)
			ResolveRequiredComponents (14ms)
	FinalizeReload (1210ms)
		ReleaseScriptCaches (0ms)
		RebuildScriptCaches (0ms)
		SetupLoadedEditorAssemblies (1006ms)
			LogAssemblyErrors (0ms)
			InitializePlatformSupportModulesInManaged (9ms)
			SetLoadedEditorAssemblies (8ms)
			BeforeProcessingInitializeOnLoad (254ms)
			ProcessInitializeOnLoadAttributes (622ms)
			ProcessInitializeOnLoadMethodAttributes (107ms)
			AfterProcessingInitializeOnLoad (5ms)
			EditorAssembliesLoaded (0ms)
		ExecutionOrderSort2 (0ms)
		AwakeInstancesAfterBackupRestoration (15ms)
Refreshing native plugins compatible for Editor in 0.78 ms, found 1 plugins.
Preloading 0 native plugins for Editor in 0.00 ms.
Unloading 16 Unused Serialized files (Serialized files now loaded: 0)
Unloading 6924 unused Assets / (4.9 MB). Loaded Objects now: 7786.
Memory consumption went from 138.6 MB to 133.6 MB.
Total: 13.984308 ms (FindLiveObjects: 0.746682 ms CreateObjectMapping: 1.488316 ms MarkObjects: 8.634707 ms  DeleteObjects: 3.113284 ms)

Prepare: number of updated asset objects reloaded= 0
========================================================================
Received Import Request.
  Time since last request: 6792.308151 seconds.
  path: Assets/src/player/PlayerController.cs
  artifactKey: Guid(a6f611a2a8a96bd0da70d858a92280a9) Importer(815301076,1909f56bfc062723c751e8b465ee728b)
Start importing Assets/src/player/PlayerController.cs using Guid(a6f611a2a8a96bd0da70d858a92280a9) Importer(815301076,1909f56bfc062723c751e8b465ee728b) (PreviewImporter) -> (artifact id: '00000000000000000000000000000000') in 0.006451278 seconds
Import Error Code:(4)
Message: Build asset version error: assets/src/player/playercontroller.cs in SourceAssetDB has modification time of '2026-01-31T14:23:20Z' while content on disk has modification time of '2026-01-31T17:15:45Z'
  ERROR: Build asset version error: assets/src/player/playercontroller.cs in SourceAssetDB has modification time of '2026-01-31T14:23:20Z' while content on disk has modification time of '2026-01-31T17:15:45Z'
Number of updated asset objects reloaded before import = 0Number of asset objects unloaded after import = 0

========================================================================
Received Import Request.
  Time since last request: 0.000020 seconds.
  path: Assets/src/player/PlayerController.cs
  artifactKey: Guid(a6f611a2a8a96bd0da70d858a92280a9) Importer(815301076,1909f56bfc062723c751e8b465ee728b)
Start importing Assets/src/player/PlayerController.cs using Guid(a6f611a2a8a96bd0da70d858a92280a9) Importer(815301076,1909f56bfc062723c751e8b465ee728b) (PreviewImporter) -> (artifact id: '00000000000000000000000000000000') in 0.000475406 seconds
Import Error Code:(4)
Message: Build asset version error: assets/src/player/playercontroller.cs in SourceAssetDB has modification time of '2026-01-31T14:23:20Z' while content on disk has modification time of '2026-01-31T17:15:45Z'
  ERROR: Build asset version error: assets/src/player/playercontroller.cs in SourceAssetDB has modification time of '2026-01-31T14:23:20Z' while content on disk has modification time of '2026-01-31T17:15:45Z'
Number of updated asset objects reloaded before import = 0Number of asset objects unloaded after import = 0

========================================================================
Received Import Request.
  Time since last request: 4.198310 seconds.
  path: Assets/src/player/PlayerController.cs
  artifactKey: Guid(a6f611a2a8a96bd0da70d858a92280a9) Importer(815301076,1909f56bfc062723c751e8b465ee728b)
Start importing Assets/src/player/PlayerController.cs using Guid(a6f611a2a8a96bd0da70d858a92280a9) Importer(815301076,1909f56bfc062723c751e8b465ee728b) (PreviewImporter) -> (artifact id: '00000000000000000000000000000000') in 0.000722127 seconds
Import Error Code:(4)
Message: Build asset version error: assets/src/player/playercontroller.cs in SourceAssetDB has modification time of '2026-01-31T14:23:20Z' while content on disk has modification time of '2026-01-31T17:15:45Z'
  ERROR: Build asset version error: assets/src/player/playercontroller.cs in SourceAssetDB has modification time of '2026-01-31T14:23:20Z' while content on disk has modification time of '2026-01-31T17:15:45Z'
Number of updated asset objects reloaded before import = 0Number of asset objects unloaded after import = 0

========================================================================
Received Import Request.
  Time since last request: 0.000015 seconds.
  path: Assets/src/player/PlayerController.cs
  artifactKey: Guid(a6f611a2a8a96bd0da70d858a92280a9) Importer(815301076,1909f56bfc062723c751e8b465ee728b)
Start importing Assets/src/player/PlayerController.cs using Guid(a6f611a2a8a96bd0da70d858a92280a9) Importer(815301076,1909f56bfc062723c751e8b465ee728b) (PreviewImporter) -> (artifact id: '00000000000000000000000000000000') in 0.000406187 seconds
Import Error Code:(4)
Message: Build asset version error: assets/src/player/playercontroller.cs in SourceAssetDB has modification time of '2026-01-31T14:23:20Z' while content on disk has modification time of '2026-01-31T17:15:45Z'
  ERROR: Build asset version error: assets/src/player/playercontroller.cs in SourceAssetDB has modification time of '2026-01-31T14:23:20Z' while content on disk has modification time of '2026-01-31T17:15:45Z'
Number of updated asset objects reloaded before import = 0Number of asset objects unloaded after import = 0

========================================================================
Received Import Request.
  Time since last request: 0.000021 seconds.
  path: Assets/src/player/PlayerController.cs
  artifactKey: Guid(a6f611a2a8a96bd0da70d858a92280a9) Importer(815301076,1909f56bfc062723c751e8b465ee728b)
Start importing Assets/src/player/PlayerController.cs using Guid(a6f611a2a8a96bd0da70d858a92280a9) Importer(815301076,1909f56bfc062723c751e8b465ee728b) (PreviewImporter) -> (artifact id: '00000000000000000000000000000000') in 0.000463321 seconds
Import Error Code:(4)
Message: Build asset version error: assets/src/player/playercontroller.cs in SourceAssetDB has modification time of '2026-01-31T14:23:20Z' while content on disk has modification time of '2026-01-31T17:15:45Z'
  ERROR: Build asset version error: assets/src/player/playercontroller.cs in SourceAssetDB has modification time of '2026-01-31T14:23:20Z' while content on disk has modification time of '2026-01-31T17:15:45Z'
Number of updated asset objects reloaded before import = 0Number of asset objects unloaded after import = 0

========================================================================
Received Import Request.
  Time since last request: 0.000023 seconds.
  path: Assets/src/player/PlayerController.cs
  artifactKey: Guid(a6f611a2a8a96bd0da70d858a92280a9) Importer(815301076,1909f56bfc062723c751e8b465ee728b)
Start importing Assets/src/player/PlayerController.cs using Guid(a6f611a2a8a96bd0da70d858a92280a9) Importer(815301076,1909f56bfc062723c751e8b465ee728b) (PreviewImporter) -> (artifact id: '00000000000000000000000000000000') in 0.000595313 seconds
Import Error Code:(4)
Message: Build asset version error: assets/src/player/playercontroller.cs in SourceAssetDB has modification time of '2026-01-31T14:23:20Z' while content on disk has modification time of '2026-01-31T17:15:45Z'
  ERROR: Build asset version error: assets/src/player/playercontroller.cs in SourceAssetDB has modification time of '2026-01-31T14:23:20Z' while content on disk has modification time of '2026-01-31T17:15:45Z'
Number of updated asset objects reloaded before import = 0Number of asset objects unloaded after import = 0

========================================================================
Received Import Request.
  Time since last request: 0.000011 seconds.
  path: Assets/src/player/PlayerController.cs
  artifactKey: Guid(a6f611a2a8a96bd0da70d858a92280a9) Importer(815301076,1909f56bfc062723c751e8b465ee728b)
Start importing Assets/src/player/PlayerController.cs using Guid(a6f611a2a8a96bd0da70d858a92280a9) Importer(815301076,1909f56bfc062723c751e8b465ee728b) (PreviewImporter) -> (artifact id: '00000000000000000000000000000000') in 0.000422463 seconds
Import Error Code:(4)
Message: Build asset version error: assets/src/player/playercontroller.cs in SourceAssetDB has modification time of '2026-01-31T14:23:20Z' while content on disk has modification time of '2026-01-31T17:15:45Z'
  ERROR: Build asset version error: assets/src/player/playercontroller.cs in SourceAssetDB has modification time of '2026-01-31T14:23:20Z' while content on disk has modification time of '2026-01-31T17:15:45Z'
Number of updated asset objects reloaded before import = 0Number of asset objects unloaded after import = 0

========================================================================
Received Import Request.
  Time since last request: 0.000012 seconds.
  path: Assets/src/player/PlayerController.cs
  artifactKey: Guid(a6f611a2a8a96bd0da70d858a92280a9) Importer(815301076,1909f56bfc062723c751e8b465ee728b)
Start importing Assets/src/player/PlayerController.cs using Guid(a6f611a2a8a96bd0da70d858a92280a9) Importer(815301076,1909f56bfc062723c751e8b465ee728b) (PreviewImporter) -> (artifact id: '00000000000000000000000000000000') in 0.000407361 seconds
Import Error Code:(4)
Message: Build asset version error: assets/src/player/playercontroller.cs in SourceAssetDB has modification time of '2026-01-31T14:23:20Z' while content on disk has modification time of '2026-01-31T17:15:45Z'
  ERROR: Build asset version error: assets/src/player/playercontroller.cs in SourceAssetDB has modification time of '2026-01-31T14:23:20Z' while content on disk has modification time of '2026-01-31T17:15:45Z'
Number of updated asset objects reloaded before import = 0Number of asset objects unloaded after import = 0

========================================================================
Received Import Request.
  Time since last request: 0.000012 seconds.
  path: Assets/src/player/PlayerController.cs
  artifactKey: Guid(a6f611a2a8a96bd0da70d858a92280a9) Importer(815301076,1909f56bfc062723c751e8b465ee728b)
Start importing Assets/src/player/PlayerController.cs using Guid(a6f611a2a8a96bd0da70d858a92280a9) Importer(815301076,1909f56bfc062723c751e8b465ee728b) (PreviewImporter) -> (artifact id: '00000000000000000000000000000000') in 0.000485427 seconds
Import Error Code:(4)
Message: Build asset version error: assets/src/player/playercontroller.cs in SourceAssetDB has modification time of '2026-01-31T14:23:20Z' while content on disk has modification time of '2026-01-31T17:15:45Z'
  ERROR: Build asset version error: assets/src/player/playercontroller.cs in SourceAssetDB has modification time of '2026-01-31T14:23:20Z' while content on disk has modification time of '2026-01-31T17:15:45Z'
Number of updated asset objects reloaded before import = 0Number of asset objects unloaded after import = 0

========================================================================
Received Import Request.
  Time since last request: 0.000020 seconds.
  path: Assets/src/player/PlayerController.cs
  artifactKey: Guid(a6f611a2a8a96bd0da70d858a92280a9) Importer(815301076,1909f56bfc062723c751e8b465ee728b)
Start importing Assets/src/player/PlayerController.cs using Guid(a6f611a2a8a96bd0da70d858a92280a9) Importer(815301076,1909f56bfc062723c751e8b465ee728b) (PreviewImporter) -> (artifact id: '00000000000000000000000000000000') in 0.000426787 seconds
Import Error Code:(4)
Message: Build asset version error: assets/src/player/playercontroller.cs in SourceAssetDB has modification time of '2026-01-31T14:23:20Z' while content on disk has modification time of '2026-01-31T17:15:45Z'
  ERROR: Build asset version error: assets/src/player/playercontroller.cs in SourceAssetDB has modification time of '2026-01-31T14:23:20Z' while content on disk has modification time of '2026-01-31T17:15:45Z'
Number of updated asset objects reloaded before import = 0Number of asset objects unloaded after import = 0

========================================================================
Received Import Request.
  Time since last request: 0.003227 seconds.
  path: Assets/src/player/PlayerController.cs
  artifactKey: Guid(a6f611a2a8a96bd0da70d858a92280a9) Importer(815301076,1909f56bfc062723c751e8b465ee728b)
Start importing Assets/src/player/PlayerController.cs using Guid(a6f611a2a8a96bd0da70d858a92280a9) Importer(815301076,1909f56bfc062723c751e8b465ee728b) (PreviewImporter) -> (artifact id: '00000000000000000000000000000000') in 0.000579863 seconds
Import Error Code:(4)
Message: Build asset version error: assets/src/player/playercontroller.cs in SourceAssetDB has modification time of '2026-01-31T14:23:20Z' while content on disk has modification time of '2026-01-31T17:15:45Z'
  ERROR: Build asset version error: assets/src/player/playercontroller.cs in SourceAssetDB has modification time of '2026-01-31T14:23:20Z' while content on disk has modification time of '2026-01-31T17:15:45Z'
Number of updated asset objects reloaded before import = 0Number of asset objects unloaded after import = 0

========================================================================
Received Import Request.
  Time since last request: 0.008832 seconds.
  path: Assets/src/player/PlayerController.cs
  artifactKey: Guid(a6f611a2a8a96bd0da70d858a92280a9) Importer(815301076,1909f56bfc062723c751e8b465ee728b)
Start importing Assets/src/player/PlayerController.cs using Guid(a6f611a2a8a96bd0da70d858a92280a9) Importer(815301076,1909f56bfc062723c751e8b465ee728b) (PreviewImporter) -> (artifact id: '00000000000000000000000000000000') in 0.000669095 seconds
Import Error Code:(4)
Message: Build asset version error: assets/src/player/playercontroller.cs in SourceAssetDB has modification time of '2026-01-31T14:23:20Z' while content on disk has modification time of '2026-01-31T17:15:45Z'
  ERROR: Build asset version error: assets/src/player/playercontroller.cs in SourceAssetDB has modification time of '2026-01-31T14:23:20Z' while content on disk has modification time of '2026-01-31T17:15:45Z'
Number of updated asset objects reloaded before import = 0Number of asset objects unloaded after import = 0

========================================================================
Received Import Request.
  Time since last request: 0.000021 seconds.
  path: Assets/src/player/PlayerController.cs
  artifactKey: Guid(a6f611a2a8a96bd0da70d858a92280a9) Importer(815301076,1909f56bfc062723c751e8b465ee728b)
Start importing Assets/src/player/PlayerController.cs using Guid(a6f611a2a8a96bd0da70d858a92280a9) Importer(815301076,1909f56bfc062723c751e8b465ee728b) (PreviewImporter) -> (artifact id: '00000000000000000000000000000000') in 0.000469628 seconds
Import Error Code:(4)
Message: Build asset version error: assets/src/player/playercontroller.cs in SourceAssetDB has modification time of '2026-01-31T14:23:20Z' while content on disk has modification time of '2026-01-31T17:15:45Z'
  ERROR: Build asset version error: assets/src/player/playercontroller.cs in SourceAssetDB has modification time of '2026-01-31T14:23:20Z' while content on disk has modification time of '2026-01-31T17:15:45Z'
Number of updated asset objects reloaded before import = 0Number of asset objects unloaded after import = 0

========================================================================
Received Import Request.
  Time since last request: 0.000034 seconds.
  path: Assets/src/player/PlayerController.cs
  artifactKey: Guid(a6f611a2a8a96bd0da70d858a92280a9) Importer(815301076,1909f56bfc062723c751e8b465ee728b)
Start importing Assets/src/player/PlayerController.cs using Guid(a6f611a2a8a96bd0da70d858a92280a9) Importer(815301076,1909f56bfc062723c751e8b465ee728b) (PreviewImporter) -> (artifact id: '00000000000000000000000000000000') in 0.000415264 seconds
Import Error Code:(4)
Message: Build asset version error: assets/src/player/playercontroller.cs in SourceAssetDB has modification time of '2026-01-31T14:23:20Z' while content on disk has modification time of '2026-01-31T17:15:45Z'
  ERROR: Build asset version error: assets/src/player/playercontroller.cs in SourceAssetDB has modification time of '2026-01-31T14:23:20Z' while content on disk has modification time of '2026-01-31T17:15:45Z'
Number of updated asset objects reloaded before import = 0Number of asset objects unloaded after import = 0

========================================================================
Received Import Request.
  Time since last request: 0.000022 seconds.
  path: Assets/src/player/PlayerController.cs
  artifactKey: Guid(a6f611a2a8a96bd0da70d858a92280a9) Importer(815301076,1909f56bfc062723c751e8b465ee728b)
Start importing Assets/src/player/PlayerController.cs using Guid(a6f611a2a8a96bd0da70d858a92280a9) Importer(815301076,1909f56bfc062723c751e8b465ee728b) (PreviewImporter) -> (artifact id: '00000000000000000000000000000000') in 0.000426432 seconds
Import Error Code:(4)
Message: Build asset version error: assets/src/player/playercontroller.cs in SourceAssetDB has modification time of '2026-01-31T14:23:20Z' while content on disk has modification time of '2026-01-31T17:15:45Z'
  ERROR: Build asset version error: assets/src/player/playercontroller.cs in SourceAssetDB has modification time of '2026-01-31T14:23:20Z' while content on disk has modification time of '2026-01-31T17:15:45Z'
Number of updated asset objects reloaded before import = 0Number of asset objects unloaded after import = 0

========================================================================
Received Import Request.
  Time since last request: 0.000019 seconds.
  path: Assets/src/player/PlayerController.cs
  artifactKey: Guid(a6f611a2a8a96bd0da70d858a92280a9) Importer(815301076,1909f56bfc062723c751e8b465ee728b)
Start importing Assets/src/player/PlayerController.cs using Guid(a6f611a2a8a96bd0da70d858a92280a9) Importer(815301076,1909f56bfc062723c751e8b465ee728b) (PreviewImporter) -> (artifact id: '00000000000000000000000000000000') in 0.00067229 seconds
Import Error Code:(4)
Message: Build asset version error: assets/src/player/playercontroller.cs in SourceAssetDB has modification time of '2026-01-31T14:23:20Z' while content on disk has modification time of '2026-01-31T17:15:45Z'
  ERROR: Build asset version error: assets/src/player/playercontroller.cs in SourceAssetDB has modification time of '2026-01-31T14:23:20Z' while content on disk has modification time of '2026-01-31T17:15:45Z'
Number of updated asset objects reloaded before import = 0Number of asset objects unloaded after import = 0

========================================================================
Received Import Request.
  Time since last request: 0.001335 seconds.
  path: Assets/src/player/PlayerController.cs
  artifactKey: Guid(a6f611a2a8a96bd0da70d858a92280a9) Importer(815301076,1909f56bfc062723c751e8b465ee728b)
Start importing Assets/src/player/PlayerController.cs using Guid(a6f611a2a8a96bd0da70d858a92280a9) Importer(815301076,1909f56bfc062723c751e8b465ee728b) (PreviewImporter) -> (artifact id: '00000000000000000000000000000000') in 0.000411832 seconds
Import Error Code:(4)
Message: Build asset version error: assets/src/player/playercontroller.cs in SourceAssetDB has modification time of '2026-01-31T14:23:20Z' while content on disk has modification time of '2026-01-31T17:15:45Z'
  ERROR: Build asset version error: assets/src/player/playercontroller.cs in SourceAssetDB has modification time of '2026-01-31T14:23:20Z' while content on disk has modification time of '2026-01-31T17:15:45Z'
Number of updated asset objects reloaded before import = 0Number of asset objects unloaded after import = 0

========================================================================
Received Import Request.
  Time since last request: 0.000013 seconds.
  path: Assets/src/player/PlayerController.cs
  artifactKey: Guid(a6f611a2a8a96bd0da70d858a92280a9) Importer(815301076,1909f56bfc062723c751e8b465ee728b)
Start importing Assets/src/player/PlayerController.cs using Guid(a6f611a2a8a96bd0da70d858a92280a9) Importer(815301076,1909f56bfc062723c751e8b465ee728b) (PreviewImporter) -> (artifact id: '00000000000000000000000000000000') in 0.000531886 seconds
Import Error Code:(4)
Message: Build asset version error: assets/src/player/playercontroller.cs in SourceAssetDB has modification time of '2026-01-31T14:23:20Z' while content on disk has modification time of '2026-01-31T17:15:45Z'
  ERROR: Build asset version error: assets/src/player/playercontroller.cs in SourceAssetDB has modification time of '2026-01-31T14:23:20Z' while content on disk has modification time of '2026-01-31T17:15:45Z'
Number of updated asset objects reloaded before import = 0Number of asset objects unloaded after import = 0

========================================================================
Received Import Request.
  Time since last request: 0.000016 seconds.
  path: Assets/src/player/PlayerController.cs
  artifactKey: Guid(a6f611a2a8a96bd0da70d858a92280a9) Importer(815301076,1909f56bfc062723c751e8b465ee728b)
Start importing Assets/src/player/PlayerController.cs using Guid(a6f611a2a8a96bd0da70d858a92280a9) Importer(815301076,1909f56bfc062723c751e8b465ee728b) (PreviewImporter) -> (artifact id: '00000000000000000000000000000000') in 0.000384237 seconds
Import Error Code:(4)
Message: Build asset version error: assets/src/player/playercontroller.cs in SourceAssetDB has modification time of '2026-01-31T14:23:20Z' while content on disk has modification time of '2026-01-31T17:15:45Z'
  ERROR: Build asset version error: assets/src/player/playercontroller.cs in SourceAssetDB has modification time of '2026-01-31T14:23:20Z' while content on disk has modification time of '2026-01-31T17:15:45Z'
Number of updated asset objects reloaded before import = 0Number of asset objects unloaded after import = 0

========================================================================
Received Import Request.
  Time since last request: 0.004380 seconds.
  path: Assets/src/player/PlayerController.cs
  artifactKey: Guid(a6f611a2a8a96bd0da70d858a92280a9) Importer(815301076,1909f56bfc062723c751e8b465ee728b)
Start importing Assets/src/player/PlayerController.cs using Guid(a6f611a2a8a96bd0da70d858a92280a9) Importer(815301076,1909f56bfc062723c751e8b465ee728b) (PreviewImporter) -> (artifact id: '00000000000000000000000000000000') in 0.000775974 seconds
Import Error Code:(4)
Message: Build asset version error: assets/src/player/playercontroller.cs in SourceAssetDB has modification time of '2026-01-31T14:23:20Z' while content on disk has modification time of '2026-01-31T17:15:45Z'
  ERROR: Build asset version error: assets/src/player/playercontroller.cs in SourceAssetDB has modification time of '2026-01-31T14:23:20Z' while content on disk has modification time of '2026-01-31T17:15:45Z'
Number of updated asset objects reloaded before import = 0Number of asset objects unloaded after import = 0

========================================================================
Received Import Request.
  Time since last request: 0.000012 seconds.
  path: Assets/src/player/PlayerController.cs
  artifactKey: Guid(a6f611a2a8a96bd0da70d858a92280a9) Importer(815301076,1909f56bfc062723c751e8b465ee728b)
Start importing Assets/src/player/PlayerController.cs using Guid(a6f611a2a8a96bd0da70d858a92280a9) Importer(815301076,1909f56bfc062723c751e8b465ee728b) (PreviewImporter) -> (artifact id: '00000000000000000000000000000000') in 0.000410696 seconds
Import Error Code:(4)
Message: Build asset version error: assets/src/player/playercontroller.cs in SourceAssetDB has modification time of '2026-01-31T14:23:20Z' while content on disk has modification time of '2026-01-31T17:15:45Z'
  ERROR: Build asset version error: assets/src/player/playercontroller.cs in SourceAssetDB has modification time of '2026-01-31T14:23:20Z' while content on disk has modification time of '2026-01-31T17:15:45Z'
Number of updated asset objects reloaded before import = 0Number of asset objects unloaded after import = 0

========================================================================
Received Import Request.
  Time since last request: 0.000014 seconds.
  path: Assets/Scenes/RoomScene.unity
  artifactKey: Guid(9189e075b4a3d97d4948bf4dcf7af13a) Importer(2089858483,b0f066a214c2f5e87bad3c948f4d605d)
Start importing Assets/Scenes/RoomScene.unity using Guid(9189e075b4a3d97d4948bf4dcf7af13a) Importer(2089858483,b0f066a214c2f5e87bad3c948f4d605d) (ScriptedImporter) -> (artifact id: '76b16c7a73df5bbf61a82c7dedc97eb7') in 0.06514299 seconds
Number of updated asset objects reloaded before import = 0Number of asset objects unloaded after import = 1

========================================================================
Received Import Request.
  Time since last request: 0.009578 seconds.
  path: Assets/src/player/PlayerController.cs
  artifactKey: Guid(a6f611a2a8a96bd0da70d858a92280a9) Importer(815301076,1909f56bfc062723c751e8b465ee728b)
Start importing Assets/src/player/PlayerController.cs using Guid(a6f611a2a8a96bd0da70d858a92280a9) Importer(815301076,1909f56bfc062723c751e8b465ee728b) (PreviewImporter) -> (artifact id: '00000000000000000000000000000000') in 0.000487817 seconds
Import Error Code:(4)
Message: Build asset version error: assets/src/player/playercontroller.cs in SourceAssetDB has modification time of '2026-01-31T14:23:20Z' while content on disk has modification time of '2026-01-31T17:15:45Z'
  ERROR: Build asset version error: assets/src/player/playercontroller.cs in SourceAssetDB has modification time of '2026-01-31T14:23:20Z' while content on disk has modification time of '2026-01-31T17:15:45Z'
Number of updated asset objects reloaded before import = 0Number of asset objects unloaded after import = 0

========================================================================
Received Import Request.
  Time since last request: 0.000014 seconds.
  path: Assets/src/player/PlayerController.cs
  artifactKey: Guid(a6f611a2a8a96bd0da70d858a92280a9) Importer(815301076,1909f56bfc062723c751e8b465ee728b)
Start importing Assets/src/player/PlayerController.cs using Guid(a6f611a2a8a96bd0da70d858a92280a9) Importer(815301076,1909f56bfc062723c751e8b465ee728b) (PreviewImporter) -> (artifact id: '00000000000000000000000000000000') in 0.000468418 seconds
Import Error Code:(4)
Message: Build asset version error: assets/src/player/playercontroller.cs in SourceAssetDB has modification time of '2026-01-31T14:23:20Z' while content on disk has modification time of '2026-01-31T17:15:45Z'
  ERROR: Build asset version error: assets/src/player/playercontroller.cs in SourceAssetDB has modification time of '2026-01-31T14:23:20Z' while content on disk has modification time of '2026-01-31T17:15:45Z'
Number of updated asset objects reloaded before import = 0Number of asset objects unloaded after import = 0

========================================================================
Received Import Request.
  Time since last request: 0.000015 seconds.
  path: Assets/src/player/PlayerController.cs
  artifactKey: Guid(a6f611a2a8a96bd0da70d858a92280a9) Importer(815301076,1909f56bfc062723c751e8b465ee728b)
Start importing Assets/src/player/PlayerController.cs using Guid(a6f611a2a8a96bd0da70d858a92280a9) Importer(815301076,1909f56bfc062723c751e8b465ee728b) (PreviewImporter) -> (artifact id: '00000000000000000000000000000000') in 0.000507982 seconds
Import Error Code:(4)
Message: Build asset version error: assets/src/player/playercontroller.cs in SourceAssetDB has modification time of '2026-01-31T14:23:20Z' while content on disk has modification time of '2026-01-31T17:15:45Z'
  ERROR: Build asset version error: assets/src/player/playercontroller.cs in SourceAssetDB has modification time of '2026-01-31T14:23:20Z' while content on disk has modification time of '2026-01-31T17:15:45Z'
Number of updated asset objects reloaded before import = 0Number of asset objects unloaded after import = 0

========================================================================
Received Import Request.
  Time since last request: 0.000665 seconds.
  path: Assets/src/player/PlayerController.cs
  artifactKey: Guid(a6f611a2a8a96bd0da70d858a92280a9) Importer(815301076,1909f56bfc062723c751e8b465ee728b)
Start importing Assets/src/player/PlayerController.cs using Guid(a6f611a2a8a96bd0da70d858a92280a9) Importer(815301076,1909f56bfc062723c751e8b465ee728b) (PreviewImporter) -> (artifact id: '00000000000000000000000000000000') in 0.000499916 seconds
Import Error Code:(4)
Message: Build asset version error: assets/src/player/playercontroller.cs in SourceAssetDB has modification time of '2026-01-31T14:23:20Z' while content on disk has modification time of '2026-01-31T17:15:45Z'
  ERROR: Build asset version error: assets/src/player/playercontroller.cs in SourceAssetDB has modification time of '2026-01-31T14:23:20Z' while content on disk has modification time of '2026-01-31T17:15:45Z'
Number of updated asset objects reloaded before import = 0Number of asset objects unloaded after import = 0

========================================================================
Received Import Request.
  Time since last request: 0.000012 seconds.
  path: Assets/src/player/PlayerController.cs
  artifactKey: Guid(a6f611a2a8a96bd0da70d858a92280a9) Importer(815301076,1909f56bfc062723c751e8b465ee728b)
Start importing Assets/src/player/PlayerController.cs using Guid(a6f611a2a8a96bd0da70d858a92280a9) Importer(815301076,1909f56bfc062723c751e8b465ee728b) (PreviewImporter) -> (artifact id: '00000000000000000000000000000000') in 0.000471028 seconds
Import Error Code:(4)
Message: Build asset version error: assets/src/player/playercontroller.cs in SourceAssetDB has modification time of '2026-01-31T14:23:20Z' while content on disk has modification time of '2026-01-31T17:15:45Z'
  ERROR: Build asset version error: assets/src/player/playercontroller.cs in SourceAssetDB has modification time of '2026-01-31T14:23:20Z' while content on disk has modification time of '2026-01-31T17:15:45Z'
Number of updated asset objects reloaded before import = 0Number of asset objects unloaded after import = 0

========================================================================
Received Import Request.
  Time since last request: 0.000017 seconds.
  path: Assets/src/player/PlayerController.cs
  artifactKey: Guid(a6f611a2a8a96bd0da70d858a92280a9) Importer(815301076,1909f56bfc062723c751e8b465ee728b)
Start importing Assets/src/player/PlayerController.cs using Guid(a6f611a2a8a96bd0da70d858a92280a9) Importer(815301076,1909f56bfc062723c751e8b465ee728b) (PreviewImporter) -> (artifact id: '00000000000000000000000000000000') in 0.00041627 seconds
Import Error Code:(4)
Message: Build asset version error: assets/src/player/playercontroller.cs in SourceAssetDB has modification time of '2026-01-31T14:23:20Z' while content on disk has modification time of '2026-01-31T17:15:45Z'
  ERROR: Build asset version error: assets/src/player/playercontroller.cs in SourceAssetDB has modification time of '2026-01-31T14:23:20Z' while content on disk has modification time of '2026-01-31T17:15:45Z'
Number of updated asset objects reloaded before import = 0Number of asset objects unloaded after import = 0

========================================================================
Received Import Request.
  Time since last request: 0.003927 seconds.
  path: Assets/src/player/PlayerController.cs
  artifactKey: Guid(a6f611a2a8a96bd0da70d858a92280a9) Importer(815301076,1909f56bfc062723c751e8b465ee728b)
Start importing Assets/src/player/PlayerController.cs using Guid(a6f611a2a8a96bd0da70d858a92280a9) Importer(815301076,1909f56bfc062723c751e8b465ee728b) (PreviewImporter) -> (artifact id: '00000000000000000000000000000000') in 0.000602815 seconds
Import Error Code:(4)
Message: Build asset version error: assets/src/player/playercontroller.cs in SourceAssetDB has modification time of '2026-01-31T14:23:20Z' while content on disk has modification time of '2026-01-31T17:15:45Z'
  ERROR: Build asset version error: assets/src/player/playercontroller.cs in SourceAssetDB has modification time of '2026-01-31T14:23:20Z' while content on disk has modification time of '2026-01-31T17:15:45Z'
Number of updated asset objects reloaded before import = 0Number of asset objects unloaded after import = 0

========================================================================
Received Import Request.
  Time since last request: 0.002666 seconds.
  path: Assets/src/player/PlayerController.cs
  artifactKey: Guid(a6f611a2a8a96bd0da70d858a92280a9) Importer(815301076,1909f56bfc062723c751e8b465ee728b)
Start importing Assets/src/player/PlayerController.cs using Guid(a6f611a2a8a96bd0da70d858a92280a9) Importer(815301076,1909f56bfc062723c751e8b465ee728b) (PreviewImporter) -> (artifact id: '00000000000000000000000000000000') in 0.00045407 seconds
Import Error Code:(4)
Message: Build asset version error: assets/src/player/playercontroller.cs in SourceAssetDB has modification time of '2026-01-31T14:23:20Z' while content on disk has modification time of '2026-01-31T17:15:45Z'
  ERROR: Build asset version error: assets/src/player/playercontroller.cs in SourceAssetDB has modification time of '2026-01-31T14:23:20Z' while content on disk has modification time of '2026-01-31T17:15:45Z'
Number of updated asset objects reloaded before import = 0Number of asset objects unloaded after import = 0

========================================================================
Received Import Request.
  Time since last request: 0.000012 seconds.
  path: Assets/src/player/PlayerController.cs
  artifactKey: Guid(a6f611a2a8a96bd0da70d858a92280a9) Importer(815301076,1909f56bfc062723c751e8b465ee728b)
Start importing Assets/src/player/PlayerController.cs using Guid(a6f611a2a8a96bd0da70d858a92280a9) Importer(815301076,1909f56bfc062723c751e8b465ee728b) (PreviewImporter) -> (artifact id: '00000000000000000000000000000000') in 0.000536617 seconds
Import Error Code:(4)
Message: Build asset version error: assets/src/player/playercontroller.cs in SourceAssetDB has modification time of '2026-01-31T14:23:20Z' while content on disk has modification time of '2026-01-31T17:15:45Z'
  ERROR: Build asset version error: assets/src/player/playercontroller.cs in SourceAssetDB has modification time of '2026-01-31T14:23:20Z' while content on disk has modification time of '2026-01-31T17:15:45Z'
Number of updated asset objects reloaded before import = 0Number of asset objects unloaded after import = 0

========================================================================
Received Import Request.
  Time since last request: 0.000011 seconds.
  path: Assets/src/player/PlayerController.cs
  artifactKey: Guid(a6f611a2a8a96bd0da70d858a92280a9) Importer(815301076,1909f56bfc062723c751e8b465ee728b)
Start importing Assets/src/player/PlayerController.cs using Guid(a6f611a2a8a96bd0da70d858a92280a9) Importer(815301076,1909f56bfc062723c751e8b465ee728b) (PreviewImporter) -> (artifact id: '00000000000000000000000000000000') in 0.000435771 seconds
Import Error Code:(4)
Message: Build asset version error: assets/src/player/playercontroller.cs in SourceAssetDB has modification time of '2026-01-31T14:23:20Z' while content on disk has modification time of '2026-01-31T17:15:45Z'
  ERROR: Build asset version error: assets/src/player/playercontroller.cs in SourceAssetDB has modification time of '2026-01-31T14:23:20Z' while content on disk has modification time of '2026-01-31T17:15:45Z'
Number of updated asset objects reloaded before import = 0Number of asset objects unloaded after import = 0

========================================================================
Received Import Request.
  Time since last request: 0.000013 seconds.
  path: Assets/src/player/PlayerController.cs
  artifactKey: Guid(a6f611a2a8a96bd0da70d858a92280a9) Importer(815301076,1909f56bfc062723c751e8b465ee728b)
Start importing Assets/src/player/PlayerController.cs using Guid(a6f611a2a8a96bd0da70d858a92280a9) Importer(815301076,1909f56bfc062723c751e8b465ee728b) (PreviewImporter) -> (artifact id: '00000000000000000000000000000000') in 0.000421262 seconds
Import Error Code:(4)
Message: Build asset version error: assets/src/player/playercontroller.cs in SourceAssetDB has modification time of '2026-01-31T14:23:20Z' while content on disk has modification time of '2026-01-31T17:15:45Z'
  ERROR: Build asset version error: assets/src/player/playercontroller.cs in SourceAssetDB has modification time of '2026-01-31T14:23:20Z' while content on disk has modification time of '2026-01-31T17:15:45Z'
Number of updated asset objects reloaded before import = 0Number of asset objects unloaded after import = 0

========================================================================
Received Import Request.
  Time since last request: 0.000014 seconds.
  path: Assets/src/player/PlayerController.cs
  artifactKey: Guid(a6f611a2a8a96bd0da70d858a92280a9) Importer(815301076,1909f56bfc062723c751e8b465ee728b)
Start importing Assets/src/player/PlayerController.cs using Guid(a6f611a2a8a96bd0da70d858a92280a9) Importer(815301076,1909f56bfc062723c751e8b465ee728b) (PreviewImporter) -> (artifact id: '00000000000000000000000000000000') in 0.000796882 seconds
Import Error Code:(4)
Message: Build asset version error: assets/src/player/playercontroller.cs in SourceAssetDB has modification time of '2026-01-31T14:23:20Z' while content on disk has modification time of '2026-01-31T17:15:45Z'
  ERROR: Build asset version error: assets/src/player/playercontroller.cs in SourceAssetDB has modification time of '2026-01-31T14:23:20Z' while content on disk has modification time of '2026-01-31T17:15:45Z'
Number of updated asset objects reloaded before import = 0Number of asset objects unloaded after import = 0

========================================================================
Received Import Request.
  Time since last request: 0.000691 seconds.
  path: Assets/src/player/PlayerController.cs
  artifactKey: Guid(a6f611a2a8a96bd0da70d858a92280a9) Importer(815301076,1909f56bfc062723c751e8b465ee728b)
Start importing Assets/src/player/PlayerController.cs using Guid(a6f611a2a8a96bd0da70d858a92280a9) Importer(815301076,1909f56bfc062723c751e8b465ee728b) (PreviewImporter) -> (artifact id: '00000000000000000000000000000000') in 0.000420888 seconds
Import Error Code:(4)
Message: Build asset version error: assets/src/player/playercontroller.cs in SourceAssetDB has modification time of '2026-01-31T14:23:20Z' while content on disk has modification time of '2026-01-31T17:15:45Z'
  ERROR: Build asset version error: assets/src/player/playercontroller.cs in SourceAssetDB has modification time of '2026-01-31T14:23:20Z' while content on disk has modification time of '2026-01-31T17:15:45Z'
Number of updated asset objects reloaded before import = 0Number of asset objects unloaded after import = 0

========================================================================
Received Import Request.
  Time since last request: 0.000012 seconds.
  path: Assets/src/player/PlayerController.cs
  artifactKey: Guid(a6f611a2a8a96bd0da70d858a92280a9) Importer(815301076,1909f56bfc062723c751e8b465ee728b)
Start importing Assets/src/player/PlayerController.cs using Guid(a6f611a2a8a96bd0da70d858a92280a9) Importer(815301076,1909f56bfc062723c751e8b465ee728b) (PreviewImporter) -> (artifact id: '00000000000000000000000000000000') in 0.000432483 seconds
Import Error Code:(4)
Message: Build asset version error: assets/src/player/playercontroller.cs in SourceAssetDB has modification time of '2026-01-31T14:23:20Z' while content on disk has modification time of '2026-01-31T17:15:45Z'
  ERROR: Build asset version error: assets/src/player/playercontroller.cs in SourceAssetDB has modification time of '2026-01-31T14:23:20Z' while content on disk has modification time of '2026-01-31T17:15:45Z'
Number of updated asset objects reloaded before import = 0Number of asset objects unloaded after import = 0

========================================================================
Received Import Request.
  Time since last request: 0.000070 seconds.
  path: Assets/src/player/PlayerController.cs
  artifactKey: Guid(a6f611a2a8a96bd0da70d858a92280a9) Importer(815301076,1909f56bfc062723c751e8b465ee728b)
Start importing Assets/src/player/PlayerController.cs using Guid(a6f611a2a8a96bd0da70d858a92280a9) Importer(815301076,1909f56bfc062723c751e8b465ee728b) (PreviewImporter) -> (artifact id: '00000000000000000000000000000000') in 0.000394357 seconds
Import Error Code:(4)
Message: Build asset version error: assets/src/player/playercontroller.cs in SourceAssetDB has modification time of '2026-01-31T14:23:20Z' while content on disk has modification time of '2026-01-31T17:15:45Z'
  ERROR: Build asset version error: assets/src/player/playercontroller.cs in SourceAssetDB has modification time of '2026-01-31T14:23:20Z' while content on disk has modification time of '2026-01-31T17:15:45Z'
Number of updated asset objects reloaded before import = 0Number of asset objects unloaded after import = 0

========================================================================
Received Import Request.
  Time since last request: 0.038444 seconds.
  path: Assets/src/player/PlayerController.cs
  artifactKey: Guid(a6f611a2a8a96bd0da70d858a92280a9) Importer(815301076,1909f56bfc062723c751e8b465ee728b)
Start importing Assets/src/player/PlayerController.cs using Guid(a6f611a2a8a96bd0da70d858a92280a9) Importer(815301076,1909f56bfc062723c751e8b465ee728b) (PreviewImporter) -> (artifact id: '00000000000000000000000000000000') in 0.00058852 seconds
Import Error Code:(4)
Message: Build asset version error: assets/src/player/playercontroller.cs in SourceAssetDB has modification time of '2026-01-31T14:23:20Z' while content on disk has modification time of '2026-01-31T17:15:45Z'
  ERROR: Build asset version error: assets/src/player/playercontroller.cs in SourceAssetDB has modification time of '2026-01-31T14:23:20Z' while content on disk has modification time of '2026-01-31T17:15:45Z'
Number of updated asset objects reloaded before import = 0Number of asset objects unloaded after import = 0

========================================================================
Received Import Request.
  Time since last request: 0.113720 seconds.
  path: Assets/src/player/PlayerController.cs
  artifactKey: Guid(a6f611a2a8a96bd0da70d858a92280a9) Importer(815301076,1909f56bfc062723c751e8b465ee728b)
Start importing Assets/src/player/PlayerController.cs using Guid(a6f611a2a8a96bd0da70d858a92280a9) Importer(815301076,1909f56bfc062723c751e8b465ee728b) (PreviewImporter) -> (artifact id: '00000000000000000000000000000000') in 0.000452999 seconds
Import Error Code:(4)
Message: Build asset version error: assets/src/player/playercontroller.cs in SourceAssetDB has modification time of '2026-01-31T14:23:20Z' while content on disk has modification time of '2026-01-31T17:15:45Z'
  ERROR: Build asset version error: assets/src/player/playercontroller.cs in SourceAssetDB has modification time of '2026-01-31T14:23:20Z' while content on disk has modification time of '2026-01-31T17:15:45Z'
Number of updated asset objects reloaded before import = 0Number of asset objects unloaded after import = 0

========================================================================
Received Import Request.
  Time since last request: 0.001222 seconds.
  path: Assets/src/player/PlayerController.cs
  artifactKey: Guid(a6f611a2a8a96bd0da70d858a92280a9) Importer(815301076,1909f56bfc062723c751e8b465ee728b)
Start importing Assets/src/player/PlayerController.cs using Guid(a6f611a2a8a96bd0da70d858a92280a9) Importer(815301076,1909f56bfc062723c751e8b465ee728b) (PreviewImporter) -> (artifact id: '00000000000000000000000000000000') in 0.000414631 seconds
Import Error Code:(4)
Message: Build asset version error: assets/src/player/playercontroller.cs in SourceAssetDB has modification time of '2026-01-31T14:23:20Z' while content on disk has modification time of '2026-01-31T17:15:45Z'
  ERROR: Build asset version error: assets/src/player/playercontroller.cs in SourceAssetDB has modification time of '2026-01-31T14:23:20Z' while content on disk has modification time of '2026-01-31T17:15:45Z'
Number of updated asset objects reloaded before import = 0Number of asset objects unloaded after import = 0

========================================================================
Received Import Request.
  Time since last request: 0.000010 seconds.
  path: Assets/src/player/PlayerController.cs
  artifactKey: Guid(a6f611a2a8a96bd0da70d858a92280a9) Importer(815301076,1909f56bfc062723c751e8b465ee728b)
Start importing Assets/src/player/PlayerController.cs using Guid(a6f611a2a8a96bd0da70d858a92280a9) Importer(815301076,1909f56bfc062723c751e8b465ee728b) (PreviewImporter) -> (artifact id: '00000000000000000000000000000000') in 0.000485051 seconds
Import Error Code:(4)
Message: Build asset version error: assets/src/player/playercontroller.cs in SourceAssetDB has modification time of '2026-01-31T14:23:20Z' while content on disk has modification time of '2026-01-31T17:15:45Z'
  ERROR: Build asset version error: assets/src/player/playercontroller.cs in SourceAssetDB has modification time of '2026-01-31T14:23:20Z' while content on disk has modification time of '2026-01-31T17:15:45Z'
Number of updated asset objects reloaded before import = 0Number of asset objects unloaded after import = 0

========================================================================
Received Import Request.
  Time since last request: 0.000026 seconds.
  path: Assets/src/player/PlayerController.cs
  artifactKey: Guid(a6f611a2a8a96bd0da70d858a92280a9) Importer(815301076,1909f56bfc062723c751e8b465ee728b)
Start importing Assets/src/player/PlayerController.cs using Guid(a6f611a2a8a96bd0da70d858a92280a9) Importer(815301076,1909f56bfc062723c751e8b465ee728b) (PreviewImporter) -> (artifact id: '00000000000000000000000000000000') in 0.000444977 seconds
Import Error Code:(4)
Message: Build asset version error: assets/src/player/playercontroller.cs in SourceAssetDB has modification time of '2026-01-31T14:23:20Z' while content on disk has modification time of '2026-01-31T17:15:45Z'
  ERROR: Build asset version error: assets/src/player/playercontroller.cs in SourceAssetDB has modification time of '2026-01-31T14:23:20Z' while content on disk has modification time of '2026-01-31T17:15:45Z'
Number of updated asset objects reloaded before import = 0Number of asset objects unloaded after import = 0

========================================================================
Received Import Request.
  Time since last request: 0.000017 seconds.
  path: Assets/src/player/PlayerController.cs
  artifactKey: Guid(a6f611a2a8a96bd0da70d858a92280a9) Importer(815301076,1909f56bfc062723c751e8b465ee728b)
Start importing Assets/src/player/PlayerController.cs using Guid(a6f611a2a8a96bd0da70d858a92280a9) Importer(815301076,1909f56bfc062723c751e8b465ee728b) (PreviewImporter) -> (artifact id: '00000000000000000000000000000000') in 0.00053959 seconds
Import Error Code:(4)
Message: Build asset version error: assets/src/player/playercontroller.cs in SourceAssetDB has modification time of '2026-01-31T14:23:20Z' while content on disk has modification time of '2026-01-31T17:15:45Z'
  ERROR: Build asset version error: assets/src/player/playercontroller.cs in SourceAssetDB has modification time of '2026-01-31T14:23:20Z' while content on disk has modification time of '2026-01-31T17:15:45Z'
Number of updated asset objects reloaded before import = 0Number of asset objects unloaded after import = 0

========================================================================
Received Import Request.
  Time since last request: 0.000012 seconds.
  path: Assets/src/player/PlayerController.cs
  artifactKey: Guid(a6f611a2a8a96bd0da70d858a92280a9) Importer(815301076,1909f56bfc062723c751e8b465ee728b)
Start importing Assets/src/player/PlayerController.cs using Guid(a6f611a2a8a96bd0da70d858a92280a9) Importer(815301076,1909f56bfc062723c751e8b465ee728b) (PreviewImporter) -> (artifact id: '00000000000000000000000000000000') in 0.000463289 seconds
Import Error Code:(4)
Message: Build asset version error: assets/src/player/playercontroller.cs in SourceAssetDB has modification time of '2026-01-31T14:23:20Z' while content on disk has modification time of '2026-01-31T17:15:45Z'
  ERROR: Build asset version error: assets/src/player/playercontroller.cs in SourceAssetDB has modification time of '2026-01-31T14:23:20Z' while content on disk has modification time of '2026-01-31T17:15:45Z'
Number of updated asset objects reloaded before import = 0Number of asset objects unloaded after import = 0

========================================================================
Received Import Request.
  Time since last request: 0.000012 seconds.
  path: Assets/src/player/PlayerController.cs
  artifactKey: Guid(a6f611a2a8a96bd0da70d858a92280a9) Importer(815301076,1909f56bfc062723c751e8b465ee728b)
Start importing Assets/src/player/PlayerController.cs using Guid(a6f611a2a8a96bd0da70d858a92280a9) Importer(815301076,1909f56bfc062723c751e8b465ee728b) (PreviewImporter) -> (artifact id: '00000000000000000000000000000000') in 0.001101901 seconds
Import Error Code:(4)
Message: Build asset version error: assets/src/player/playercontroller.cs in SourceAssetDB has modification time of '2026-01-31T14:23:20Z' while content on disk has modification time of '2026-01-31T17:15:45Z'
  ERROR: Build asset version error: assets/src/player/playercontroller.cs in SourceAssetDB has modification time of '2026-01-31T14:23:20Z' while content on disk has modification time of '2026-01-31T17:15:45Z'
Number of updated asset objects reloaded before import = 0Number of asset objects unloaded after import = 0

========================================================================
Received Import Request.
  Time since last request: 0.000015 seconds.
  path: Assets/src/player/PlayerController.cs
  artifactKey: Guid(a6f611a2a8a96bd0da70d858a92280a9) Importer(815301076,1909f56bfc062723c751e8b465ee728b)
Start importing Assets/src/player/PlayerController.cs using Guid(a6f611a2a8a96bd0da70d858a92280a9) Importer(815301076,1909f56bfc062723c751e8b465ee728b) (PreviewImporter) -> (artifact id: '00000000000000000000000000000000') in 0.000416564 seconds
Import Error Code:(4)
Message: Build asset version error: assets/src/player/playercontroller.cs in SourceAssetDB has modification time of '2026-01-31T14:23:20Z' while content on disk has modification time of '2026-01-31T17:15:45Z'
  ERROR: Build asset version error: assets/src/player/playercontroller.cs in SourceAssetDB has modification time of '2026-01-31T14:23:20Z' while content on disk has modification time of '2026-01-31T17:15:45Z'
Number of updated asset objects reloaded before import = 0Number of asset objects unloaded after import = 0

========================================================================
Received Import Request.
  Time since last request: 0.004346 seconds.
  path: Assets/src/player/PlayerController.cs
  artifactKey: Guid(a6f611a2a8a96bd0da70d858a92280a9) Importer(815301076,1909f56bfc062723c751e8b465ee728b)
Start importing Assets/src/player/PlayerController.cs using Guid(a6f611a2a8a96bd0da70d858a92280a9) Importer(815301076,1909f56bfc062723c751e8b465ee728b) (PreviewImporter) -> (artifact id: '00000000000000000000000000000000') in 0.000438955 seconds
Import Error Code:(4)
Message: Build asset version error: assets/src/player/playercontroller.cs in SourceAssetDB has modification time of '2026-01-31T14:23:20Z' while content on disk has modification time of '2026-01-31T17:15:45Z'
  ERROR: Build asset version error: assets/src/player/playercontroller.cs in SourceAssetDB has modification time of '2026-01-31T14:23:20Z' while content on disk has modification time of '2026-01-31T17:15:45Z'
Number of updated asset objects reloaded before import = 0Number of asset objects unloaded after import = 0

========================================================================
Received Import Request.
  Time since last request: 0.000019 seconds.
  path: Assets/src/player/PlayerController.cs
  artifactKey: Guid(a6f611a2a8a96bd0da70d858a92280a9) Importer(815301076,1909f56bfc062723c751e8b465ee728b)
Start importing Assets/src/player/PlayerController.cs using Guid(a6f611a2a8a96bd0da70d858a92280a9) Importer(815301076,1909f56bfc062723c751e8b465ee728b) (PreviewImporter) -> (artifact id: '00000000000000000000000000000000') in 0.000476651 seconds
Import Error Code:(4)
Message: Build asset version error: assets/src/player/playercontroller.cs in SourceAssetDB has modification time of '2026-01-31T14:23:20Z' while content on disk has modification time of '2026-01-31T17:15:45Z'
  ERROR: Build asset version error: assets/src/player/playercontroller.cs in SourceAssetDB has modification time of '2026-01-31T14:23:20Z' while content on disk has modification time of '2026-01-31T17:15:45Z'
Number of updated asset objects reloaded before import = 0Number of asset objects unloaded after import = 0

========================================================================
Received Import Request.
  Time since last request: 0.000051 seconds.
  path: Assets/src/player/PlayerController.cs
  artifactKey: Guid(a6f611a2a8a96bd0da70d858a92280a9) Importer(815301076,1909f56bfc062723c751e8b465ee728b)
Start importing Assets/src/player/PlayerController.cs using Guid(a6f611a2a8a96bd0da70d858a92280a9) Importer(815301076,1909f56bfc062723c751e8b465ee728b) (PreviewImporter) -> (artifact id: '00000000000000000000000000000000') in 0.000421155 seconds
Import Error Code:(4)
Message: Build asset version error: assets/src/player/playercontroller.cs in SourceAssetDB has modification time of '2026-01-31T14:23:20Z' while content on disk has modification time of '2026-01-31T17:15:45Z'
  ERROR: Build asset version error: assets/src/player/playercontroller.cs in SourceAssetDB has modification time of '2026-01-31T14:23:20Z' while content on disk has modification time of '2026-01-31T17:15:45Z'
Number of updated asset objects reloaded before import = 0Number of asset objects unloaded after import = 0

========================================================================
Received Import Request.
  Time since last request: 0.003854 seconds.
  path: Assets/src/player/PlayerController.cs
  artifactKey: Guid(a6f611a2a8a96bd0da70d858a92280a9) Importer(815301076,1909f56bfc062723c751e8b465ee728b)
Start importing Assets/src/player/PlayerController.cs using Guid(a6f611a2a8a96bd0da70d858a92280a9) Importer(815301076,1909f56bfc062723c751e8b465ee728b) (PreviewImporter) -> (artifact id: '00000000000000000000000000000000') in 0.000643 seconds
Import Error Code:(4)
Message: Build asset version error: assets/src/player/playercontroller.cs in SourceAssetDB has modification time of '2026-01-31T14:23:20Z' while content on disk has modification time of '2026-01-31T17:15:45Z'
  ERROR: Build asset version error: assets/src/player/playercontroller.cs in SourceAssetDB has modification time of '2026-01-31T14:23:20Z' while content on disk has modification time of '2026-01-31T17:15:45Z'
Number of updated asset objects reloaded before import = 0Number of asset objects unloaded after import = 0

========================================================================
Received Import Request.
  Time since last request: 0.000014 seconds.
  path: Assets/src/player/PlayerController.cs
  artifactKey: Guid(a6f611a2a8a96bd0da70d858a92280a9) Importer(815301076,1909f56bfc062723c751e8b465ee728b)
Start importing Assets/src/player/PlayerController.cs using Guid(a6f611a2a8a96bd0da70d858a92280a9) Importer(815301076,1909f56bfc062723c751e8b465ee728b) (PreviewImporter) -> (artifact id: '00000000000000000000000000000000') in 0.000539852 seconds
Import Error Code:(4)
Message: Build asset version error: assets/src/player/playercontroller.cs in SourceAssetDB has modification time of '2026-01-31T14:23:20Z' while content on disk has modification time of '2026-01-31T17:15:45Z'
  ERROR: Build asset version error: assets/src/player/playercontroller.cs in SourceAssetDB has modification time of '2026-01-31T14:23:20Z' while content on disk has modification time of '2026-01-31T17:15:45Z'
Number of updated asset objects reloaded before import = 0Number of asset objects unloaded after import = 0

========================================================================
Received Import Request.
  Time since last request: 0.037618 seconds.
  path: Assets/src/player/PlayerController.cs
  artifactKey: Guid(a6f611a2a8a96bd0da70d858a92280a9) Importer(815301076,1909f56bfc062723c751e8b465ee728b)
Start importing Assets/src/player/PlayerController.cs using Guid(a6f611a2a8a96bd0da70d858a92280a9) Importer(815301076,1909f56bfc062723c751e8b465ee728b) (PreviewImporter) -> (artifact id: '00000000000000000000000000000000') in 0.000581777 seconds
Import Error Code:(4)
Message: Build asset version error: assets/src/player/playercontroller.cs in SourceAssetDB has modification time of '2026-01-31T14:23:20Z' while content on disk has modification time of '2026-01-31T17:15:45Z'
  ERROR: Build asset version error: assets/src/player/playercontroller.cs in SourceAssetDB has modification time of '2026-01-31T14:23:20Z' while content on disk has modification time of '2026-01-31T17:15:45Z'
Number of updated asset objects reloaded before import = 0Number of asset objects unloaded after import = 0

========================================================================
Received Import Request.
  Time since last request: 0.000014 seconds.
  path: Assets/src/player/PlayerController.cs
  artifactKey: Guid(a6f611a2a8a96bd0da70d858a92280a9) Importer(815301076,1909f56bfc062723c751e8b465ee728b)
Start importing Assets/src/player/PlayerController.cs using Guid(a6f611a2a8a96bd0da70d858a92280a9) Importer(815301076,1909f56bfc062723c751e8b465ee728b) (PreviewImporter) -> (artifact id: '00000000000000000000000000000000') in 0.000451637 seconds
Import Error Code:(4)
Message: Build asset version error: assets/src/player/playercontroller.cs in SourceAssetDB has modification time of '2026-01-31T14:23:20Z' while content on disk has modification time of '2026-01-31T17:15:45Z'
  ERROR: Build asset version error: assets/src/player/playercontroller.cs in SourceAssetDB has modification time of '2026-01-31T14:23:20Z' while content on disk has modification time of '2026-01-31T17:15:45Z'
Number of updated asset objects reloaded before import = 0Number of asset objects unloaded after import = 0

========================================================================
Received Import Request.
  Time since last request: 0.000013 seconds.
  path: Assets/src/player/PlayerController.cs
  artifactKey: Guid(a6f611a2a8a96bd0da70d858a92280a9) Importer(815301076,1909f56bfc062723c751e8b465ee728b)
Start importing Assets/src/player/PlayerController.cs using Guid(a6f611a2a8a96bd0da70d858a92280a9) Importer(815301076,1909f56bfc062723c751e8b465ee728b) (PreviewImporter) -> (artifact id: '00000000000000000000000000000000') in 0.000415396 seconds
Import Error Code:(4)
Message: Build asset version error: assets/src/player/playercontroller.cs in SourceAssetDB has modification time of '2026-01-31T14:23:20Z' while content on disk has modification time of '2026-01-31T17:15:45Z'
  ERROR: Build asset version error: assets/src/player/playercontroller.cs in SourceAssetDB has modification time of '2026-01-31T14:23:20Z' while content on disk has modification time of '2026-01-31T17:15:45Z'
Number of updated asset objects reloaded before import = 0Number of asset objects unloaded after import = 0

========================================================================
Received Import Request.
  Time since last request: 0.000013 seconds.
  path: Assets/src/player/PlayerController.cs
  artifactKey: Guid(a6f611a2a8a96bd0da70d858a92280a9) Importer(815301076,1909f56bfc062723c751e8b465ee728b)
Start importing Assets/src/player/PlayerController.cs using Guid(a6f611a2a8a96bd0da70d858a92280a9) Importer(815301076,1909f56bfc062723c751e8b465ee728b) (PreviewImporter) -> (artifact id: '00000000000000000000000000000000') in 0.000419512 seconds
Import Error Code:(4)
Message: Build asset version error: assets/src/player/playercontroller.cs in SourceAssetDB has modification time of '2026-01-31T14:23:20Z' while content on disk has modification time of '2026-01-31T17:15:45Z'
  ERROR: Build asset version error: assets/src/player/playercontroller.cs in SourceAssetDB has modification time of '2026-01-31T14:23:20Z' while content on disk has modification time of '2026-01-31T17:15:45Z'
Number of updated asset objects reloaded before import = 0Number of asset objects unloaded after import = 0

========================================================================
Received Import Request.
  Time since last request: 0.005277 seconds.
  path: Assets/src/player/PlayerController.cs
  artifactKey: Guid(a6f611a2a8a96bd0da70d858a92280a9) Importer(815301076,1909f56bfc062723c751e8b465ee728b)
Start importing Assets/src/player/PlayerController.cs using Guid(a6f611a2a8a96bd0da70d858a92280a9) Importer(815301076,1909f56bfc062723c751e8b465ee728b) (PreviewImporter) -> (artifact id: '00000000000000000000000000000000') in 0.000427567 seconds
Import Error Code:(4)
Message: Build asset version error: assets/src/player/playercontroller.cs in SourceAssetDB has modification time of '2026-01-31T14:23:20Z' while content on disk has modification time of '2026-01-31T17:15:45Z'
  ERROR: Build asset version error: assets/src/player/playercontroller.cs in SourceAssetDB has modification time of '2026-01-31T14:23:20Z' while content on disk has modification time of '2026-01-31T17:15:45Z'
Number of updated asset objects reloaded before import = 0Number of asset objects unloaded after import = 0

========================================================================
Received Import Request.
  Time since last request: 0.000013 seconds.
  path: Assets/src/player/PlayerController.cs
  artifactKey: Guid(a6f611a2a8a96bd0da70d858a92280a9) Importer(815301076,1909f56bfc062723c751e8b465ee728b)
Start importing Assets/src/player/PlayerController.cs using Guid(a6f611a2a8a96bd0da70d858a92280a9) Importer(815301076,1909f56bfc062723c751e8b465ee728b) (PreviewImporter) -> (artifact id: '00000000000000000000000000000000') in 0.000545149 seconds
Import Error Code:(4)
Message: Build asset version error: assets/src/player/playercontroller.cs in SourceAssetDB has modification time of '2026-01-31T14:23:20Z' while content on disk has modification time of '2026-01-31T17:15:45Z'
  ERROR: Build asset version error: assets/src/player/playercontroller.cs in SourceAssetDB has modification time of '2026-01-31T14:23:20Z' while content on disk has modification time of '2026-01-31T17:15:45Z'
Number of updated asset objects reloaded before import = 0Number of asset objects unloaded after import = 0

========================================================================
Received Import Request.
  Time since last request: 0.000013 seconds.
  path: Assets/src/player/PlayerController.cs
  artifactKey: Guid(a6f611a2a8a96bd0da70d858a92280a9) Importer(815301076,1909f56bfc062723c751e8b465ee728b)
Start importing Assets/src/player/PlayerController.cs using Guid(a6f611a2a8a96bd0da70d858a92280a9) Importer(815301076,1909f56bfc062723c751e8b465ee728b) (PreviewImporter) -> (artifact id: '00000000000000000000000000000000') in 0.000413454 seconds
Import Error Code:(4)
Message: Build asset version error: assets/src/player/playercontroller.cs in SourceAssetDB has modification time of '2026-01-31T14:23:20Z' while content on disk has modification time of '2026-01-31T17:15:45Z'
  ERROR: Build asset version error: assets/src/player/playercontroller.cs in SourceAssetDB has modification time of '2026-01-31T14:23:20Z' while content on disk has modification time of '2026-01-31T17:15:45Z'
Number of updated asset objects reloaded before import = 0Number of asset objects unloaded after import = 0

========================================================================
Received Import Request.
  Time since last request: 0.004959 seconds.
  path: Assets/src/player/PlayerController.cs
  artifactKey: Guid(a6f611a2a8a96bd0da70d858a92280a9) Importer(815301076,1909f56bfc062723c751e8b465ee728b)
Start importing Assets/src/player/PlayerController.cs using Guid(a6f611a2a8a96bd0da70d858a92280a9) Importer(815301076,1909f56bfc062723c751e8b465ee728b) (PreviewImporter) -> (artifact id: '00000000000000000000000000000000') in 0.0007905 seconds
Import Error Code:(4)
Message: Build asset version error: assets/src/player/playercontroller.cs in SourceAssetDB has modification time of '2026-01-31T14:23:20Z' while content on disk has modification time of '2026-01-31T17:15:45Z'
  ERROR: Build asset version error: assets/src/player/playercontroller.cs in SourceAssetDB has modification time of '2026-01-31T14:23:20Z' while content on disk has modification time of '2026-01-31T17:15:45Z'
Number of updated asset objects reloaded before import = 0Number of asset objects unloaded after import = 0

========================================================================
Received Import Request.
  Time since last request: 0.000014 seconds.
  path: Assets/src/player/PlayerController.cs
  artifactKey: Guid(a6f611a2a8a96bd0da70d858a92280a9) Importer(815301076,1909f56bfc062723c751e8b465ee728b)
Start importing Assets/src/player/PlayerController.cs using Guid(a6f611a2a8a96bd0da70d858a92280a9) Importer(815301076,1909f56bfc062723c751e8b465ee728b) (PreviewImporter) -> (artifact id: '00000000000000000000000000000000') in 0.000494348 seconds
Import Error Code:(4)
Message: Build asset version error: assets/src/player/playercontroller.cs in SourceAssetDB has modification time of '2026-01-31T14:23:20Z' while content on disk has modification time of '2026-01-31T17:15:45Z'
  ERROR: Build asset version error: assets/src/player/playercontroller.cs in SourceAssetDB has modification time of '2026-01-31T14:23:20Z' while content on disk has modification time of '2026-01-31T17:15:45Z'
Number of updated asset objects reloaded before import = 0Number of asset objects unloaded after import = 0

========================================================================
Received Import Request.
  Time since last request: 0.000487 seconds.
  path: Assets/src/player/PlayerController.cs
  artifactKey: Guid(a6f611a2a8a96bd0da70d858a92280a9) Importer(815301076,1909f56bfc062723c751e8b465ee728b)
Start importing Assets/src/player/PlayerController.cs using Guid(a6f611a2a8a96bd0da70d858a92280a9) Importer(815301076,1909f56bfc062723c751e8b465ee728b) (PreviewImporter) -> (artifact id: '00000000000000000000000000000000') in 0.000430448 seconds
Import Error Code:(4)
Message: Build asset version error: assets/src/player/playercontroller.cs in SourceAssetDB has modification time of '2026-01-31T14:23:20Z' while content on disk has modification time of '2026-01-31T17:15:45Z'
  ERROR: Build asset version error: assets/src/player/playercontroller.cs in SourceAssetDB has modification time of '2026-01-31T14:23:20Z' while content on disk has modification time of '2026-01-31T17:15:45Z'
Number of updated asset objects reloaded before import = 0Number of asset objects unloaded after import = 0

========================================================================
Received Import Request.
  Time since last request: 0.001619 seconds.
  path: Assets/src/player/PlayerController.cs
  artifactKey: Guid(a6f611a2a8a96bd0da70d858a92280a9) Importer(815301076,1909f56bfc062723c751e8b465ee728b)
Start importing Assets/src/player/PlayerController.cs using Guid(a6f611a2a8a96bd0da70d858a92280a9) Importer(815301076,1909f56bfc062723c751e8b465ee728b) (PreviewImporter) -> (artifact id: '00000000000000000000000000000000') in 0.000919032 seconds
Import Error Code:(4)
Message: Build asset version error: assets/src/player/playercontroller.cs in SourceAssetDB has modification time of '2026-01-31T14:23:20Z' while content on disk has modification time of '2026-01-31T17:15:45Z'
  ERROR: Build asset version error: assets/src/player/playercontroller.cs in SourceAssetDB has modification time of '2026-01-31T14:23:20Z' while content on disk has modification time of '2026-01-31T17:15:45Z'
Number of updated asset objects reloaded before import = 0Number of asset objects unloaded after import = 0

========================================================================
Received Import Request.
  Time since last request: 0.000011 seconds.
  path: Assets/src/player/PlayerController.cs
  artifactKey: Guid(a6f611a2a8a96bd0da70d858a92280a9) Importer(815301076,1909f56bfc062723c751e8b465ee728b)
Start importing Assets/src/player/PlayerController.cs using Guid(a6f611a2a8a96bd0da70d858a92280a9) Importer(815301076,1909f56bfc062723c751e8b465ee728b) (PreviewImporter) -> (artifact id: '00000000000000000000000000000000') in 0.000543959 seconds
Import Error Code:(4)
Message: Build asset version error: assets/src/player/playercontroller.cs in SourceAssetDB has modification time of '2026-01-31T14:23:20Z' while content on disk has modification time of '2026-01-31T17:15:45Z'
  ERROR: Build asset version error: assets/src/player/playercontroller.cs in SourceAssetDB has modification time of '2026-01-31T14:23:20Z' while content on disk has modification time of '2026-01-31T17:15:45Z'
Number of updated asset objects reloaded before import = 0Number of asset objects unloaded after import = 0

========================================================================
Received Import Request.
  Time since last request: 0.000019 seconds.
  path: Assets/src/player/PlayerController.cs
  artifactKey: Guid(a6f611a2a8a96bd0da70d858a92280a9) Importer(815301076,1909f56bfc062723c751e8b465ee728b)
Start importing Assets/src/player/PlayerController.cs using Guid(a6f611a2a8a96bd0da70d858a92280a9) Importer(815301076,1909f56bfc062723c751e8b465ee728b) (PreviewImporter) -> (artifact id: '00000000000000000000000000000000') in 0.000427877 seconds
Import Error Code:(4)
Message: Build asset version error: assets/src/player/playercontroller.cs in SourceAssetDB has modification time of '2026-01-31T14:23:20Z' while content on disk has modification time of '2026-01-31T17:15:45Z'
  ERROR: Build asset version error: assets/src/player/playercontroller.cs in SourceAssetDB has modification time of '2026-01-31T14:23:20Z' while content on disk has modification time of '2026-01-31T17:15:45Z'
Number of updated asset objects reloaded before import = 0Number of asset objects unloaded after import = 0

========================================================================
Received Import Request.
  Time since last request: 0.000025 seconds.
  path: Assets/src/player/PlayerController.cs
  artifactKey: Guid(a6f611a2a8a96bd0da70d858a92280a9) Importer(815301076,1909f56bfc062723c751e8b465ee728b)
Start importing Assets/src/player/PlayerController.cs using Guid(a6f611a2a8a96bd0da70d858a92280a9) Importer(815301076,1909f56bfc062723c751e8b465ee728b) (PreviewImporter) -> (artifact id: '00000000000000000000000000000000') in 0.000590855 seconds
Import Error Code:(4)
Message: Build asset version error: assets/src/player/playercontroller.cs in SourceAssetDB has modification time of '2026-01-31T14:23:20Z' while content on disk has modification time of '2026-01-31T17:15:45Z'
  ERROR: Build asset version error: assets/src/player/playercontroller.cs in SourceAssetDB has modification time of '2026-01-31T14:23:20Z' while content on disk has modification time of '2026-01-31T17:15:45Z'
Number of updated asset objects reloaded before import = 0Number of asset objects unloaded after import = 0

========================================================================
Received Import Request.
  Time since last request: 0.000012 seconds.
  path: Assets/src/player/PlayerController.cs
  artifactKey: Guid(a6f611a2a8a96bd0da70d858a92280a9) Importer(815301076,1909f56bfc062723c751e8b465ee728b)
Start importing Assets/src/player/PlayerController.cs using Guid(a6f611a2a8a96bd0da70d858a92280a9) Importer(815301076,1909f56bfc062723c751e8b465ee728b) (PreviewImporter) -> (artifact id: '00000000000000000000000000000000') in 0.000389697 seconds
Import Error Code:(4)
Message: Build asset version error: assets/src/player/playercontroller.cs in SourceAssetDB has modification time of '2026-01-31T14:23:20Z' while content on disk has modification time of '2026-01-31T17:15:45Z'
  ERROR: Build asset version error: assets/src/player/playercontroller.cs in SourceAssetDB has modification time of '2026-01-31T14:23:20Z' while content on disk has modification time of '2026-01-31T17:15:45Z'
Number of updated asset objects reloaded before import = 0Number of asset objects unloaded after import = 0

========================================================================
Received Import Request.
  Time since last request: 0.000010 seconds.
  path: Assets/src/player/PlayerController.cs
  artifactKey: Guid(a6f611a2a8a96bd0da70d858a92280a9) Importer(815301076,1909f56bfc062723c751e8b465ee728b)
Start importing Assets/src/player/PlayerController.cs using Guid(a6f611a2a8a96bd0da70d858a92280a9) Importer(815301076,1909f56bfc062723c751e8b465ee728b) (PreviewImporter) -> (artifact id: '00000000000000000000000000000000') in 0.00038233 seconds
Import Error Code:(4)
Message: Build asset version error: assets/src/player/playercontroller.cs in SourceAssetDB has modification time of '2026-01-31T14:23:20Z' while content on disk has modification time of '2026-01-31T17:15:45Z'
  ERROR: Build asset version error: assets/src/player/playercontroller.cs in SourceAssetDB has modification time of '2026-01-31T14:23:20Z' while content on disk has modification time of '2026-01-31T17:15:45Z'
Number of updated asset objects reloaded before import = 0Number of asset objects unloaded after import = 0

========================================================================
Received Import Request.
  Time since last request: 0.000011 seconds.
  path: Assets/src/player/PlayerController.cs
  artifactKey: Guid(a6f611a2a8a96bd0da70d858a92280a9) Importer(815301076,1909f56bfc062723c751e8b465ee728b)
Start importing Assets/src/player/PlayerController.cs using Guid(a6f611a2a8a96bd0da70d858a92280a9) Importer(815301076,1909f56bfc062723c751e8b465ee728b) (PreviewImporter) -> (artifact id: '00000000000000000000000000000000') in 0.000412768 seconds
Import Error Code:(4)
Message: Build asset version error: assets/src/player/playercontroller.cs in SourceAssetDB has modification time of '2026-01-31T14:23:20Z' while content on disk has modification time of '2026-01-31T17:15:45Z'
  ERROR: Build asset version error: assets/src/player/playercontroller.cs in SourceAssetDB has modification time of '2026-01-31T14:23:20Z' while content on disk has modification time of '2026-01-31T17:15:45Z'
Number of updated asset objects reloaded before import = 0Number of asset objects unloaded after import = 0

========================================================================
Received Import Request.
  Time since last request: 0.000011 seconds.
  path: Assets/src/player/PlayerController.cs
  artifactKey: Guid(a6f611a2a8a96bd0da70d858a92280a9) Importer(815301076,1909f56bfc062723c751e8b465ee728b)
Start importing Assets/src/player/PlayerController.cs using Guid(a6f611a2a8a96bd0da70d858a92280a9) Importer(815301076,1909f56bfc062723c751e8b465ee728b) (PreviewImporter) -> (artifact id: '00000000000000000000000000000000') in 0.000447673 seconds
Import Error Code:(4)
Message: Build asset version error: assets/src/player/playercontroller.cs in SourceAssetDB has modification time of '2026-01-31T14:23:20Z' while content on disk has modification time of '2026-01-31T17:15:45Z'
  ERROR: Build asset version error: assets/src/player/playercontroller.cs in SourceAssetDB has modification time of '2026-01-31T14:23:20Z' while content on disk has modification time of '2026-01-31T17:15:45Z'
Number of updated asset objects reloaded before import = 0Number of asset objects unloaded after import = 0

========================================================================
Received Import Request.
  Time since last request: 0.002268 seconds.
  path: Assets/src/player/PlayerController.cs
  artifactKey: Guid(a6f611a2a8a96bd0da70d858a92280a9) Importer(815301076,1909f56bfc062723c751e8b465ee728b)
Start importing Assets/src/player/PlayerController.cs using Guid(a6f611a2a8a96bd0da70d858a92280a9) Importer(815301076,1909f56bfc062723c751e8b465ee728b) (PreviewImporter) -> (artifact id: '00000000000000000000000000000000') in 0.000556979 seconds
Import Error Code:(4)
Message: Build asset version error: assets/src/player/playercontroller.cs in SourceAssetDB has modification time of '2026-01-31T14:23:20Z' while content on disk has modification time of '2026-01-31T17:15:45Z'
  ERROR: Build asset version error: assets/src/player/playercontroller.cs in SourceAssetDB has modification time of '2026-01-31T14:23:20Z' while content on disk has modification time of '2026-01-31T17:15:45Z'
Number of updated asset objects reloaded before import = 0Number of asset objects unloaded after import = 0

========================================================================
Received Import Request.
  Time since last request: 0.000012 seconds.
  path: Assets/src/player/PlayerController.cs
  artifactKey: Guid(a6f611a2a8a96bd0da70d858a92280a9) Importer(815301076,1909f56bfc062723c751e8b465ee728b)
Start importing Assets/src/player/PlayerController.cs using Guid(a6f611a2a8a96bd0da70d858a92280a9) Importer(815301076,1909f56bfc062723c751e8b465ee728b) (PreviewImporter) -> (artifact id: '00000000000000000000000000000000') in 0.000453923 seconds
Import Error Code:(4)
Message: Build asset version error: assets/src/player/playercontroller.cs in SourceAssetDB has modification time of '2026-01-31T14:23:20Z' while content on disk has modification time of '2026-01-31T17:15:45Z'
  ERROR: Build asset version error: assets/src/player/playercontroller.cs in SourceAssetDB has modification time of '2026-01-31T14:23:20Z' while content on disk has modification time of '2026-01-31T17:15:45Z'
Number of updated asset objects reloaded before import = 0Number of asset objects unloaded after import = 0

========================================================================
Received Import Request.
  Time since last request: 0.000010 seconds.
  path: Assets/src/player/PlayerController.cs
  artifactKey: Guid(a6f611a2a8a96bd0da70d858a92280a9) Importer(815301076,1909f56bfc062723c751e8b465ee728b)
Start importing Assets/src/player/PlayerController.cs using Guid(a6f611a2a8a96bd0da70d858a92280a9) Importer(815301076,1909f56bfc062723c751e8b465ee728b) (PreviewImporter) -> (artifact id: '00000000000000000000000000000000') in 0.000404258 seconds
Import Error Code:(4)
Message: Build asset version error: assets/src/player/playercontroller.cs in SourceAssetDB has modification time of '2026-01-31T14:23:20Z' while content on disk has modification time of '2026-01-31T17:15:45Z'
  ERROR: Build asset version error: assets/src/player/playercontroller.cs in SourceAssetDB has modification time of '2026-01-31T14:23:20Z' while content on disk has modification time of '2026-01-31T17:15:45Z'
Number of updated asset objects reloaded before import = 0Number of asset objects unloaded after import = 0

========================================================================
Received Import Request.
  Time since last request: 0.000015 seconds.
  path: Assets/src/player/PlayerController.cs
  artifactKey: Guid(a6f611a2a8a96bd0da70d858a92280a9) Importer(815301076,1909f56bfc062723c751e8b465ee728b)
Start importing Assets/src/player/PlayerController.cs using Guid(a6f611a2a8a96bd0da70d858a92280a9) Importer(815301076,1909f56bfc062723c751e8b465ee728b) (PreviewImporter) -> (artifact id: '00000000000000000000000000000000') in 0.000459168 seconds
Import Error Code:(4)
Message: Build asset version error: assets/src/player/playercontroller.cs in SourceAssetDB has modification time of '2026-01-31T14:23:20Z' while content on disk has modification time of '2026-01-31T17:15:45Z'
  ERROR: Build asset version error: assets/src/player/playercontroller.cs in SourceAssetDB has modification time of '2026-01-31T14:23:20Z' while content on disk has modification time of '2026-01-31T17:15:45Z'
Number of updated asset objects reloaded before import = 0Number of asset objects unloaded after import = 0

========================================================================
Received Import Request.
  Time since last request: 0.000023 seconds.
  path: Assets/src/player/PlayerController.cs
  artifactKey: Guid(a6f611a2a8a96bd0da70d858a92280a9) Importer(815301076,1909f56bfc062723c751e8b465ee728b)
Start importing Assets/src/player/PlayerController.cs using Guid(a6f611a2a8a96bd0da70d858a92280a9) Importer(815301076,1909f56bfc062723c751e8b465ee728b) (PreviewImporter) -> (artifact id: '00000000000000000000000000000000') in 0.000381529 seconds
Import Error Code:(4)
Message: Build asset version error: assets/src/player/playercontroller.cs in SourceAssetDB has modification time of '2026-01-31T14:23:20Z' while content on disk has modification time of '2026-01-31T17:15:45Z'
  ERROR: Build asset version error: assets/src/player/playercontroller.cs in SourceAssetDB has modification time of '2026-01-31T14:23:20Z' while content on disk has modification time of '2026-01-31T17:15:45Z'
Number of updated asset objects reloaded before import = 0Number of asset objects unloaded after import = 0

========================================================================
Received Import Request.
  Time since last request: 0.003959 seconds.
  path: Assets/src/player/PlayerController.cs
  artifactKey: Guid(a6f611a2a8a96bd0da70d858a92280a9) Importer(815301076,1909f56bfc062723c751e8b465ee728b)
Start importing Assets/src/player/PlayerController.cs using Guid(a6f611a2a8a96bd0da70d858a92280a9) Importer(815301076,1909f56bfc062723c751e8b465ee728b) (PreviewImporter) -> (artifact id: '00000000000000000000000000000000') in 0.000597153 seconds
Import Error Code:(4)
Message: Build asset version error: assets/src/player/playercontroller.cs in SourceAssetDB has modification time of '2026-01-31T14:23:20Z' while content on disk has modification time of '2026-01-31T17:15:45Z'
  ERROR: Build asset version error: assets/src/player/playercontroller.cs in SourceAssetDB has modification time of '2026-01-31T14:23:20Z' while content on disk has modification time of '2026-01-31T17:15:45Z'
Number of updated asset objects reloaded before import = 0Number of asset objects unloaded after import = 0

========================================================================
Received Import Request.
  Time since last request: 0.000011 seconds.
  path: Assets/src/player/PlayerController.cs
  artifactKey: Guid(a6f611a2a8a96bd0da70d858a92280a9) Importer(815301076,1909f56bfc062723c751e8b465ee728b)
Start importing Assets/src/player/PlayerController.cs using Guid(a6f611a2a8a96bd0da70d858a92280a9) Importer(815301076,1909f56bfc062723c751e8b465ee728b) (PreviewImporter) -> (artifact id: '00000000000000000000000000000000') in 0.000479554 seconds
Import Error Code:(4)
Message: Build asset version error: assets/src/player/playercontroller.cs in SourceAssetDB has modification time of '2026-01-31T14:23:20Z' while content on disk has modification time of '2026-01-31T17:15:45Z'
  ERROR: Build asset version error: assets/src/player/playercontroller.cs in SourceAssetDB has modification time of '2026-01-31T14:23:20Z' while content on disk has modification time of '2026-01-31T17:15:45Z'
Number of updated asset objects reloaded before import = 0Number of asset objects unloaded after import = 0

========================================================================
Received Import Request.
  Time since last request: 0.000010 seconds.
  path: Assets/src/player/PlayerController.cs
  artifactKey: Guid(a6f611a2a8a96bd0da70d858a92280a9) Importer(815301076,1909f56bfc062723c751e8b465ee728b)
Start importing Assets/src/player/PlayerController.cs using Guid(a6f611a2a8a96bd0da70d858a92280a9) Importer(815301076,1909f56bfc062723c751e8b465ee728b) (PreviewImporter) -> (artifact id: '00000000000000000000000000000000') in 0.000413116 seconds
Import Error Code:(4)
Message: Build asset version error: assets/src/player/playercontroller.cs in SourceAssetDB has modification time of '2026-01-31T14:23:20Z' while content on disk has modification time of '2026-01-31T17:15:45Z'
  ERROR: Build asset version error: assets/src/player/playercontroller.cs in SourceAssetDB has modification time of '2026-01-31T14:23:20Z' while content on disk has modification time of '2026-01-31T17:15:45Z'
Number of updated asset objects reloaded before import = 0Number of asset objects unloaded after import = 0

========================================================================
Received Import Request.
  Time since last request: 0.000010 seconds.
  path: Assets/src/player/PlayerController.cs
  artifactKey: Guid(a6f611a2a8a96bd0da70d858a92280a9) Importer(815301076,1909f56bfc062723c751e8b465ee728b)
Start importing Assets/src/player/PlayerController.cs using Guid(a6f611a2a8a96bd0da70d858a92280a9) Importer(815301076,1909f56bfc062723c751e8b465ee728b) (PreviewImporter) -> (artifact id: '00000000000000000000000000000000') in 0.000447164 seconds
Import Error Code:(4)
Message: Build asset version error: assets/src/player/playercontroller.cs in SourceAssetDB has modification time of '2026-01-31T14:23:20Z' while content on disk has modification time of '2026-01-31T17:15:45Z'
  ERROR: Build asset version error: assets/src/player/playercontroller.cs in SourceAssetDB has modification time of '2026-01-31T14:23:20Z' while content on disk has modification time of '2026-01-31T17:15:45Z'
Number of updated asset objects reloaded before import = 0Number of asset objects unloaded after import = 0

========================================================================
Received Import Request.
  Time since last request: 0.000017 seconds.
  path: Assets/src/player/PlayerController.cs
  artifactKey: Guid(a6f611a2a8a96bd0da70d858a92280a9) Importer(815301076,1909f56bfc062723c751e8b465ee728b)
Start importing Assets/src/player/PlayerController.cs using Guid(a6f611a2a8a96bd0da70d858a92280a9) Importer(815301076,1909f56bfc062723c751e8b465ee728b) (PreviewImporter) -> (artifact id: '00000000000000000000000000000000') in 0.000395959 seconds
Import Error Code:(4)
Message: Build asset version error: assets/src/player/playercontroller.cs in SourceAssetDB has modification time of '2026-01-31T14:23:20Z' while content on disk has modification time of '2026-01-31T17:15:45Z'
  ERROR: Build asset version error: assets/src/player/playercontroller.cs in SourceAssetDB has modification time of '2026-01-31T14:23:20Z' while content on disk has modification time of '2026-01-31T17:15:45Z'
Number of updated asset objects reloaded before import = 0Number of asset objects unloaded after import = 0

========================================================================
Received Import Request.
  Time since last request: 0.004041 seconds.
  path: Assets/src/player/PlayerController.cs
  artifactKey: Guid(a6f611a2a8a96bd0da70d858a92280a9) Importer(815301076,1909f56bfc062723c751e8b465ee728b)
Start importing Assets/src/player/PlayerController.cs using Guid(a6f611a2a8a96bd0da70d858a92280a9) Importer(815301076,1909f56bfc062723c751e8b465ee728b) (PreviewImporter) -> (artifact id: '00000000000000000000000000000000') in 0.000640857 seconds
Import Error Code:(4)
Message: Build asset version error: assets/src/player/playercontroller.cs in SourceAssetDB has modification time of '2026-01-31T14:23:20Z' while content on disk has modification time of '2026-01-31T17:15:45Z'
  ERROR: Build asset version error: assets/src/player/playercontroller.cs in SourceAssetDB has modification time of '2026-01-31T14:23:20Z' while content on disk has modification time of '2026-01-31T17:15:45Z'
Number of updated asset objects reloaded before import = 0Number of asset objects unloaded after import = 0

========================================================================
Received Import Request.
  Time since last request: 0.000011 seconds.
  path: Assets/src/player/PlayerController.cs
  artifactKey: Guid(a6f611a2a8a96bd0da70d858a92280a9) Importer(815301076,1909f56bfc062723c751e8b465ee728b)
Start importing Assets/src/player/PlayerController.cs using Guid(a6f611a2a8a96bd0da70d858a92280a9) Importer(815301076,1909f56bfc062723c751e8b465ee728b) (PreviewImporter) -> (artifact id: '00000000000000000000000000000000') in 0.000403183 seconds
Import Error Code:(4)
Message: Build asset version error: assets/src/player/playercontroller.cs in SourceAssetDB has modification time of '2026-01-31T14:23:20Z' while content on disk has modification time of '2026-01-31T17:15:45Z'
  ERROR: Build asset version error: assets/src/player/playercontroller.cs in SourceAssetDB has modification time of '2026-01-31T14:23:20Z' while content on disk has modification time of '2026-01-31T17:15:45Z'
Number of updated asset objects reloaded before import = 0Number of asset objects unloaded after import = 0

========================================================================
Received Import Request.
  Time since last request: 0.000018 seconds.
  path: Assets/src/player/PlayerController.cs
  artifactKey: Guid(a6f611a2a8a96bd0da70d858a92280a9) Importer(815301076,1909f56bfc062723c751e8b465ee728b)
Start importing Assets/src/player/PlayerController.cs using Guid(a6f611a2a8a96bd0da70d858a92280a9) Importer(815301076,1909f56bfc062723c751e8b465ee728b) (PreviewImporter) -> (artifact id: '00000000000000000000000000000000') in 0.000411852 seconds
Import Error Code:(4)
Message: Build asset version error: assets/src/player/playercontroller.cs in SourceAssetDB has modification time of '2026-01-31T14:23:20Z' while content on disk has modification time of '2026-01-31T17:15:45Z'
  ERROR: Build asset version error: assets/src/player/playercontroller.cs in SourceAssetDB has modification time of '2026-01-31T14:23:20Z' while content on disk has modification time of '2026-01-31T17:15:45Z'
Number of updated asset objects reloaded before import = 0Number of asset objects unloaded after import = 0

========================================================================
Received Import Request.
  Time since last request: 0.000020 seconds.
  path: Assets/src/player/PlayerController.cs
  artifactKey: Guid(a6f611a2a8a96bd0da70d858a92280a9) Importer(815301076,1909f56bfc062723c751e8b465ee728b)
Start importing Assets/src/player/PlayerController.cs using Guid(a6f611a2a8a96bd0da70d858a92280a9) Importer(815301076,1909f56bfc062723c751e8b465ee728b) (PreviewImporter) -> (artifact id: '00000000000000000000000000000000') in 0.000464206 seconds
Import Error Code:(4)
Message: Build asset version error: assets/src/player/playercontroller.cs in SourceAssetDB has modification time of '2026-01-31T14:23:20Z' while content on disk has modification time of '2026-01-31T17:15:45Z'
  ERROR: Build asset version error: assets/src/player/playercontroller.cs in SourceAssetDB has modification time of '2026-01-31T14:23:20Z' while content on disk has modification time of '2026-01-31T17:15:45Z'
Number of updated asset objects reloaded before import = 0Number of asset objects unloaded after import = 0

========================================================================
Received Import Request.
  Time since last request: 0.000011 seconds.
  path: Assets/src/player/PlayerController.cs
  artifactKey: Guid(a6f611a2a8a96bd0da70d858a92280a9) Importer(815301076,1909f56bfc062723c751e8b465ee728b)
Start importing Assets/src/player/PlayerController.cs using Guid(a6f611a2a8a96bd0da70d858a92280a9) Importer(815301076,1909f56bfc062723c751e8b465ee728b) (PreviewImporter) -> (artifact id: '00000000000000000000000000000000') in 0.000413045 seconds
Import Error Code:(4)
Message: Build asset version error: assets/src/player/playercontroller.cs in SourceAssetDB has modification time of '2026-01-31T14:23:20Z' while content on disk has modification time of '2026-01-31T17:15:45Z'
  ERROR: Build asset version error: assets/src/player/playercontroller.cs in SourceAssetDB has modification time of '2026-01-31T14:23:20Z' while content on disk has modification time of '2026-01-31T17:15:45Z'
Number of updated asset objects reloaded before import = 0Number of asset objects unloaded after import = 0

========================================================================
Received Import Request.
  Time since last request: 0.000012 seconds.
  path: Assets/src/player/PlayerController.cs
  artifactKey: Guid(a6f611a2a8a96bd0da70d858a92280a9) Importer(815301076,1909f56bfc062723c751e8b465ee728b)
Start importing Assets/src/player/PlayerController.cs using Guid(a6f611a2a8a96bd0da70d858a92280a9) Importer(815301076,1909f56bfc062723c751e8b465ee728b) (PreviewImporter) -> (artifact id: '00000000000000000000000000000000') in 0.000419126 seconds
Import Error Code:(4)
Message: Build asset version error: assets/src/player/playercontroller.cs in SourceAssetDB has modification time of '2026-01-31T14:23:20Z' while content on disk has modification time of '2026-01-31T17:15:45Z'
  ERROR: Build asset version error: assets/src/player/playercontroller.cs in SourceAssetDB has modification time of '2026-01-31T14:23:20Z' while content on disk has modification time of '2026-01-31T17:15:45Z'
Number of updated asset objects reloaded before import = 0Number of asset objects unloaded after import = 0

========================================================================
Received Import Request.
  Time since last request: 0.000012 seconds.
  path: Assets/src/player/PlayerController.cs
  artifactKey: Guid(a6f611a2a8a96bd0da70d858a92280a9) Importer(815301076,1909f56bfc062723c751e8b465ee728b)
Start importing Assets/src/player/PlayerController.cs using Guid(a6f611a2a8a96bd0da70d858a92280a9) Importer(815301076,1909f56bfc062723c751e8b465ee728b) (PreviewImporter) -> (artifact id: '00000000000000000000000000000000') in 0.000446182 seconds
Import Error Code:(4)
Message: Build asset version error: assets/src/player/playercontroller.cs in SourceAssetDB has modification time of '2026-01-31T14:23:20Z' while content on disk has modification time of '2026-01-31T17:15:45Z'
  ERROR: Build asset version error: assets/src/player/playercontroller.cs in SourceAssetDB has modification time of '2026-01-31T14:23:20Z' while content on disk has modification time of '2026-01-31T17:15:45Z'
Number of updated asset objects reloaded before import = 0Number of asset objects unloaded after import = 0

========================================================================
Received Import Request.
  Time since last request: 0.002659 seconds.
  path: Assets/src/player/PlayerController.cs
  artifactKey: Guid(a6f611a2a8a96bd0da70d858a92280a9) Importer(815301076,1909f56bfc062723c751e8b465ee728b)
Start importing Assets/src/player/PlayerController.cs using Guid(a6f611a2a8a96bd0da70d858a92280a9) Importer(815301076,1909f56bfc062723c751e8b465ee728b) (PreviewImporter) -> (artifact id: '00000000000000000000000000000000') in 0.000630244 seconds
Import Error Code:(4)
Message: Build asset version error: assets/src/player/playercontroller.cs in SourceAssetDB has modification time of '2026-01-31T14:23:20Z' while content on disk has modification time of '2026-01-31T17:15:45Z'
  ERROR: Build asset version error: assets/src/player/playercontroller.cs in SourceAssetDB has modification time of '2026-01-31T14:23:20Z' while content on disk has modification time of '2026-01-31T17:15:45Z'
Number of updated asset objects reloaded before import = 0Number of asset objects unloaded after import = 0

========================================================================
Received Import Request.
  Time since last request: 0.000014 seconds.
  path: Assets/src/player/PlayerController.cs
  artifactKey: Guid(a6f611a2a8a96bd0da70d858a92280a9) Importer(815301076,1909f56bfc062723c751e8b465ee728b)
Start importing Assets/src/player/PlayerController.cs using Guid(a6f611a2a8a96bd0da70d858a92280a9) Importer(815301076,1909f56bfc062723c751e8b465ee728b) (PreviewImporter) -> (artifact id: '00000000000000000000000000000000') in 0.000412597 seconds
Import Error Code:(4)
Message: Build asset version error: assets/src/player/playercontroller.cs in SourceAssetDB has modification time of '2026-01-31T14:23:20Z' while content on disk has modification time of '2026-01-31T17:15:45Z'
  ERROR: Build asset version error: assets/src/player/playercontroller.cs in SourceAssetDB has modification time of '2026-01-31T14:23:20Z' while content on disk has modification time of '2026-01-31T17:15:45Z'
Number of updated asset objects reloaded before import = 0Number of asset objects unloaded after import = 0

========================================================================
Received Import Request.
  Time since last request: 0.009151 seconds.
  path: Assets/src/player/PlayerController.cs
  artifactKey: Guid(a6f611a2a8a96bd0da70d858a92280a9) Importer(815301076,1909f56bfc062723c751e8b465ee728b)
Start importing Assets/src/player/PlayerController.cs using Guid(a6f611a2a8a96bd0da70d858a92280a9) Importer(815301076,1909f56bfc062723c751e8b465ee728b) (PreviewImporter) -> (artifact id: '00000000000000000000000000000000') in 0.000493751 seconds
Import Error Code:(4)
Message: Build asset version error: assets/src/player/playercontroller.cs in SourceAssetDB has modification time of '2026-01-31T14:23:20Z' while content on disk has modification time of '2026-01-31T17:15:45Z'
  ERROR: Build asset version error: assets/src/player/playercontroller.cs in SourceAssetDB has modification time of '2026-01-31T14:23:20Z' while content on disk has modification time of '2026-01-31T17:15:45Z'
Number of updated asset objects reloaded before import = 0Number of asset objects unloaded after import = 0

========================================================================
Received Import Request.
  Time since last request: 0.000016 seconds.
  path: Assets/src/player/PlayerController.cs
  artifactKey: Guid(a6f611a2a8a96bd0da70d858a92280a9) Importer(815301076,1909f56bfc062723c751e8b465ee728b)
Start importing Assets/src/player/PlayerController.cs using Guid(a6f611a2a8a96bd0da70d858a92280a9) Importer(815301076,1909f56bfc062723c751e8b465ee728b) (PreviewImporter) -> (artifact id: '00000000000000000000000000000000') in 0.000384261 seconds
Import Error Code:(4)
Message: Build asset version error: assets/src/player/playercontroller.cs in SourceAssetDB has modification time of '2026-01-31T14:23:20Z' while content on disk has modification time of '2026-01-31T17:15:45Z'
  ERROR: Build asset version error: assets/src/player/playercontroller.cs in SourceAssetDB has modification time of '2026-01-31T14:23:20Z' while content on disk has modification time of '2026-01-31T17:15:45Z'
Number of updated asset objects reloaded before import = 0Number of asset objects unloaded after import = 0

========================================================================
Received Import Request.
  Time since last request: 0.000017 seconds.
  path: Assets/src/player/PlayerController.cs
  artifactKey: Guid(a6f611a2a8a96bd0da70d858a92280a9) Importer(815301076,1909f56bfc062723c751e8b465ee728b)
Start importing Assets/src/player/PlayerController.cs using Guid(a6f611a2a8a96bd0da70d858a92280a9) Importer(815301076,1909f56bfc062723c751e8b465ee728b) (PreviewImporter) -> (artifact id: '00000000000000000000000000000000') in 0.000525222 seconds
Import Error Code:(4)
Message: Build asset version error: assets/src/player/playercontroller.cs in SourceAssetDB has modification time of '2026-01-31T14:23:20Z' while content on disk has modification time of '2026-01-31T17:15:45Z'
  ERROR: Build asset version error: assets/src/player/playercontroller.cs in SourceAssetDB has modification time of '2026-01-31T14:23:20Z' while content on disk has modification time of '2026-01-31T17:15:45Z'
Number of updated asset objects reloaded before import = 0Number of asset objects unloaded after import = 0

========================================================================
Received Import Request.
  Time since last request: 0.003621 seconds.
  path: Assets/src/player/PlayerController.cs
  artifactKey: Guid(a6f611a2a8a96bd0da70d858a92280a9) Importer(815301076,1909f56bfc062723c751e8b465ee728b)
Start importing Assets/src/player/PlayerController.cs using Guid(a6f611a2a8a96bd0da70d858a92280a9) Importer(815301076,1909f56bfc062723c751e8b465ee728b) (PreviewImporter) -> (artifact id: '00000000000000000000000000000000') in 0.000664637 seconds
Import Error Code:(4)
Message: Build asset version error: assets/src/player/playercontroller.cs in SourceAssetDB has modification time of '2026-01-31T14:23:20Z' while content on disk has modification time of '2026-01-31T17:15:45Z'
  ERROR: Build asset version error: assets/src/player/playercontroller.cs in SourceAssetDB has modification time of '2026-01-31T14:23:20Z' while content on disk has modification time of '2026-01-31T17:15:45Z'
Number of updated asset objects reloaded before import = 0Number of asset objects unloaded after import = 0

========================================================================
Received Import Request.
  Time since last request: 0.000013 seconds.
  path: Assets/src/player/PlayerController.cs
  artifactKey: Guid(a6f611a2a8a96bd0da70d858a92280a9) Importer(815301076,1909f56bfc062723c751e8b465ee728b)
Start importing Assets/src/player/PlayerController.cs using Guid(a6f611a2a8a96bd0da70d858a92280a9) Importer(815301076,1909f56bfc062723c751e8b465ee728b) (PreviewImporter) -> (artifact id: '00000000000000000000000000000000') in 0.000508924 seconds
Import Error Code:(4)
Message: Build asset version error: assets/src/player/playercontroller.cs in SourceAssetDB has modification time of '2026-01-31T14:23:20Z' while content on disk has modification time of '2026-01-31T17:15:45Z'
  ERROR: Build asset version error: assets/src/player/playercontroller.cs in SourceAssetDB has modification time of '2026-01-31T14:23:20Z' while content on disk has modification time of '2026-01-31T17:15:45Z'
Number of updated asset objects reloaded before import = 0Number of asset objects unloaded after import = 0

========================================================================
Received Import Request.
  Time since last request: 0.000030 seconds.
  path: Assets/src/player/PlayerController.cs
  artifactKey: Guid(a6f611a2a8a96bd0da70d858a92280a9) Importer(815301076,1909f56bfc062723c751e8b465ee728b)
Start importing Assets/src/player/PlayerController.cs using Guid(a6f611a2a8a96bd0da70d858a92280a9) Importer(815301076,1909f56bfc062723c751e8b465ee728b) (PreviewImporter) -> (artifact id: '00000000000000000000000000000000') in 0.000465591 seconds
Import Error Code:(4)
Message: Build asset version error: assets/src/player/playercontroller.cs in SourceAssetDB has modification time of '2026-01-31T14:23:20Z' while content on disk has modification time of '2026-01-31T17:15:45Z'
  ERROR: Build asset version error: assets/src/player/playercontroller.cs in SourceAssetDB has modification time of '2026-01-31T14:23:20Z' while content on disk has modification time of '2026-01-31T17:15:45Z'
Number of updated asset objects reloaded before import = 0Number of asset objects unloaded after import = 0

========================================================================
Received Import Request.
  Time since last request: 0.001903 seconds.
  path: Assets/src/player/PlayerController.cs
  artifactKey: Guid(a6f611a2a8a96bd0da70d858a92280a9) Importer(815301076,1909f56bfc062723c751e8b465ee728b)
Start importing Assets/src/player/PlayerController.cs using Guid(a6f611a2a8a96bd0da70d858a92280a9) Importer(815301076,1909f56bfc062723c751e8b465ee728b) (PreviewImporter) -> (artifact id: '00000000000000000000000000000000') in 0.000533711 seconds
Import Error Code:(4)
Message: Build asset version error: assets/src/player/playercontroller.cs in SourceAssetDB has modification time of '2026-01-31T14:23:20Z' while content on disk has modification time of '2026-01-31T17:15:45Z'
  ERROR: Build asset version error: assets/src/player/playercontroller.cs in SourceAssetDB has modification time of '2026-01-31T14:23:20Z' while content on disk has modification time of '2026-01-31T17:15:45Z'
Number of updated asset objects reloaded before import = 0Number of asset objects unloaded after import = 0

========================================================================
Received Import Request.
  Time since last request: 0.000012 seconds.
  path: Assets/src/player/PlayerController.cs
  artifactKey: Guid(a6f611a2a8a96bd0da70d858a92280a9) Importer(815301076,1909f56bfc062723c751e8b465ee728b)
Start importing Assets/src/player/PlayerController.cs using Guid(a6f611a2a8a96bd0da70d858a92280a9) Importer(815301076,1909f56bfc062723c751e8b465ee728b) (PreviewImporter) -> (artifact id: '00000000000000000000000000000000') in 0.0004145 seconds
Import Error Code:(4)
Message: Build asset version error: assets/src/player/playercontroller.cs in SourceAssetDB has modification time of '2026-01-31T14:23:20Z' while content on disk has modification time of '2026-01-31T17:15:45Z'
  ERROR: Build asset version error: assets/src/player/playercontroller.cs in SourceAssetDB has modification time of '2026-01-31T14:23:20Z' while content on disk has modification time of '2026-01-31T17:15:45Z'
Number of updated asset objects reloaded before import = 0Number of asset objects unloaded after import = 0

========================================================================
Received Import Request.
  Time since last request: 0.000012 seconds.
  path: Assets/src/player/PlayerController.cs
  artifactKey: Guid(a6f611a2a8a96bd0da70d858a92280a9) Importer(815301076,1909f56bfc062723c751e8b465ee728b)
Start importing Assets/src/player/PlayerController.cs using Guid(a6f611a2a8a96bd0da70d858a92280a9) Importer(815301076,1909f56bfc062723c751e8b465ee728b) (PreviewImporter) -> (artifact id: '00000000000000000000000000000000') in 0.000378853 seconds
Import Error Code:(4)
Message: Build asset version error: assets/src/player/playercontroller.cs in SourceAssetDB has modification time of '2026-01-31T14:23:20Z' while content on disk has modification time of '2026-01-31T17:15:45Z'
  ERROR: Build asset version error: assets/src/player/playercontroller.cs in SourceAssetDB has modification time of '2026-01-31T14:23:20Z' while content on disk has modification time of '2026-01-31T17:15:45Z'
Number of updated asset objects reloaded before import = 0Number of asset objects unloaded after import = 0

========================================================================
Received Import Request.
  Time since last request: 0.000010 seconds.
  path: Assets/src/player/PlayerController.cs
  artifactKey: Guid(a6f611a2a8a96bd0da70d858a92280a9) Importer(815301076,1909f56bfc062723c751e8b465ee728b)
Start importing Assets/src/player/PlayerController.cs using Guid(a6f611a2a8a96bd0da70d858a92280a9) Importer(815301076,1909f56bfc062723c751e8b465ee728b) (PreviewImporter) -> (artifact id: '00000000000000000000000000000000') in 0.000483995 seconds
Import Error Code:(4)
Message: Build asset version error: assets/src/player/playercontroller.cs in SourceAssetDB has modification time of '2026-01-31T14:23:20Z' while content on disk has modification time of '2026-01-31T17:15:45Z'
  ERROR: Build asset version error: assets/src/player/playercontroller.cs in SourceAssetDB has modification time of '2026-01-31T14:23:20Z' while content on disk has modification time of '2026-01-31T17:15:45Z'
Number of updated asset objects reloaded before import = 0Number of asset objects unloaded after import = 0

========================================================================
Received Import Request.
  Time since last request: 0.000019 seconds.
  path: Assets/src/player/PlayerController.cs
  artifactKey: Guid(a6f611a2a8a96bd0da70d858a92280a9) Importer(815301076,1909f56bfc062723c751e8b465ee728b)
Start importing Assets/src/player/PlayerController.cs using Guid(a6f611a2a8a96bd0da70d858a92280a9) Importer(815301076,1909f56bfc062723c751e8b465ee728b) (PreviewImporter) -> (artifact id: '00000000000000000000000000000000') in 0.00051071 seconds
Import Error Code:(4)
Message: Build asset version error: assets/src/player/playercontroller.cs in SourceAssetDB has modification time of '2026-01-31T14:23:20Z' while content on disk has modification time of '2026-01-31T17:15:45Z'
  ERROR: Build asset version error: assets/src/player/playercontroller.cs in SourceAssetDB has modification time of '2026-01-31T14:23:20Z' while content on disk has modification time of '2026-01-31T17:15:45Z'
Number of updated asset objects reloaded before import = 0Number of asset objects unloaded after import = 0

========================================================================
Received Import Request.
  Time since last request: 0.002687 seconds.
  path: Assets/src/player/PlayerController.cs
  artifactKey: Guid(a6f611a2a8a96bd0da70d858a92280a9) Importer(815301076,1909f56bfc062723c751e8b465ee728b)
Start importing Assets/src/player/PlayerController.cs using Guid(a6f611a2a8a96bd0da70d858a92280a9) Importer(815301076,1909f56bfc062723c751e8b465ee728b) (PreviewImporter) -> (artifact id: '00000000000000000000000000000000') in 0.000765597 seconds
Import Error Code:(4)
Message: Build asset version error: assets/src/player/playercontroller.cs in SourceAssetDB has modification time of '2026-01-31T14:23:20Z' while content on disk has modification time of '2026-01-31T17:15:45Z'
  ERROR: Build asset version error: assets/src/player/playercontroller.cs in SourceAssetDB has modification time of '2026-01-31T14:23:20Z' while content on disk has modification time of '2026-01-31T17:15:45Z'
Number of updated asset objects reloaded before import = 0Number of asset objects unloaded after import = 0

========================================================================
Received Import Request.
  Time since last request: 0.000011 seconds.
  path: Assets/src/player/PlayerController.cs
  artifactKey: Guid(a6f611a2a8a96bd0da70d858a92280a9) Importer(815301076,1909f56bfc062723c751e8b465ee728b)
Start importing Assets/src/player/PlayerController.cs using Guid(a6f611a2a8a96bd0da70d858a92280a9) Importer(815301076,1909f56bfc062723c751e8b465ee728b) (PreviewImporter) -> (artifact id: '00000000000000000000000000000000') in 0.000528486 seconds
Import Error Code:(4)
Message: Build asset version error: assets/src/player/playercontroller.cs in SourceAssetDB has modification time of '2026-01-31T14:23:20Z' while content on disk has modification time of '2026-01-31T17:15:45Z'
  ERROR: Build asset version error: assets/src/player/playercontroller.cs in SourceAssetDB has modification time of '2026-01-31T14:23:20Z' while content on disk has modification time of '2026-01-31T17:15:45Z'
Number of updated asset objects reloaded before import = 0Number of asset objects unloaded after import = 0

========================================================================
Received Import Request.
  Time since last request: 0.000013 seconds.
  path: Assets/src/player/PlayerController.cs
  artifactKey: Guid(a6f611a2a8a96bd0da70d858a92280a9) Importer(815301076,1909f56bfc062723c751e8b465ee728b)
Start importing Assets/src/player/PlayerController.cs using Guid(a6f611a2a8a96bd0da70d858a92280a9) Importer(815301076,1909f56bfc062723c751e8b465ee728b) (PreviewImporter) -> (artifact id: '00000000000000000000000000000000') in 0.000651253 seconds
Import Error Code:(4)
Message: Build asset version error: assets/src/player/playercontroller.cs in SourceAssetDB has modification time of '2026-01-31T14:23:20Z' while content on disk has modification time of '2026-01-31T17:15:45Z'
  ERROR: Build asset version error: assets/src/player/playercontroller.cs in SourceAssetDB has modification time of '2026-01-31T14:23:20Z' while content on disk has modification time of '2026-01-31T17:15:45Z'
Number of updated asset objects reloaded before import = 0Number of asset objects unloaded after import = 0

========================================================================
Received Import Request.
  Time since last request: 0.000015 seconds.
  path: Assets/src/player/PlayerController.cs
  artifactKey: Guid(a6f611a2a8a96bd0da70d858a92280a9) Importer(815301076,1909f56bfc062723c751e8b465ee728b)
Start importing Assets/src/player/PlayerController.cs using Guid(a6f611a2a8a96bd0da70d858a92280a9) Importer(815301076,1909f56bfc062723c751e8b465ee728b) (PreviewImporter) -> (artifact id: '00000000000000000000000000000000') in 0.000748306 seconds
Import Error Code:(4)
Message: Build asset version error: assets/src/player/playercontroller.cs in SourceAssetDB has modification time of '2026-01-31T14:23:20Z' while content on disk has modification time of '2026-01-31T17:15:45Z'
  ERROR: Build asset version error: assets/src/player/playercontroller.cs in SourceAssetDB has modification time of '2026-01-31T14:23:20Z' while content on disk has modification time of '2026-01-31T17:15:45Z'
Number of updated asset objects reloaded before import = 0Number of asset objects unloaded after import = 0

========================================================================
Received Import Request.
  Time since last request: 0.000036 seconds.
  path: Assets/src/player/PlayerController.cs
  artifactKey: Guid(a6f611a2a8a96bd0da70d858a92280a9) Importer(815301076,1909f56bfc062723c751e8b465ee728b)
Start importing Assets/src/player/PlayerController.cs using Guid(a6f611a2a8a96bd0da70d858a92280a9) Importer(815301076,1909f56bfc062723c751e8b465ee728b) (PreviewImporter) -> (artifact id: '00000000000000000000000000000000') in 0.000429867 seconds
Import Error Code:(4)
Message: Build asset version error: assets/src/player/playercontroller.cs in SourceAssetDB has modification time of '2026-01-31T14:23:20Z' while content on disk has modification time of '2026-01-31T17:15:45Z'
  ERROR: Build asset version error: assets/src/player/playercontroller.cs in SourceAssetDB has modification time of '2026-01-31T14:23:20Z' while content on disk has modification time of '2026-01-31T17:15:45Z'
Number of updated asset objects reloaded before import = 0Number of asset objects unloaded after import = 0

========================================================================
Received Import Request.
  Time since last request: 0.000016 seconds.
  path: Assets/src/player/PlayerController.cs
  artifactKey: Guid(a6f611a2a8a96bd0da70d858a92280a9) Importer(815301076,1909f56bfc062723c751e8b465ee728b)
Start importing Assets/src/player/PlayerController.cs using Guid(a6f611a2a8a96bd0da70d858a92280a9) Importer(815301076,1909f56bfc062723c751e8b465ee728b) (PreviewImporter) -> (artifact id: '00000000000000000000000000000000') in 0.000482625 seconds
Import Error Code:(4)
Message: Build asset version error: assets/src/player/playercontroller.cs in SourceAssetDB has modification time of '2026-01-31T14:23:20Z' while content on disk has modification time of '2026-01-31T17:15:45Z'
  ERROR: Build asset version error: assets/src/player/playercontroller.cs in SourceAssetDB has modification time of '2026-01-31T14:23:20Z' while content on disk has modification time of '2026-01-31T17:15:45Z'
Number of updated asset objects reloaded before import = 0Number of asset objects unloaded after import = 0

========================================================================
Received Import Request.
  Time since last request: 0.000015 seconds.
  path: Assets/src/player/PlayerController.cs
  artifactKey: Guid(a6f611a2a8a96bd0da70d858a92280a9) Importer(815301076,1909f56bfc062723c751e8b465ee728b)
Start importing Assets/src/player/PlayerController.cs using Guid(a6f611a2a8a96bd0da70d858a92280a9) Importer(815301076,1909f56bfc062723c751e8b465ee728b) (PreviewImporter) -> (artifact id: '00000000000000000000000000000000') in 0.001086719 seconds
Import Error Code:(4)
Message: Build asset version error: assets/src/player/playercontroller.cs in SourceAssetDB has modification time of '2026-01-31T14:23:20Z' while content on disk has modification time of '2026-01-31T17:15:45Z'
  ERROR: Build asset version error: assets/src/player/playercontroller.cs in SourceAssetDB has modification time of '2026-01-31T14:23:20Z' while content on disk has modification time of '2026-01-31T17:15:45Z'
Number of updated asset objects reloaded before import = 0Number of asset objects unloaded after import = 0

========================================================================
Received Import Request.
  Time since last request: 0.000017 seconds.
  path: Assets/src/player/PlayerController.cs
  artifactKey: Guid(a6f611a2a8a96bd0da70d858a92280a9) Importer(815301076,1909f56bfc062723c751e8b465ee728b)
Start importing Assets/src/player/PlayerController.cs using Guid(a6f611a2a8a96bd0da70d858a92280a9) Importer(815301076,1909f56bfc062723c751e8b465ee728b) (PreviewImporter) -> (artifact id: '00000000000000000000000000000000') in 0.00040965 seconds
Import Error Code:(4)
Message: Build asset version error: assets/src/player/playercontroller.cs in SourceAssetDB has modification time of '2026-01-31T14:23:20Z' while content on disk has modification time of '2026-01-31T17:15:45Z'
  ERROR: Build asset version error: assets/src/player/playercontroller.cs in SourceAssetDB has modification time of '2026-01-31T14:23:20Z' while content on disk has modification time of '2026-01-31T17:15:45Z'
Number of updated asset objects reloaded before import = 0Number of asset objects unloaded after import = 0

========================================================================
Received Import Request.
  Time since last request: 0.000026 seconds.
  path: Assets/src/player/PlayerController.cs
  artifactKey: Guid(a6f611a2a8a96bd0da70d858a92280a9) Importer(815301076,1909f56bfc062723c751e8b465ee728b)
Start importing Assets/src/player/PlayerController.cs using Guid(a6f611a2a8a96bd0da70d858a92280a9) Importer(815301076,1909f56bfc062723c751e8b465ee728b) (PreviewImporter) -> (artifact id: '00000000000000000000000000000000') in 0.00055953 seconds
Import Error Code:(4)
Message: Build asset version error: assets/src/player/playercontroller.cs in SourceAssetDB has modification time of '2026-01-31T14:23:20Z' while content on disk has modification time of '2026-01-31T17:15:45Z'
  ERROR: Build asset version error: assets/src/player/playercontroller.cs in SourceAssetDB has modification time of '2026-01-31T14:23:20Z' while content on disk has modification time of '2026-01-31T17:15:45Z'
Number of updated asset objects reloaded before import = 0Number of asset objects unloaded after import = 0

========================================================================
Received Import Request.
  Time since last request: 0.000032 seconds.
  path: Assets/src/player/PlayerController.cs
  artifactKey: Guid(a6f611a2a8a96bd0da70d858a92280a9) Importer(815301076,1909f56bfc062723c751e8b465ee728b)
Start importing Assets/src/player/PlayerController.cs using Guid(a6f611a2a8a96bd0da70d858a92280a9) Importer(815301076,1909f56bfc062723c751e8b465ee728b) (PreviewImporter) -> (artifact id: '00000000000000000000000000000000') in 0.000500392 seconds
Import Error Code:(4)
Message: Build asset version error: assets/src/player/playercontroller.cs in SourceAssetDB has modification time of '2026-01-31T14:23:20Z' while content on disk has modification time of '2026-01-31T17:15:45Z'
  ERROR: Build asset version error: assets/src/player/playercontroller.cs in SourceAssetDB has modification time of '2026-01-31T14:23:20Z' while content on disk has modification time of '2026-01-31T17:15:45Z'
Number of updated asset objects reloaded before import = 0Number of asset objects unloaded after import = 0

========================================================================
Received Import Request.
  Time since last request: 0.001591 seconds.
  path: Assets/src/player/PlayerController.cs
  artifactKey: Guid(a6f611a2a8a96bd0da70d858a92280a9) Importer(815301076,1909f56bfc062723c751e8b465ee728b)
Start importing Assets/src/player/PlayerController.cs using Guid(a6f611a2a8a96bd0da70d858a92280a9) Importer(815301076,1909f56bfc062723c751e8b465ee728b) (PreviewImporter) -> (artifact id: '00000000000000000000000000000000') in 0.000641607 seconds
Import Error Code:(4)
Message: Build asset version error: assets/src/player/playercontroller.cs in SourceAssetDB has modification time of '2026-01-31T14:23:20Z' while content on disk has modification time of '2026-01-31T17:15:45Z'
  ERROR: Build asset version error: assets/src/player/playercontroller.cs in SourceAssetDB has modification time of '2026-01-31T14:23:20Z' while content on disk has modification time of '2026-01-31T17:15:45Z'
Number of updated asset objects reloaded before import = 0Number of asset objects unloaded after import = 0

========================================================================
Received Import Request.
  Time since last request: 0.000010 seconds.
  path: Assets/src/player/PlayerController.cs
  artifactKey: Guid(a6f611a2a8a96bd0da70d858a92280a9) Importer(815301076,1909f56bfc062723c751e8b465ee728b)
Start importing Assets/src/player/PlayerController.cs using Guid(a6f611a2a8a96bd0da70d858a92280a9) Importer(815301076,1909f56bfc062723c751e8b465ee728b) (PreviewImporter) -> (artifact id: '00000000000000000000000000000000') in 0.000462308 seconds
Import Error Code:(4)
Message: Build asset version error: assets/src/player/playercontroller.cs in SourceAssetDB has modification time of '2026-01-31T14:23:20Z' while content on disk has modification time of '2026-01-31T17:15:45Z'
  ERROR: Build asset version error: assets/src/player/playercontroller.cs in SourceAssetDB has modification time of '2026-01-31T14:23:20Z' while content on disk has modification time of '2026-01-31T17:15:45Z'
Number of updated asset objects reloaded before import = 0Number of asset objects unloaded after import = 0

========================================================================
Received Import Request.
  Time since last request: 0.000015 seconds.
  path: Assets/src/player/PlayerController.cs
  artifactKey: Guid(a6f611a2a8a96bd0da70d858a92280a9) Importer(815301076,1909f56bfc062723c751e8b465ee728b)
Start importing Assets/src/player/PlayerController.cs using Guid(a6f611a2a8a96bd0da70d858a92280a9) Importer(815301076,1909f56bfc062723c751e8b465ee728b) (PreviewImporter) -> (artifact id: '00000000000000000000000000000000') in 0.000483413 seconds
Import Error Code:(4)
Message: Build asset version error: assets/src/player/playercontroller.cs in SourceAssetDB has modification time of '2026-01-31T14:23:20Z' while content on disk has modification time of '2026-01-31T17:15:45Z'
  ERROR: Build asset version error: assets/src/player/playercontroller.cs in SourceAssetDB has modification time of '2026-01-31T14:23:20Z' while content on disk has modification time of '2026-01-31T17:15:45Z'
Number of updated asset objects reloaded before import = 0Number of asset objects unloaded after import = 0

========================================================================
Received Import Request.
  Time since last request: 0.003064 seconds.
  path: Assets/src/player/PlayerController.cs
  artifactKey: Guid(a6f611a2a8a96bd0da70d858a92280a9) Importer(815301076,1909f56bfc062723c751e8b465ee728b)
Start importing Assets/src/player/PlayerController.cs using Guid(a6f611a2a8a96bd0da70d858a92280a9) Importer(815301076,1909f56bfc062723c751e8b465ee728b) (PreviewImporter) -> (artifact id: '00000000000000000000000000000000') in 0.000833568 seconds
Import Error Code:(4)
Message: Build asset version error: assets/src/player/playercontroller.cs in SourceAssetDB has modification time of '2026-01-31T14:23:20Z' while content on disk has modification time of '2026-01-31T17:15:45Z'
  ERROR: Build asset version error: assets/src/player/playercontroller.cs in SourceAssetDB has modification time of '2026-01-31T14:23:20Z' while content on disk has modification time of '2026-01-31T17:15:45Z'
Number of updated asset objects reloaded before import = 0Number of asset objects unloaded after import = 0

========================================================================
Received Import Request.
  Time since last request: 0.000011 seconds.
  path: Assets/src/player/PlayerController.cs
  artifactKey: Guid(a6f611a2a8a96bd0da70d858a92280a9) Importer(815301076,1909f56bfc062723c751e8b465ee728b)
Start importing Assets/src/player/PlayerController.cs using Guid(a6f611a2a8a96bd0da70d858a92280a9) Importer(815301076,1909f56bfc062723c751e8b465ee728b) (PreviewImporter) -> (artifact id: '00000000000000000000000000000000') in 0.000537053 seconds
Import Error Code:(4)
Message: Build asset version error: assets/src/player/playercontroller.cs in SourceAssetDB has modification time of '2026-01-31T14:23:20Z' while content on disk has modification time of '2026-01-31T17:15:45Z'
  ERROR: Build asset version error: assets/src/player/playercontroller.cs in SourceAssetDB has modification time of '2026-01-31T14:23:20Z' while content on disk has modification time of '2026-01-31T17:15:45Z'
Number of updated asset objects reloaded before import = 0Number of asset objects unloaded after import = 0

========================================================================
Received Import Request.
  Time since last request: 0.000011 seconds.
  path: Assets/src/player/PlayerController.cs
  artifactKey: Guid(a6f611a2a8a96bd0da70d858a92280a9) Importer(815301076,1909f56bfc062723c751e8b465ee728b)
Start importing Assets/src/player/PlayerController.cs using Guid(a6f611a2a8a96bd0da70d858a92280a9) Importer(815301076,1909f56bfc062723c751e8b465ee728b) (PreviewImporter) -> (artifact id: '00000000000000000000000000000000') in 0.000365896 seconds
Import Error Code:(4)
Message: Build asset version error: assets/src/player/playercontroller.cs in SourceAssetDB has modification time of '2026-01-31T14:23:20Z' while content on disk has modification time of '2026-01-31T17:15:45Z'
  ERROR: Build asset version error: assets/src/player/playercontroller.cs in SourceAssetDB has modification time of '2026-01-31T14:23:20Z' while content on disk has modification time of '2026-01-31T17:15:45Z'
Number of updated asset objects reloaded before import = 0Number of asset objects unloaded after import = 0

========================================================================
Received Import Request.
  Time since last request: 0.004461 seconds.
  path: Assets/src/player/PlayerController.cs
  artifactKey: Guid(a6f611a2a8a96bd0da70d858a92280a9) Importer(815301076,1909f56bfc062723c751e8b465ee728b)
Start importing Assets/src/player/PlayerController.cs using Guid(a6f611a2a8a96bd0da70d858a92280a9) Importer(815301076,1909f56bfc062723c751e8b465ee728b) (PreviewImporter) -> (artifact id: '00000000000000000000000000000000') in 0.000612019 seconds
Import Error Code:(4)
Message: Build asset version error: assets/src/player/playercontroller.cs in SourceAssetDB has modification time of '2026-01-31T14:23:20Z' while content on disk has modification time of '2026-01-31T17:15:45Z'
  ERROR: Build asset version error: assets/src/player/playercontroller.cs in SourceAssetDB has modification time of '2026-01-31T14:23:20Z' while content on disk has modification time of '2026-01-31T17:15:45Z'
Number of updated asset objects reloaded before import = 0Number of asset objects unloaded after import = 0

========================================================================
Received Import Request.
  Time since last request: 0.000012 seconds.
  path: Assets/src/player/PlayerController.cs
  artifactKey: Guid(a6f611a2a8a96bd0da70d858a92280a9) Importer(815301076,1909f56bfc062723c751e8b465ee728b)
Start importing Assets/src/player/PlayerController.cs using Guid(a6f611a2a8a96bd0da70d858a92280a9) Importer(815301076,1909f56bfc062723c751e8b465ee728b) (PreviewImporter) -> (artifact id: '00000000000000000000000000000000') in 0.000503642 seconds
Import Error Code:(4)
Message: Build asset version error: assets/src/player/playercontroller.cs in SourceAssetDB has modification time of '2026-01-31T14:23:20Z' while content on disk has modification time of '2026-01-31T17:15:45Z'
  ERROR: Build asset version error: assets/src/player/playercontroller.cs in SourceAssetDB has modification time of '2026-01-31T14:23:20Z' while content on disk has modification time of '2026-01-31T17:15:45Z'
Number of updated asset objects reloaded before import = 0Number of asset objects unloaded after import = 0

========================================================================
Received Import Request.
  Time since last request: 0.000011 seconds.
  path: Assets/src/player/PlayerController.cs
  artifactKey: Guid(a6f611a2a8a96bd0da70d858a92280a9) Importer(815301076,1909f56bfc062723c751e8b465ee728b)
Start importing Assets/src/player/PlayerController.cs using Guid(a6f611a2a8a96bd0da70d858a92280a9) Importer(815301076,1909f56bfc062723c751e8b465ee728b) (PreviewImporter) -> (artifact id: '00000000000000000000000000000000') in 0.00042587 seconds
Import Error Code:(4)
Message: Build asset version error: assets/src/player/playercontroller.cs in SourceAssetDB has modification time of '2026-01-31T14:23:20Z' while content on disk has modification time of '2026-01-31T17:15:45Z'
  ERROR: Build asset version error: assets/src/player/playercontroller.cs in SourceAssetDB has modification time of '2026-01-31T14:23:20Z' while content on disk has modification time of '2026-01-31T17:15:45Z'
Number of updated asset objects reloaded before import = 0Number of asset objects unloaded after import = 0

========================================================================
Received Import Request.
  Time since last request: 0.000011 seconds.
  path: Assets/src/player/PlayerController.cs
  artifactKey: Guid(a6f611a2a8a96bd0da70d858a92280a9) Importer(815301076,1909f56bfc062723c751e8b465ee728b)
Start importing Assets/src/player/PlayerController.cs using Guid(a6f611a2a8a96bd0da70d858a92280a9) Importer(815301076,1909f56bfc062723c751e8b465ee728b) (PreviewImporter) -> (artifact id: '00000000000000000000000000000000') in 0.000456824 seconds
Import Error Code:(4)
Message: Build asset version error: assets/src/player/playercontroller.cs in SourceAssetDB has modification time of '2026-01-31T14:23:20Z' while content on disk has modification time of '2026-01-31T17:15:45Z'
  ERROR: Build asset version error: assets/src/player/playercontroller.cs in SourceAssetDB has modification time of '2026-01-31T14:23:20Z' while content on disk has modification time of '2026-01-31T17:15:45Z'
Number of updated asset objects reloaded before import = 0Number of asset objects unloaded after import = 0

========================================================================
Received Import Request.
  Time since last request: 0.000014 seconds.
  path: Assets/src/player/PlayerController.cs
  artifactKey: Guid(a6f611a2a8a96bd0da70d858a92280a9) Importer(815301076,1909f56bfc062723c751e8b465ee728b)
Start importing Assets/src/player/PlayerController.cs using Guid(a6f611a2a8a96bd0da70d858a92280a9) Importer(815301076,1909f56bfc062723c751e8b465ee728b) (PreviewImporter) -> (artifact id: '00000000000000000000000000000000') in 0.000394645 seconds
Import Error Code:(4)
Message: Build asset version error: assets/src/player/playercontroller.cs in SourceAssetDB has modification time of '2026-01-31T14:23:20Z' while content on disk has modification time of '2026-01-31T17:15:45Z'
  ERROR: Build asset version error: assets/src/player/playercontroller.cs in SourceAssetDB has modification time of '2026-01-31T14:23:20Z' while content on disk has modification time of '2026-01-31T17:15:45Z'
Number of updated asset objects reloaded before import = 0Number of asset objects unloaded after import = 0

========================================================================
Received Import Request.
  Time since last request: 0.004008 seconds.
  path: Assets/src/player/PlayerController.cs
  artifactKey: Guid(a6f611a2a8a96bd0da70d858a92280a9) Importer(815301076,1909f56bfc062723c751e8b465ee728b)
Start importing Assets/src/player/PlayerController.cs using Guid(a6f611a2a8a96bd0da70d858a92280a9) Importer(815301076,1909f56bfc062723c751e8b465ee728b) (PreviewImporter) -> (artifact id: '00000000000000000000000000000000') in 0.000570783 seconds
Import Error Code:(4)
Message: Build asset version error: assets/src/player/playercontroller.cs in SourceAssetDB has modification time of '2026-01-31T14:23:20Z' while content on disk has modification time of '2026-01-31T17:15:45Z'
  ERROR: Build asset version error: assets/src/player/playercontroller.cs in SourceAssetDB has modification time of '2026-01-31T14:23:20Z' while content on disk has modification time of '2026-01-31T17:15:45Z'
Number of updated asset objects reloaded before import = 0Number of asset objects unloaded after import = 0

========================================================================
Received Import Request.
  Time since last request: 0.000012 seconds.
  path: Assets/src/player/PlayerController.cs
  artifactKey: Guid(a6f611a2a8a96bd0da70d858a92280a9) Importer(815301076,1909f56bfc062723c751e8b465ee728b)
Start importing Assets/src/player/PlayerController.cs using Guid(a6f611a2a8a96bd0da70d858a92280a9) Importer(815301076,1909f56bfc062723c751e8b465ee728b) (PreviewImporter) -> (artifact id: '00000000000000000000000000000000') in 0.000442679 seconds
Import Error Code:(4)
Message: Build asset version error: assets/src/player/playercontroller.cs in SourceAssetDB has modification time of '2026-01-31T14:23:20Z' while content on disk has modification time of '2026-01-31T17:15:45Z'
  ERROR: Build asset version error: assets/src/player/playercontroller.cs in SourceAssetDB has modification time of '2026-01-31T14:23:20Z' while content on disk has modification time of '2026-01-31T17:15:45Z'
Number of updated asset objects reloaded before import = 0Number of asset objects unloaded after import = 0

========================================================================
Received Import Request.
  Time since last request: 0.000011 seconds.
  path: Assets/src/player/PlayerController.cs
  artifactKey: Guid(a6f611a2a8a96bd0da70d858a92280a9) Importer(815301076,1909f56bfc062723c751e8b465ee728b)
Start importing Assets/src/player/PlayerController.cs using Guid(a6f611a2a8a96bd0da70d858a92280a9) Importer(815301076,1909f56bfc062723c751e8b465ee728b) (PreviewImporter) -> (artifact id: '00000000000000000000000000000000') in 0.000422943 seconds
Import Error Code:(4)
Message: Build asset version error: assets/src/player/playercontroller.cs in SourceAssetDB has modification time of '2026-01-31T14:23:20Z' while content on disk has modification time of '2026-01-31T17:15:45Z'
  ERROR: Build asset version error: assets/src/player/playercontroller.cs in SourceAssetDB has modification time of '2026-01-31T14:23:20Z' while content on disk has modification time of '2026-01-31T17:15:45Z'
Number of updated asset objects reloaded before import = 0Number of asset objects unloaded after import = 0

========================================================================
Received Import Request.
  Time since last request: 0.000015 seconds.
  path: Assets/src/player/PlayerController.cs
  artifactKey: Guid(a6f611a2a8a96bd0da70d858a92280a9) Importer(815301076,1909f56bfc062723c751e8b465ee728b)
Start importing Assets/src/player/PlayerController.cs using Guid(a6f611a2a8a96bd0da70d858a92280a9) Importer(815301076,1909f56bfc062723c751e8b465ee728b) (PreviewImporter) -> (artifact id: '00000000000000000000000000000000') in 0.000475712 seconds
Import Error Code:(4)
Message: Build asset version error: assets/src/player/playercontroller.cs in SourceAssetDB has modification time of '2026-01-31T14:23:20Z' while content on disk has modification time of '2026-01-31T17:15:45Z'
  ERROR: Build asset version error: assets/src/player/playercontroller.cs in SourceAssetDB has modification time of '2026-01-31T14:23:20Z' while content on disk has modification time of '2026-01-31T17:15:45Z'
Number of updated asset objects reloaded before import = 0Number of asset objects unloaded after import = 0

========================================================================
Received Import Request.
  Time since last request: 0.000065 seconds.
  path: Assets/src/player/PlayerController.cs
  artifactKey: Guid(a6f611a2a8a96bd0da70d858a92280a9) Importer(815301076,1909f56bfc062723c751e8b465ee728b)
Start importing Assets/src/player/PlayerController.cs using Guid(a6f611a2a8a96bd0da70d858a92280a9) Importer(815301076,1909f56bfc062723c751e8b465ee728b) (PreviewImporter) -> (artifact id: '00000000000000000000000000000000') in 0.000399041 seconds
Import Error Code:(4)
Message: Build asset version error: assets/src/player/playercontroller.cs in SourceAssetDB has modification time of '2026-01-31T14:23:20Z' while content on disk has modification time of '2026-01-31T17:15:45Z'
  ERROR: Build asset version error: assets/src/player/playercontroller.cs in SourceAssetDB has modification time of '2026-01-31T14:23:20Z' while content on disk has modification time of '2026-01-31T17:15:45Z'
Number of updated asset objects reloaded before import = 0Number of asset objects unloaded after import = 0

========================================================================
Received Import Request.
  Time since last request: 0.004004 seconds.
  path: Assets/src/player/PlayerController.cs
  artifactKey: Guid(a6f611a2a8a96bd0da70d858a92280a9) Importer(815301076,1909f56bfc062723c751e8b465ee728b)
Start importing Assets/src/player/PlayerController.cs using Guid(a6f611a2a8a96bd0da70d858a92280a9) Importer(815301076,1909f56bfc062723c751e8b465ee728b) (PreviewImporter) -> (artifact id: '00000000000000000000000000000000') in 0.000749713 seconds
Import Error Code:(4)
Message: Build asset version error: assets/src/player/playercontroller.cs in SourceAssetDB has modification time of '2026-01-31T14:23:20Z' while content on disk has modification time of '2026-01-31T17:15:45Z'
  ERROR: Build asset version error: assets/src/player/playercontroller.cs in SourceAssetDB has modification time of '2026-01-31T14:23:20Z' while content on disk has modification time of '2026-01-31T17:15:45Z'
Number of updated asset objects reloaded before import = 0Number of asset objects unloaded after import = 0

========================================================================
Received Import Request.
  Time since last request: 0.000012 seconds.
  path: Assets/src/player/PlayerController.cs
  artifactKey: Guid(a6f611a2a8a96bd0da70d858a92280a9) Importer(815301076,1909f56bfc062723c751e8b465ee728b)
Start importing Assets/src/player/PlayerController.cs using Guid(a6f611a2a8a96bd0da70d858a92280a9) Importer(815301076,1909f56bfc062723c751e8b465ee728b) (PreviewImporter) -> (artifact id: '00000000000000000000000000000000') in 0.000479795 seconds
Import Error Code:(4)
Message: Build asset version error: assets/src/player/playercontroller.cs in SourceAssetDB has modification time of '2026-01-31T14:23:20Z' while content on disk has modification time of '2026-01-31T17:15:45Z'
  ERROR: Build asset version error: assets/src/player/playercontroller.cs in SourceAssetDB has modification time of '2026-01-31T14:23:20Z' while content on disk has modification time of '2026-01-31T17:15:45Z'
Number of updated asset objects reloaded before import = 0Number of asset objects unloaded after import = 0

========================================================================
Received Import Request.
  Time since last request: 0.000012 seconds.
  path: Assets/src/player/PlayerController.cs
  artifactKey: Guid(a6f611a2a8a96bd0da70d858a92280a9) Importer(815301076,1909f56bfc062723c751e8b465ee728b)
Start importing Assets/src/player/PlayerController.cs using Guid(a6f611a2a8a96bd0da70d858a92280a9) Importer(815301076,1909f56bfc062723c751e8b465ee728b) (PreviewImporter) -> (artifact id: '00000000000000000000000000000000') in 0.000388257 seconds
Import Error Code:(4)
Message: Build asset version error: assets/src/player/playercontroller.cs in SourceAssetDB has modification time of '2026-01-31T14:23:20Z' while content on disk has modification time of '2026-01-31T17:15:45Z'
  ERROR: Build asset version error: assets/src/player/playercontroller.cs in SourceAssetDB has modification time of '2026-01-31T14:23:20Z' while content on disk has modification time of '2026-01-31T17:15:45Z'
Number of updated asset objects reloaded before import = 0Number of asset objects unloaded after import = 0

========================================================================
Received Import Request.
  Time since last request: 0.000014 seconds.
  path: Assets/src/player/PlayerController.cs
  artifactKey: Guid(a6f611a2a8a96bd0da70d858a92280a9) Importer(815301076,1909f56bfc062723c751e8b465ee728b)
Start importing Assets/src/player/PlayerController.cs using Guid(a6f611a2a8a96bd0da70d858a92280a9) Importer(815301076,1909f56bfc062723c751e8b465ee728b) (PreviewImporter) -> (artifact id: '00000000000000000000000000000000') in 0.000455698 seconds
Import Error Code:(4)
Message: Build asset version error: assets/src/player/playercontroller.cs in SourceAssetDB has modification time of '2026-01-31T14:23:20Z' while content on disk has modification time of '2026-01-31T17:15:45Z'
  ERROR: Build asset version error: assets/src/player/playercontroller.cs in SourceAssetDB has modification time of '2026-01-31T14:23:20Z' while content on disk has modification time of '2026-01-31T17:15:45Z'
Number of updated asset objects reloaded before import = 0Number of asset objects unloaded after import = 0

========================================================================
Received Import Request.
  Time since last request: 0.000012 seconds.
  path: Assets/src/player/PlayerController.cs
  artifactKey: Guid(a6f611a2a8a96bd0da70d858a92280a9) Importer(815301076,1909f56bfc062723c751e8b465ee728b)
Start importing Assets/src/player/PlayerController.cs using Guid(a6f611a2a8a96bd0da70d858a92280a9) Importer(815301076,1909f56bfc062723c751e8b465ee728b) (PreviewImporter) -> (artifact id: '00000000000000000000000000000000') in 0.000495815 seconds
Import Error Code:(4)
Message: Build asset version error: assets/src/player/playercontroller.cs in SourceAssetDB has modification time of '2026-01-31T14:23:20Z' while content on disk has modification time of '2026-01-31T17:15:45Z'
  ERROR: Build asset version error: assets/src/player/playercontroller.cs in SourceAssetDB has modification time of '2026-01-31T14:23:20Z' while content on disk has modification time of '2026-01-31T17:15:45Z'
Number of updated asset objects reloaded before import = 0Number of asset objects unloaded after import = 0

========================================================================
Received Import Request.
  Time since last request: 0.000015 seconds.
  path: Assets/src/player/PlayerController.cs
  artifactKey: Guid(a6f611a2a8a96bd0da70d858a92280a9) Importer(815301076,1909f56bfc062723c751e8b465ee728b)
Start importing Assets/src/player/PlayerController.cs using Guid(a6f611a2a8a96bd0da70d858a92280a9) Importer(815301076,1909f56bfc062723c751e8b465ee728b) (PreviewImporter) -> (artifact id: '00000000000000000000000000000000') in 0.000493313 seconds
Import Error Code:(4)
Message: Build asset version error: assets/src/player/playercontroller.cs in SourceAssetDB has modification time of '2026-01-31T14:23:20Z' while content on disk has modification time of '2026-01-31T17:15:45Z'
  ERROR: Build asset version error: assets/src/player/playercontroller.cs in SourceAssetDB has modification time of '2026-01-31T14:23:20Z' while content on disk has modification time of '2026-01-31T17:15:45Z'
Number of updated asset objects reloaded before import = 0Number of asset objects unloaded after import = 0

========================================================================
Received Import Request.
  Time since last request: 0.000010 seconds.
  path: Assets/src/player/PlayerController.cs
  artifactKey: Guid(a6f611a2a8a96bd0da70d858a92280a9) Importer(815301076,1909f56bfc062723c751e8b465ee728b)
Start importing Assets/src/player/PlayerController.cs using Guid(a6f611a2a8a96bd0da70d858a92280a9) Importer(815301076,1909f56bfc062723c751e8b465ee728b) (PreviewImporter) -> (artifact id: '00000000000000000000000000000000') in 0.000759396 seconds
Import Error Code:(4)
Message: Build asset version error: assets/src/player/playercontroller.cs in SourceAssetDB has modification time of '2026-01-31T14:23:20Z' while content on disk has modification time of '2026-01-31T17:15:45Z'
  ERROR: Build asset version error: assets/src/player/playercontroller.cs in SourceAssetDB has modification time of '2026-01-31T14:23:20Z' while content on disk has modification time of '2026-01-31T17:15:45Z'
Number of updated asset objects reloaded before import = 0Number of asset objects unloaded after import = 0

========================================================================
Received Import Request.
  Time since last request: 0.000017 seconds.
  path: Assets/src/player/PlayerController.cs
  artifactKey: Guid(a6f611a2a8a96bd0da70d858a92280a9) Importer(815301076,1909f56bfc062723c751e8b465ee728b)
Start importing Assets/src/player/PlayerController.cs using Guid(a6f611a2a8a96bd0da70d858a92280a9) Importer(815301076,1909f56bfc062723c751e8b465ee728b) (PreviewImporter) -> (artifact id: '00000000000000000000000000000000') in 0.000420081 seconds
Import Error Code:(4)
Message: Build asset version error: assets/src/player/playercontroller.cs in SourceAssetDB has modification time of '2026-01-31T14:23:20Z' while content on disk has modification time of '2026-01-31T17:15:45Z'
  ERROR: Build asset version error: assets/src/player/playercontroller.cs in SourceAssetDB has modification time of '2026-01-31T14:23:20Z' while content on disk has modification time of '2026-01-31T17:15:45Z'
Number of updated asset objects reloaded before import = 0Number of asset objects unloaded after import = 0

========================================================================
Received Import Request.
  Time since last request: 0.000023 seconds.
  path: Assets/src/player/PlayerController.cs
  artifactKey: Guid(a6f611a2a8a96bd0da70d858a92280a9) Importer(815301076,1909f56bfc062723c751e8b465ee728b)
Start importing Assets/src/player/PlayerController.cs using Guid(a6f611a2a8a96bd0da70d858a92280a9) Importer(815301076,1909f56bfc062723c751e8b465ee728b) (PreviewImporter) -> (artifact id: '00000000000000000000000000000000') in 0.000375919 seconds
Import Error Code:(4)
Message: Build asset version error: assets/src/player/playercontroller.cs in SourceAssetDB has modification time of '2026-01-31T14:23:20Z' while content on disk has modification time of '2026-01-31T17:15:45Z'
  ERROR: Build asset version error: assets/src/player/playercontroller.cs in SourceAssetDB has modification time of '2026-01-31T14:23:20Z' while content on disk has modification time of '2026-01-31T17:15:45Z'
Number of updated asset objects reloaded before import = 0Number of asset objects unloaded after import = 0

========================================================================
Received Import Request.
  Time since last request: 0.000011 seconds.
  path: Assets/src/player/PlayerController.cs
  artifactKey: Guid(a6f611a2a8a96bd0da70d858a92280a9) Importer(815301076,1909f56bfc062723c751e8b465ee728b)
Start importing Assets/src/player/PlayerController.cs using Guid(a6f611a2a8a96bd0da70d858a92280a9) Importer(815301076,1909f56bfc062723c751e8b465ee728b) (PreviewImporter) -> (artifact id: '00000000000000000000000000000000') in 0.000423118 seconds
Import Error Code:(4)
Message: Build asset version error: assets/src/player/playercontroller.cs in SourceAssetDB has modification time of '2026-01-31T14:23:20Z' while content on disk has modification time of '2026-01-31T17:15:45Z'
  ERROR: Build asset version error: assets/src/player/playercontroller.cs in SourceAssetDB has modification time of '2026-01-31T14:23:20Z' while content on disk has modification time of '2026-01-31T17:15:45Z'
Number of updated asset objects reloaded before import = 0Number of asset objects unloaded after import = 0

========================================================================
Received Import Request.
  Time since last request: 0.000010 seconds.
  path: Assets/src/player/PlayerController.cs
  artifactKey: Guid(a6f611a2a8a96bd0da70d858a92280a9) Importer(815301076,1909f56bfc062723c751e8b465ee728b)
Start importing Assets/src/player/PlayerController.cs using Guid(a6f611a2a8a96bd0da70d858a92280a9) Importer(815301076,1909f56bfc062723c751e8b465ee728b) (PreviewImporter) -> (artifact id: '00000000000000000000000000000000') in 0.000412016 seconds
Import Error Code:(4)
Message: Build asset version error: assets/src/player/playercontroller.cs in SourceAssetDB has modification time of '2026-01-31T14:23:20Z' while content on disk has modification time of '2026-01-31T17:15:45Z'
  ERROR: Build asset version error: assets/src/player/playercontroller.cs in SourceAssetDB has modification time of '2026-01-31T14:23:20Z' while content on disk has modification time of '2026-01-31T17:15:45Z'
Number of updated asset objects reloaded before import = 0Number of asset objects unloaded after import = 0

========================================================================
Received Import Request.
  Time since last request: 0.000013 seconds.
  path: Assets/src/player/PlayerController.cs
  artifactKey: Guid(a6f611a2a8a96bd0da70d858a92280a9) Importer(815301076,1909f56bfc062723c751e8b465ee728b)
Start importing Assets/src/player/PlayerController.cs using Guid(a6f611a2a8a96bd0da70d858a92280a9) Importer(815301076,1909f56bfc062723c751e8b465ee728b) (PreviewImporter) -> (artifact id: '00000000000000000000000000000000') in 0.000420259 seconds
Import Error Code:(4)
Message: Build asset version error: assets/src/player/playercontroller.cs in SourceAssetDB has modification time of '2026-01-31T14:23:20Z' while content on disk has modification time of '2026-01-31T17:15:45Z'
  ERROR: Build asset version error: assets/src/player/playercontroller.cs in SourceAssetDB has modification time of '2026-01-31T14:23:20Z' while content on disk has modification time of '2026-01-31T17:15:45Z'
Number of updated asset objects reloaded before import = 0Number of asset objects unloaded after import = 0

========================================================================
Received Import Request.
  Time since last request: 0.000015 seconds.
  path: Assets/src/player/PlayerController.cs
  artifactKey: Guid(a6f611a2a8a96bd0da70d858a92280a9) Importer(815301076,1909f56bfc062723c751e8b465ee728b)
Start importing Assets/src/player/PlayerController.cs using Guid(a6f611a2a8a96bd0da70d858a92280a9) Importer(815301076,1909f56bfc062723c751e8b465ee728b) (PreviewImporter) -> (artifact id: '00000000000000000000000000000000') in 0.000406031 seconds
Import Error Code:(4)
Message: Build asset version error: assets/src/player/playercontroller.cs in SourceAssetDB has modification time of '2026-01-31T14:23:20Z' while content on disk has modification time of '2026-01-31T17:15:45Z'
  ERROR: Build asset version error: assets/src/player/playercontroller.cs in SourceAssetDB has modification time of '2026-01-31T14:23:20Z' while content on disk has modification time of '2026-01-31T17:15:45Z'
Number of updated asset objects reloaded before import = 0Number of asset objects unloaded after import = 0

========================================================================
Received Import Request.
  Time since last request: 0.003399 seconds.
  path: Assets/src/player/PlayerController.cs
  artifactKey: Guid(a6f611a2a8a96bd0da70d858a92280a9) Importer(815301076,1909f56bfc062723c751e8b465ee728b)
Start importing Assets/src/player/PlayerController.cs using Guid(a6f611a2a8a96bd0da70d858a92280a9) Importer(815301076,1909f56bfc062723c751e8b465ee728b) (PreviewImporter) -> (artifact id: '00000000000000000000000000000000') in 0.00048228 seconds
Import Error Code:(4)
Message: Build asset version error: assets/src/player/playercontroller.cs in SourceAssetDB has modification time of '2026-01-31T14:23:20Z' while content on disk has modification time of '2026-01-31T17:15:45Z'
  ERROR: Build asset version error: assets/src/player/playercontroller.cs in SourceAssetDB has modification time of '2026-01-31T14:23:20Z' while content on disk has modification time of '2026-01-31T17:15:45Z'
Number of updated asset objects reloaded before import = 0Number of asset objects unloaded after import = 0

========================================================================
Received Import Request.
  Time since last request: 0.000012 seconds.
  path: Assets/src/player/PlayerController.cs
  artifactKey: Guid(a6f611a2a8a96bd0da70d858a92280a9) Importer(815301076,1909f56bfc062723c751e8b465ee728b)
Start importing Assets/src/player/PlayerController.cs using Guid(a6f611a2a8a96bd0da70d858a92280a9) Importer(815301076,1909f56bfc062723c751e8b465ee728b) (PreviewImporter) -> (artifact id: '00000000000000000000000000000000') in 0.000625745 seconds
Import Error Code:(4)
Message: Build asset version error: assets/src/player/playercontroller.cs in SourceAssetDB has modification time of '2026-01-31T14:23:20Z' while content on disk has modification time of '2026-01-31T17:15:45Z'
  ERROR: Build asset version error: assets/src/player/playercontroller.cs in SourceAssetDB has modification time of '2026-01-31T14:23:20Z' while content on disk has modification time of '2026-01-31T17:15:45Z'
Number of updated asset objects reloaded before import = 0Number of asset objects unloaded after import = 0

========================================================================
Received Import Request.
  Time since last request: 0.000024 seconds.
  path: Assets/src/player/PlayerController.cs
  artifactKey: Guid(a6f611a2a8a96bd0da70d858a92280a9) Importer(815301076,1909f56bfc062723c751e8b465ee728b)
Start importing Assets/src/player/PlayerController.cs using Guid(a6f611a2a8a96bd0da70d858a92280a9) Importer(815301076,1909f56bfc062723c751e8b465ee728b) (PreviewImporter) -> (artifact id: '00000000000000000000000000000000') in 0.000396143 seconds
Import Error Code:(4)
Message: Build asset version error: assets/src/player/playercontroller.cs in SourceAssetDB has modification time of '2026-01-31T14:23:20Z' while content on disk has modification time of '2026-01-31T17:15:45Z'
  ERROR: Build asset version error: assets/src/player/playercontroller.cs in SourceAssetDB has modification time of '2026-01-31T14:23:20Z' while content on disk has modification time of '2026-01-31T17:15:45Z'
Number of updated asset objects reloaded before import = 0Number of asset objects unloaded after import = 0

========================================================================
Received Import Request.
  Time since last request: 0.000014 seconds.
  path: Assets/src/player/PlayerController.cs
  artifactKey: Guid(a6f611a2a8a96bd0da70d858a92280a9) Importer(815301076,1909f56bfc062723c751e8b465ee728b)
Start importing Assets/src/player/PlayerController.cs using Guid(a6f611a2a8a96bd0da70d858a92280a9) Importer(815301076,1909f56bfc062723c751e8b465ee728b) (PreviewImporter) -> (artifact id: '00000000000000000000000000000000') in 0.000730135 seconds
Import Error Code:(4)
Message: Build asset version error: assets/src/player/playercontroller.cs in SourceAssetDB has modification time of '2026-01-31T14:23:20Z' while content on disk has modification time of '2026-01-31T17:15:45Z'
  ERROR: Build asset version error: assets/src/player/playercontroller.cs in SourceAssetDB has modification time of '2026-01-31T14:23:20Z' while content on disk has modification time of '2026-01-31T17:15:45Z'
Number of updated asset objects reloaded before import = 0Number of asset objects unloaded after import = 0

========================================================================
Received Import Request.
  Time since last request: 0.000025 seconds.
  path: Assets/src/player/PlayerController.cs
  artifactKey: Guid(a6f611a2a8a96bd0da70d858a92280a9) Importer(815301076,1909f56bfc062723c751e8b465ee728b)
Start importing Assets/src/player/PlayerController.cs using Guid(a6f611a2a8a96bd0da70d858a92280a9) Importer(815301076,1909f56bfc062723c751e8b465ee728b) (PreviewImporter) -> (artifact id: '00000000000000000000000000000000') in 0.000409321 seconds
Import Error Code:(4)
Message: Build asset version error: assets/src/player/playercontroller.cs in SourceAssetDB has modification time of '2026-01-31T14:23:20Z' while content on disk has modification time of '2026-01-31T17:15:45Z'
  ERROR: Build asset version error: assets/src/player/playercontroller.cs in SourceAssetDB has modification time of '2026-01-31T14:23:20Z' while content on disk has modification time of '2026-01-31T17:15:45Z'
Number of updated asset objects reloaded before import = 0Number of asset objects unloaded after import = 0

========================================================================
Received Import Request.
  Time since last request: 0.000012 seconds.
  path: Assets/src/player/PlayerController.cs
  artifactKey: Guid(a6f611a2a8a96bd0da70d858a92280a9) Importer(815301076,1909f56bfc062723c751e8b465ee728b)
Start importing Assets/src/player/PlayerController.cs using Guid(a6f611a2a8a96bd0da70d858a92280a9) Importer(815301076,1909f56bfc062723c751e8b465ee728b) (PreviewImporter) -> (artifact id: '00000000000000000000000000000000') in 0.000465139 seconds
Import Error Code:(4)
Message: Build asset version error: assets/src/player/playercontroller.cs in SourceAssetDB has modification time of '2026-01-31T14:23:20Z' while content on disk has modification time of '2026-01-31T17:15:45Z'
  ERROR: Build asset version error: assets/src/player/playercontroller.cs in SourceAssetDB has modification time of '2026-01-31T14:23:20Z' while content on disk has modification time of '2026-01-31T17:15:45Z'
Number of updated asset objects reloaded before import = 0Number of asset objects unloaded after import = 0

========================================================================
Received Import Request.
  Time since last request: 0.000014 seconds.
  path: Assets/src/player/PlayerController.cs
  artifactKey: Guid(a6f611a2a8a96bd0da70d858a92280a9) Importer(815301076,1909f56bfc062723c751e8b465ee728b)
Start importing Assets/src/player/PlayerController.cs using Guid(a6f611a2a8a96bd0da70d858a92280a9) Importer(815301076,1909f56bfc062723c751e8b465ee728b) (PreviewImporter) -> (artifact id: '00000000000000000000000000000000') in 0.000785011 seconds
Import Error Code:(4)
Message: Build asset version error: assets/src/player/playercontroller.cs in SourceAssetDB has modification time of '2026-01-31T14:23:20Z' while content on disk has modification time of '2026-01-31T17:15:45Z'
  ERROR: Build asset version error: assets/src/player/playercontroller.cs in SourceAssetDB has modification time of '2026-01-31T14:23:20Z' while content on disk has modification time of '2026-01-31T17:15:45Z'
Number of updated asset objects reloaded before import = 0Number of asset objects unloaded after import = 0

========================================================================
Received Import Request.
  Time since last request: 0.000014 seconds.
  path: Assets/src/player/PlayerController.cs
  artifactKey: Guid(a6f611a2a8a96bd0da70d858a92280a9) Importer(815301076,1909f56bfc062723c751e8b465ee728b)
Start importing Assets/src/player/PlayerController.cs using Guid(a6f611a2a8a96bd0da70d858a92280a9) Importer(815301076,1909f56bfc062723c751e8b465ee728b) (PreviewImporter) -> (artifact id: '00000000000000000000000000000000') in 0.000388333 seconds
Import Error Code:(4)
Message: Build asset version error: assets/src/player/playercontroller.cs in SourceAssetDB has modification time of '2026-01-31T14:23:20Z' while content on disk has modification time of '2026-01-31T17:15:45Z'
  ERROR: Build asset version error: assets/src/player/playercontroller.cs in SourceAssetDB has modification time of '2026-01-31T14:23:20Z' while content on disk has modification time of '2026-01-31T17:15:45Z'
Number of updated asset objects reloaded before import = 0Number of asset objects unloaded after import = 0

========================================================================
Received Import Request.
  Time since last request: 0.004086 seconds.
  path: Assets/src/player/PlayerController.cs
  artifactKey: Guid(a6f611a2a8a96bd0da70d858a92280a9) Importer(815301076,1909f56bfc062723c751e8b465ee728b)
Start importing Assets/src/player/PlayerController.cs using Guid(a6f611a2a8a96bd0da70d858a92280a9) Importer(815301076,1909f56bfc062723c751e8b465ee728b) (PreviewImporter) -> (artifact id: '00000000000000000000000000000000') in 0.000751037 seconds
Import Error Code:(4)
Message: Build asset version error: assets/src/player/playercontroller.cs in SourceAssetDB has modification time of '2026-01-31T14:23:20Z' while content on disk has modification time of '2026-01-31T17:15:45Z'
  ERROR: Build asset version error: assets/src/player/playercontroller.cs in SourceAssetDB has modification time of '2026-01-31T14:23:20Z' while content on disk has modification time of '2026-01-31T17:15:45Z'
Number of updated asset objects reloaded before import = 0Number of asset objects unloaded after import = 0

========================================================================
Received Import Request.
  Time since last request: 0.000011 seconds.
  path: Assets/src/player/PlayerController.cs
  artifactKey: Guid(a6f611a2a8a96bd0da70d858a92280a9) Importer(815301076,1909f56bfc062723c751e8b465ee728b)
Start importing Assets/src/player/PlayerController.cs using Guid(a6f611a2a8a96bd0da70d858a92280a9) Importer(815301076,1909f56bfc062723c751e8b465ee728b) (PreviewImporter) -> (artifact id: '00000000000000000000000000000000') in 0.000637478 seconds
Import Error Code:(4)
Message: Build asset version error: assets/src/player/playercontroller.cs in SourceAssetDB has modification time of '2026-01-31T14:23:20Z' while content on disk has modification time of '2026-01-31T17:15:45Z'
  ERROR: Build asset version error: assets/src/player/playercontroller.cs in SourceAssetDB has modification time of '2026-01-31T14:23:20Z' while content on disk has modification time of '2026-01-31T17:15:45Z'
Number of updated asset objects reloaded before import = 0Number of asset objects unloaded after import = 0

========================================================================
Received Import Request.
  Time since last request: 0.000015 seconds.
  path: Assets/src/player/PlayerController.cs
  artifactKey: Guid(a6f611a2a8a96bd0da70d858a92280a9) Importer(815301076,1909f56bfc062723c751e8b465ee728b)
Start importing Assets/src/player/PlayerController.cs using Guid(a6f611a2a8a96bd0da70d858a92280a9) Importer(815301076,1909f56bfc062723c751e8b465ee728b) (PreviewImporter) -> (artifact id: '00000000000000000000000000000000') in 0.000403071 seconds
Import Error Code:(4)
Message: Build asset version error: assets/src/player/playercontroller.cs in SourceAssetDB has modification time of '2026-01-31T14:23:20Z' while content on disk has modification time of '2026-01-31T17:15:45Z'
  ERROR: Build asset version error: assets/src/player/playercontroller.cs in SourceAssetDB has modification time of '2026-01-31T14:23:20Z' while content on disk has modification time of '2026-01-31T17:15:45Z'
Number of updated asset objects reloaded before import = 0Number of asset objects unloaded after import = 0

========================================================================
Received Import Request.
  Time since last request: 0.000011 seconds.
  path: Assets/src/player/PlayerController.cs
  artifactKey: Guid(a6f611a2a8a96bd0da70d858a92280a9) Importer(815301076,1909f56bfc062723c751e8b465ee728b)
Start importing Assets/src/player/PlayerController.cs using Guid(a6f611a2a8a96bd0da70d858a92280a9) Importer(815301076,1909f56bfc062723c751e8b465ee728b) (PreviewImporter) -> (artifact id: '00000000000000000000000000000000') in 0.000427311 seconds
Import Error Code:(4)
Message: Build asset version error: assets/src/player/playercontroller.cs in SourceAssetDB has modification time of '2026-01-31T14:23:20Z' while content on disk has modification time of '2026-01-31T17:15:45Z'
  ERROR: Build asset version error: assets/src/player/playercontroller.cs in SourceAssetDB has modification time of '2026-01-31T14:23:20Z' while content on disk has modification time of '2026-01-31T17:15:45Z'
Number of updated asset objects reloaded before import = 0Number of asset objects unloaded after import = 0

========================================================================
Received Import Request.
  Time since last request: 0.000018 seconds.
  path: Assets/src/player/PlayerController.cs
  artifactKey: Guid(a6f611a2a8a96bd0da70d858a92280a9) Importer(815301076,1909f56bfc062723c751e8b465ee728b)
Start importing Assets/src/player/PlayerController.cs using Guid(a6f611a2a8a96bd0da70d858a92280a9) Importer(815301076,1909f56bfc062723c751e8b465ee728b) (PreviewImporter) -> (artifact id: '00000000000000000000000000000000') in 0.000395029 seconds
Import Error Code:(4)
Message: Build asset version error: assets/src/player/playercontroller.cs in SourceAssetDB has modification time of '2026-01-31T14:23:20Z' while content on disk has modification time of '2026-01-31T17:15:45Z'
  ERROR: Build asset version error: assets/src/player/playercontroller.cs in SourceAssetDB has modification time of '2026-01-31T14:23:20Z' while content on disk has modification time of '2026-01-31T17:15:45Z'
Number of updated asset objects reloaded before import = 0Number of asset objects unloaded after import = 0

========================================================================
Received Import Request.
  Time since last request: 0.002274 seconds.
  path: Assets/src/player/PlayerController.cs
  artifactKey: Guid(a6f611a2a8a96bd0da70d858a92280a9) Importer(815301076,1909f56bfc062723c751e8b465ee728b)
Start importing Assets/src/player/PlayerController.cs using Guid(a6f611a2a8a96bd0da70d858a92280a9) Importer(815301076,1909f56bfc062723c751e8b465ee728b) (PreviewImporter) -> (artifact id: '00000000000000000000000000000000') in 0.000415271 seconds
Import Error Code:(4)
Message: Build asset version error: assets/src/player/playercontroller.cs in SourceAssetDB has modification time of '2026-01-31T14:23:20Z' while content on disk has modification time of '2026-01-31T17:15:45Z'
  ERROR: Build asset version error: assets/src/player/playercontroller.cs in SourceAssetDB has modification time of '2026-01-31T14:23:20Z' while content on disk has modification time of '2026-01-31T17:15:45Z'
Number of updated asset objects reloaded before import = 0Number of asset objects unloaded after import = 0

========================================================================
Received Import Request.
  Time since last request: 0.000014 seconds.
  path: Assets/src/player/PlayerController.cs
  artifactKey: Guid(a6f611a2a8a96bd0da70d858a92280a9) Importer(815301076,1909f56bfc062723c751e8b465ee728b)
Start importing Assets/src/player/PlayerController.cs using Guid(a6f611a2a8a96bd0da70d858a92280a9) Importer(815301076,1909f56bfc062723c751e8b465ee728b) (PreviewImporter) -> (artifact id: '00000000000000000000000000000000') in 0.000460671 seconds
Import Error Code:(4)
Message: Build asset version error: assets/src/player/playercontroller.cs in SourceAssetDB has modification time of '2026-01-31T14:23:20Z' while content on disk has modification time of '2026-01-31T17:15:45Z'
  ERROR: Build asset version error: assets/src/player/playercontroller.cs in SourceAssetDB has modification time of '2026-01-31T14:23:20Z' while content on disk has modification time of '2026-01-31T17:15:45Z'
Number of updated asset objects reloaded before import = 0Number of asset objects unloaded after import = 0

========================================================================
Received Import Request.
  Time since last request: 0.000019 seconds.
<<<<<<< HEAD
  path: Assets/src/player/PlayerController.cs
  artifactKey: Guid(a6f611a2a8a96bd0da70d858a92280a9) Importer(815301076,1909f56bfc062723c751e8b465ee728b)
Start importing Assets/src/player/PlayerController.cs using Guid(a6f611a2a8a96bd0da70d858a92280a9) Importer(815301076,1909f56bfc062723c751e8b465ee728b) (PreviewImporter) -> (artifact id: '00000000000000000000000000000000') in 0.000491921 seconds
Import Error Code:(4)
Message: Build asset version error: assets/src/player/playercontroller.cs in SourceAssetDB has modification time of '2026-01-31T14:23:20Z' while content on disk has modification time of '2026-01-31T17:15:45Z'
  ERROR: Build asset version error: assets/src/player/playercontroller.cs in SourceAssetDB has modification time of '2026-01-31T14:23:20Z' while content on disk has modification time of '2026-01-31T17:15:45Z'
Number of updated asset objects reloaded before import = 0Number of asset objects unloaded after import = 0

========================================================================
Received Import Request.
  Time since last request: 0.003110 seconds.
  path: Assets/src/player/PlayerController.cs
  artifactKey: Guid(a6f611a2a8a96bd0da70d858a92280a9) Importer(815301076,1909f56bfc062723c751e8b465ee728b)
Start importing Assets/src/player/PlayerController.cs using Guid(a6f611a2a8a96bd0da70d858a92280a9) Importer(815301076,1909f56bfc062723c751e8b465ee728b) (PreviewImporter) -> (artifact id: '00000000000000000000000000000000') in 0.000634962 seconds
Import Error Code:(4)
Message: Build asset version error: assets/src/player/playercontroller.cs in SourceAssetDB has modification time of '2026-01-31T14:23:20Z' while content on disk has modification time of '2026-01-31T17:15:45Z'
  ERROR: Build asset version error: assets/src/player/playercontroller.cs in SourceAssetDB has modification time of '2026-01-31T14:23:20Z' while content on disk has modification time of '2026-01-31T17:15:45Z'
Number of updated asset objects reloaded before import = 0Number of asset objects unloaded after import = 0

========================================================================
Received Import Request.
  Time since last request: 0.000014 seconds.
  path: Assets/src/player/PlayerController.cs
  artifactKey: Guid(a6f611a2a8a96bd0da70d858a92280a9) Importer(815301076,1909f56bfc062723c751e8b465ee728b)
Start importing Assets/src/player/PlayerController.cs using Guid(a6f611a2a8a96bd0da70d858a92280a9) Importer(815301076,1909f56bfc062723c751e8b465ee728b) (PreviewImporter) -> (artifact id: '00000000000000000000000000000000') in 0.00046387 seconds
Import Error Code:(4)
Message: Build asset version error: assets/src/player/playercontroller.cs in SourceAssetDB has modification time of '2026-01-31T14:23:20Z' while content on disk has modification time of '2026-01-31T17:15:45Z'
  ERROR: Build asset version error: assets/src/player/playercontroller.cs in SourceAssetDB has modification time of '2026-01-31T14:23:20Z' while content on disk has modification time of '2026-01-31T17:15:45Z'
Number of updated asset objects reloaded before import = 0Number of asset objects unloaded after import = 0

========================================================================
Received Import Request.
  Time since last request: 0.000010 seconds.
  path: Assets/src/player/PlayerController.cs
  artifactKey: Guid(a6f611a2a8a96bd0da70d858a92280a9) Importer(815301076,1909f56bfc062723c751e8b465ee728b)
Start importing Assets/src/player/PlayerController.cs using Guid(a6f611a2a8a96bd0da70d858a92280a9) Importer(815301076,1909f56bfc062723c751e8b465ee728b) (PreviewImporter) -> (artifact id: '00000000000000000000000000000000') in 0.000402357 seconds
Import Error Code:(4)
Message: Build asset version error: assets/src/player/playercontroller.cs in SourceAssetDB has modification time of '2026-01-31T14:23:20Z' while content on disk has modification time of '2026-01-31T17:15:45Z'
  ERROR: Build asset version error: assets/src/player/playercontroller.cs in SourceAssetDB has modification time of '2026-01-31T14:23:20Z' while content on disk has modification time of '2026-01-31T17:15:45Z'
Number of updated asset objects reloaded before import = 0Number of asset objects unloaded after import = 0

========================================================================
Received Import Request.
  Time since last request: 0.003330 seconds.
  path: Assets/src/player/PlayerController.cs
  artifactKey: Guid(a6f611a2a8a96bd0da70d858a92280a9) Importer(815301076,1909f56bfc062723c751e8b465ee728b)
Start importing Assets/src/player/PlayerController.cs using Guid(a6f611a2a8a96bd0da70d858a92280a9) Importer(815301076,1909f56bfc062723c751e8b465ee728b) (PreviewImporter) -> (artifact id: '00000000000000000000000000000000') in 0.000701167 seconds
Import Error Code:(4)
Message: Build asset version error: assets/src/player/playercontroller.cs in SourceAssetDB has modification time of '2026-01-31T14:23:20Z' while content on disk has modification time of '2026-01-31T17:15:45Z'
  ERROR: Build asset version error: assets/src/player/playercontroller.cs in SourceAssetDB has modification time of '2026-01-31T14:23:20Z' while content on disk has modification time of '2026-01-31T17:15:45Z'
Number of updated asset objects reloaded before import = 0Number of asset objects unloaded after import = 0

========================================================================
Received Import Request.
  Time since last request: 0.000012 seconds.
  path: Assets/src/player/PlayerController.cs
  artifactKey: Guid(a6f611a2a8a96bd0da70d858a92280a9) Importer(815301076,1909f56bfc062723c751e8b465ee728b)
Start importing Assets/src/player/PlayerController.cs using Guid(a6f611a2a8a96bd0da70d858a92280a9) Importer(815301076,1909f56bfc062723c751e8b465ee728b) (PreviewImporter) -> (artifact id: '00000000000000000000000000000000') in 0.000558417 seconds
Import Error Code:(4)
Message: Build asset version error: assets/src/player/playercontroller.cs in SourceAssetDB has modification time of '2026-01-31T14:23:20Z' while content on disk has modification time of '2026-01-31T17:15:45Z'
  ERROR: Build asset version error: assets/src/player/playercontroller.cs in SourceAssetDB has modification time of '2026-01-31T14:23:20Z' while content on disk has modification time of '2026-01-31T17:15:45Z'
Number of updated asset objects reloaded before import = 0Number of asset objects unloaded after import = 0

========================================================================
Received Import Request.
  Time since last request: 0.000019 seconds.
  path: Assets/src/player/PlayerController.cs
  artifactKey: Guid(a6f611a2a8a96bd0da70d858a92280a9) Importer(815301076,1909f56bfc062723c751e8b465ee728b)
Start importing Assets/src/player/PlayerController.cs using Guid(a6f611a2a8a96bd0da70d858a92280a9) Importer(815301076,1909f56bfc062723c751e8b465ee728b) (PreviewImporter) -> (artifact id: '00000000000000000000000000000000') in 0.000381874 seconds
Import Error Code:(4)
Message: Build asset version error: assets/src/player/playercontroller.cs in SourceAssetDB has modification time of '2026-01-31T14:23:20Z' while content on disk has modification time of '2026-01-31T17:15:45Z'
  ERROR: Build asset version error: assets/src/player/playercontroller.cs in SourceAssetDB has modification time of '2026-01-31T14:23:20Z' while content on disk has modification time of '2026-01-31T17:15:45Z'
Number of updated asset objects reloaded before import = 0Number of asset objects unloaded after import = 0

========================================================================
Received Import Request.
  Time since last request: 0.003729 seconds.
  path: Assets/src/player/PlayerController.cs
  artifactKey: Guid(a6f611a2a8a96bd0da70d858a92280a9) Importer(815301076,1909f56bfc062723c751e8b465ee728b)
Start importing Assets/src/player/PlayerController.cs using Guid(a6f611a2a8a96bd0da70d858a92280a9) Importer(815301076,1909f56bfc062723c751e8b465ee728b) (PreviewImporter) -> (artifact id: '00000000000000000000000000000000') in 0.000848022 seconds
Import Error Code:(4)
Message: Build asset version error: assets/src/player/playercontroller.cs in SourceAssetDB has modification time of '2026-01-31T14:23:20Z' while content on disk has modification time of '2026-01-31T17:15:45Z'
  ERROR: Build asset version error: assets/src/player/playercontroller.cs in SourceAssetDB has modification time of '2026-01-31T14:23:20Z' while content on disk has modification time of '2026-01-31T17:15:45Z'
Number of updated asset objects reloaded before import = 0Number of asset objects unloaded after import = 0

========================================================================
Received Import Request.
  Time since last request: 0.000011 seconds.
  path: Assets/src/player/PlayerController.cs
  artifactKey: Guid(a6f611a2a8a96bd0da70d858a92280a9) Importer(815301076,1909f56bfc062723c751e8b465ee728b)
Start importing Assets/src/player/PlayerController.cs using Guid(a6f611a2a8a96bd0da70d858a92280a9) Importer(815301076,1909f56bfc062723c751e8b465ee728b) (PreviewImporter) -> (artifact id: '00000000000000000000000000000000') in 0.000990633 seconds
Import Error Code:(4)
Message: Build asset version error: assets/src/player/playercontroller.cs in SourceAssetDB has modification time of '2026-01-31T14:23:20Z' while content on disk has modification time of '2026-01-31T17:15:45Z'
  ERROR: Build asset version error: assets/src/player/playercontroller.cs in SourceAssetDB has modification time of '2026-01-31T14:23:20Z' while content on disk has modification time of '2026-01-31T17:15:45Z'
Number of updated asset objects reloaded before import = 0Number of asset objects unloaded after import = 0

========================================================================
Received Import Request.
  Time since last request: 0.000014 seconds.
  path: Assets/src/player/PlayerController.cs
  artifactKey: Guid(a6f611a2a8a96bd0da70d858a92280a9) Importer(815301076,1909f56bfc062723c751e8b465ee728b)
Start importing Assets/src/player/PlayerController.cs using Guid(a6f611a2a8a96bd0da70d858a92280a9) Importer(815301076,1909f56bfc062723c751e8b465ee728b) (PreviewImporter) -> (artifact id: '00000000000000000000000000000000') in 0.000474196 seconds
Import Error Code:(4)
Message: Build asset version error: assets/src/player/playercontroller.cs in SourceAssetDB has modification time of '2026-01-31T14:23:20Z' while content on disk has modification time of '2026-01-31T17:15:45Z'
  ERROR: Build asset version error: assets/src/player/playercontroller.cs in SourceAssetDB has modification time of '2026-01-31T14:23:20Z' while content on disk has modification time of '2026-01-31T17:15:45Z'
Number of updated asset objects reloaded before import = 0Number of asset objects unloaded after import = 0

========================================================================
Received Import Request.
  Time since last request: 0.004634 seconds.
  path: Assets/src/player/PlayerController.cs
  artifactKey: Guid(a6f611a2a8a96bd0da70d858a92280a9) Importer(815301076,1909f56bfc062723c751e8b465ee728b)
Start importing Assets/src/player/PlayerController.cs using Guid(a6f611a2a8a96bd0da70d858a92280a9) Importer(815301076,1909f56bfc062723c751e8b465ee728b) (PreviewImporter) -> (artifact id: '00000000000000000000000000000000') in 0.00049565 seconds
Import Error Code:(4)
Message: Build asset version error: assets/src/player/playercontroller.cs in SourceAssetDB has modification time of '2026-01-31T14:23:20Z' while content on disk has modification time of '2026-01-31T17:15:45Z'
  ERROR: Build asset version error: assets/src/player/playercontroller.cs in SourceAssetDB has modification time of '2026-01-31T14:23:20Z' while content on disk has modification time of '2026-01-31T17:15:45Z'
Number of updated asset objects reloaded before import = 0Number of asset objects unloaded after import = 0

========================================================================
Received Import Request.
  Time since last request: 0.000014 seconds.
  path: Assets/src/player/PlayerController.cs
  artifactKey: Guid(a6f611a2a8a96bd0da70d858a92280a9) Importer(815301076,1909f56bfc062723c751e8b465ee728b)
Start importing Assets/src/player/PlayerController.cs using Guid(a6f611a2a8a96bd0da70d858a92280a9) Importer(815301076,1909f56bfc062723c751e8b465ee728b) (PreviewImporter) -> (artifact id: '00000000000000000000000000000000') in 0.000584119 seconds
Import Error Code:(4)
Message: Build asset version error: assets/src/player/playercontroller.cs in SourceAssetDB has modification time of '2026-01-31T14:23:20Z' while content on disk has modification time of '2026-01-31T17:15:45Z'
  ERROR: Build asset version error: assets/src/player/playercontroller.cs in SourceAssetDB has modification time of '2026-01-31T14:23:20Z' while content on disk has modification time of '2026-01-31T17:15:45Z'
Number of updated asset objects reloaded before import = 0Number of asset objects unloaded after import = 0

========================================================================
Received Import Request.
  Time since last request: 0.000014 seconds.
  path: Assets/src/player/PlayerController.cs
  artifactKey: Guid(a6f611a2a8a96bd0da70d858a92280a9) Importer(815301076,1909f56bfc062723c751e8b465ee728b)
Start importing Assets/src/player/PlayerController.cs using Guid(a6f611a2a8a96bd0da70d858a92280a9) Importer(815301076,1909f56bfc062723c751e8b465ee728b) (PreviewImporter) -> (artifact id: '00000000000000000000000000000000') in 0.000599007 seconds
Import Error Code:(4)
Message: Build asset version error: assets/src/player/playercontroller.cs in SourceAssetDB has modification time of '2026-01-31T14:23:20Z' while content on disk has modification time of '2026-01-31T17:15:45Z'
  ERROR: Build asset version error: assets/src/player/playercontroller.cs in SourceAssetDB has modification time of '2026-01-31T14:23:20Z' while content on disk has modification time of '2026-01-31T17:15:45Z'
Number of updated asset objects reloaded before import = 0Number of asset objects unloaded after import = 0

========================================================================
Received Import Request.
  Time since last request: 0.000011 seconds.
  path: Assets/src/player/PlayerController.cs
  artifactKey: Guid(a6f611a2a8a96bd0da70d858a92280a9) Importer(815301076,1909f56bfc062723c751e8b465ee728b)
Start importing Assets/src/player/PlayerController.cs using Guid(a6f611a2a8a96bd0da70d858a92280a9) Importer(815301076,1909f56bfc062723c751e8b465ee728b) (PreviewImporter) -> (artifact id: '00000000000000000000000000000000') in 0.00054757 seconds
Import Error Code:(4)
Message: Build asset version error: assets/src/player/playercontroller.cs in SourceAssetDB has modification time of '2026-01-31T14:23:20Z' while content on disk has modification time of '2026-01-31T17:15:45Z'
  ERROR: Build asset version error: assets/src/player/playercontroller.cs in SourceAssetDB has modification time of '2026-01-31T14:23:20Z' while content on disk has modification time of '2026-01-31T17:15:45Z'
Number of updated asset objects reloaded before import = 0Number of asset objects unloaded after import = 0

========================================================================
Received Import Request.
  Time since last request: 0.000027 seconds.
  path: Assets/src/player/PlayerController.cs
  artifactKey: Guid(a6f611a2a8a96bd0da70d858a92280a9) Importer(815301076,1909f56bfc062723c751e8b465ee728b)
Start importing Assets/src/player/PlayerController.cs using Guid(a6f611a2a8a96bd0da70d858a92280a9) Importer(815301076,1909f56bfc062723c751e8b465ee728b) (PreviewImporter) -> (artifact id: '00000000000000000000000000000000') in 0.000395976 seconds
Import Error Code:(4)
Message: Build asset version error: assets/src/player/playercontroller.cs in SourceAssetDB has modification time of '2026-01-31T14:23:20Z' while content on disk has modification time of '2026-01-31T17:15:45Z'
  ERROR: Build asset version error: assets/src/player/playercontroller.cs in SourceAssetDB has modification time of '2026-01-31T14:23:20Z' while content on disk has modification time of '2026-01-31T17:15:45Z'
Number of updated asset objects reloaded before import = 0Number of asset objects unloaded after import = 0

========================================================================
Received Import Request.
  Time since last request: 0.004497 seconds.
  path: Assets/src/player/PlayerController.cs
  artifactKey: Guid(a6f611a2a8a96bd0da70d858a92280a9) Importer(815301076,1909f56bfc062723c751e8b465ee728b)
Start importing Assets/src/player/PlayerController.cs using Guid(a6f611a2a8a96bd0da70d858a92280a9) Importer(815301076,1909f56bfc062723c751e8b465ee728b) (PreviewImporter) -> (artifact id: '00000000000000000000000000000000') in 0.000704894 seconds
Import Error Code:(4)
Message: Build asset version error: assets/src/player/playercontroller.cs in SourceAssetDB has modification time of '2026-01-31T14:23:20Z' while content on disk has modification time of '2026-01-31T17:15:45Z'
  ERROR: Build asset version error: assets/src/player/playercontroller.cs in SourceAssetDB has modification time of '2026-01-31T14:23:20Z' while content on disk has modification time of '2026-01-31T17:15:45Z'
Number of updated asset objects reloaded before import = 0Number of asset objects unloaded after import = 0

========================================================================
Received Import Request.
  Time since last request: 0.000018 seconds.
  path: Assets/src/player/PlayerController.cs
  artifactKey: Guid(a6f611a2a8a96bd0da70d858a92280a9) Importer(815301076,1909f56bfc062723c751e8b465ee728b)
Start importing Assets/src/player/PlayerController.cs using Guid(a6f611a2a8a96bd0da70d858a92280a9) Importer(815301076,1909f56bfc062723c751e8b465ee728b) (PreviewImporter) -> (artifact id: '00000000000000000000000000000000') in 0.000413351 seconds
Import Error Code:(4)
Message: Build asset version error: assets/src/player/playercontroller.cs in SourceAssetDB has modification time of '2026-01-31T14:23:20Z' while content on disk has modification time of '2026-01-31T17:15:45Z'
  ERROR: Build asset version error: assets/src/player/playercontroller.cs in SourceAssetDB has modification time of '2026-01-31T14:23:20Z' while content on disk has modification time of '2026-01-31T17:15:45Z'
Number of updated asset objects reloaded before import = 0Number of asset objects unloaded after import = 0

========================================================================
Received Import Request.
  Time since last request: 0.000014 seconds.
  path: Assets/src/player/PlayerController.cs
  artifactKey: Guid(a6f611a2a8a96bd0da70d858a92280a9) Importer(815301076,1909f56bfc062723c751e8b465ee728b)
Start importing Assets/src/player/PlayerController.cs using Guid(a6f611a2a8a96bd0da70d858a92280a9) Importer(815301076,1909f56bfc062723c751e8b465ee728b) (PreviewImporter) -> (artifact id: '00000000000000000000000000000000') in 0.000419148 seconds
Import Error Code:(4)
Message: Build asset version error: assets/src/player/playercontroller.cs in SourceAssetDB has modification time of '2026-01-31T14:23:20Z' while content on disk has modification time of '2026-01-31T17:15:45Z'
  ERROR: Build asset version error: assets/src/player/playercontroller.cs in SourceAssetDB has modification time of '2026-01-31T14:23:20Z' while content on disk has modification time of '2026-01-31T17:15:45Z'
Number of updated asset objects reloaded before import = 0Number of asset objects unloaded after import = 0

========================================================================
Received Import Request.
  Time since last request: 0.000017 seconds.
  path: Assets/src/player/PlayerController.cs
  artifactKey: Guid(a6f611a2a8a96bd0da70d858a92280a9) Importer(815301076,1909f56bfc062723c751e8b465ee728b)
Start importing Assets/src/player/PlayerController.cs using Guid(a6f611a2a8a96bd0da70d858a92280a9) Importer(815301076,1909f56bfc062723c751e8b465ee728b) (PreviewImporter) -> (artifact id: '00000000000000000000000000000000') in 0.000473206 seconds
Import Error Code:(4)
Message: Build asset version error: assets/src/player/playercontroller.cs in SourceAssetDB has modification time of '2026-01-31T14:23:20Z' while content on disk has modification time of '2026-01-31T17:15:45Z'
  ERROR: Build asset version error: assets/src/player/playercontroller.cs in SourceAssetDB has modification time of '2026-01-31T14:23:20Z' while content on disk has modification time of '2026-01-31T17:15:45Z'
Number of updated asset objects reloaded before import = 0Number of asset objects unloaded after import = 0

========================================================================
Received Import Request.
  Time since last request: 0.000018 seconds.
  path: Assets/src/player/PlayerController.cs
  artifactKey: Guid(a6f611a2a8a96bd0da70d858a92280a9) Importer(815301076,1909f56bfc062723c751e8b465ee728b)
Start importing Assets/src/player/PlayerController.cs using Guid(a6f611a2a8a96bd0da70d858a92280a9) Importer(815301076,1909f56bfc062723c751e8b465ee728b) (PreviewImporter) -> (artifact id: '00000000000000000000000000000000') in 0.000391335 seconds
Import Error Code:(4)
Message: Build asset version error: assets/src/player/playercontroller.cs in SourceAssetDB has modification time of '2026-01-31T14:23:20Z' while content on disk has modification time of '2026-01-31T17:15:45Z'
  ERROR: Build asset version error: assets/src/player/playercontroller.cs in SourceAssetDB has modification time of '2026-01-31T14:23:20Z' while content on disk has modification time of '2026-01-31T17:15:45Z'
Number of updated asset objects reloaded before import = 0Number of asset objects unloaded after import = 0

========================================================================
Received Import Request.
  Time since last request: 0.005199 seconds.
  path: Assets/src/player/PlayerController.cs
  artifactKey: Guid(a6f611a2a8a96bd0da70d858a92280a9) Importer(815301076,1909f56bfc062723c751e8b465ee728b)
Start importing Assets/src/player/PlayerController.cs using Guid(a6f611a2a8a96bd0da70d858a92280a9) Importer(815301076,1909f56bfc062723c751e8b465ee728b) (PreviewImporter) -> (artifact id: '00000000000000000000000000000000') in 0.000921869 seconds
Import Error Code:(4)
Message: Build asset version error: assets/src/player/playercontroller.cs in SourceAssetDB has modification time of '2026-01-31T14:23:20Z' while content on disk has modification time of '2026-01-31T17:15:45Z'
  ERROR: Build asset version error: assets/src/player/playercontroller.cs in SourceAssetDB has modification time of '2026-01-31T14:23:20Z' while content on disk has modification time of '2026-01-31T17:15:45Z'
Number of updated asset objects reloaded before import = 0Number of asset objects unloaded after import = 0

========================================================================
Received Import Request.
  Time since last request: 0.000012 seconds.
  path: Assets/src/player/PlayerController.cs
  artifactKey: Guid(a6f611a2a8a96bd0da70d858a92280a9) Importer(815301076,1909f56bfc062723c751e8b465ee728b)
Start importing Assets/src/player/PlayerController.cs using Guid(a6f611a2a8a96bd0da70d858a92280a9) Importer(815301076,1909f56bfc062723c751e8b465ee728b) (PreviewImporter) -> (artifact id: '00000000000000000000000000000000') in 0.00077271 seconds
Import Error Code:(4)
Message: Build asset version error: assets/src/player/playercontroller.cs in SourceAssetDB has modification time of '2026-01-31T14:23:20Z' while content on disk has modification time of '2026-01-31T17:15:45Z'
  ERROR: Build asset version error: assets/src/player/playercontroller.cs in SourceAssetDB has modification time of '2026-01-31T14:23:20Z' while content on disk has modification time of '2026-01-31T17:15:45Z'
Number of updated asset objects reloaded before import = 0Number of asset objects unloaded after import = 0

========================================================================
Received Import Request.
  Time since last request: 0.000015 seconds.
  path: Assets/src/player/PlayerController.cs
  artifactKey: Guid(a6f611a2a8a96bd0da70d858a92280a9) Importer(815301076,1909f56bfc062723c751e8b465ee728b)
Start importing Assets/src/player/PlayerController.cs using Guid(a6f611a2a8a96bd0da70d858a92280a9) Importer(815301076,1909f56bfc062723c751e8b465ee728b) (PreviewImporter) -> (artifact id: '00000000000000000000000000000000') in 0.000405484 seconds
Import Error Code:(4)
Message: Build asset version error: assets/src/player/playercontroller.cs in SourceAssetDB has modification time of '2026-01-31T14:23:20Z' while content on disk has modification time of '2026-01-31T17:15:45Z'
  ERROR: Build asset version error: assets/src/player/playercontroller.cs in SourceAssetDB has modification time of '2026-01-31T14:23:20Z' while content on disk has modification time of '2026-01-31T17:15:45Z'
Number of updated asset objects reloaded before import = 0Number of asset objects unloaded after import = 0

========================================================================
Received Import Request.
  Time since last request: 0.000023 seconds.
  path: Assets/src/player/PlayerController.cs
  artifactKey: Guid(a6f611a2a8a96bd0da70d858a92280a9) Importer(815301076,1909f56bfc062723c751e8b465ee728b)
Start importing Assets/src/player/PlayerController.cs using Guid(a6f611a2a8a96bd0da70d858a92280a9) Importer(815301076,1909f56bfc062723c751e8b465ee728b) (PreviewImporter) -> (artifact id: '00000000000000000000000000000000') in 0.000517819 seconds
Import Error Code:(4)
Message: Build asset version error: assets/src/player/playercontroller.cs in SourceAssetDB has modification time of '2026-01-31T14:23:20Z' while content on disk has modification time of '2026-01-31T17:15:45Z'
  ERROR: Build asset version error: assets/src/player/playercontroller.cs in SourceAssetDB has modification time of '2026-01-31T14:23:20Z' while content on disk has modification time of '2026-01-31T17:15:45Z'
Number of updated asset objects reloaded before import = 0Number of asset objects unloaded after import = 0

========================================================================
Received Import Request.
  Time since last request: 0.000022 seconds.
  path: Assets/src/player/PlayerController.cs
  artifactKey: Guid(a6f611a2a8a96bd0da70d858a92280a9) Importer(815301076,1909f56bfc062723c751e8b465ee728b)
Start importing Assets/src/player/PlayerController.cs using Guid(a6f611a2a8a96bd0da70d858a92280a9) Importer(815301076,1909f56bfc062723c751e8b465ee728b) (PreviewImporter) -> (artifact id: '00000000000000000000000000000000') in 0.000432907 seconds
Import Error Code:(4)
Message: Build asset version error: assets/src/player/playercontroller.cs in SourceAssetDB has modification time of '2026-01-31T14:23:20Z' while content on disk has modification time of '2026-01-31T17:15:45Z'
  ERROR: Build asset version error: assets/src/player/playercontroller.cs in SourceAssetDB has modification time of '2026-01-31T14:23:20Z' while content on disk has modification time of '2026-01-31T17:15:45Z'
Number of updated asset objects reloaded before import = 0Number of asset objects unloaded after import = 0

========================================================================
Received Import Request.
  Time since last request: 0.000017 seconds.
  path: Assets/src/player/PlayerController.cs
  artifactKey: Guid(a6f611a2a8a96bd0da70d858a92280a9) Importer(815301076,1909f56bfc062723c751e8b465ee728b)
Start importing Assets/src/player/PlayerController.cs using Guid(a6f611a2a8a96bd0da70d858a92280a9) Importer(815301076,1909f56bfc062723c751e8b465ee728b) (PreviewImporter) -> (artifact id: '00000000000000000000000000000000') in 0.000431492 seconds
Import Error Code:(4)
Message: Build asset version error: assets/src/player/playercontroller.cs in SourceAssetDB has modification time of '2026-01-31T14:23:20Z' while content on disk has modification time of '2026-01-31T17:15:45Z'
  ERROR: Build asset version error: assets/src/player/playercontroller.cs in SourceAssetDB has modification time of '2026-01-31T14:23:20Z' while content on disk has modification time of '2026-01-31T17:15:45Z'
Number of updated asset objects reloaded before import = 0Number of asset objects unloaded after import = 0

========================================================================
Received Import Request.
  Time since last request: 0.004440 seconds.
  path: Assets/src/player/PlayerController.cs
  artifactKey: Guid(a6f611a2a8a96bd0da70d858a92280a9) Importer(815301076,1909f56bfc062723c751e8b465ee728b)
Start importing Assets/src/player/PlayerController.cs using Guid(a6f611a2a8a96bd0da70d858a92280a9) Importer(815301076,1909f56bfc062723c751e8b465ee728b) (PreviewImporter) -> (artifact id: '00000000000000000000000000000000') in 0.000419413 seconds
Import Error Code:(4)
Message: Build asset version error: assets/src/player/playercontroller.cs in SourceAssetDB has modification time of '2026-01-31T14:23:20Z' while content on disk has modification time of '2026-01-31T17:15:45Z'
  ERROR: Build asset version error: assets/src/player/playercontroller.cs in SourceAssetDB has modification time of '2026-01-31T14:23:20Z' while content on disk has modification time of '2026-01-31T17:15:45Z'
Number of updated asset objects reloaded before import = 0Number of asset objects unloaded after import = 0

========================================================================
Received Import Request.
  Time since last request: 0.000018 seconds.
  path: Assets/src/player/PlayerController.cs
  artifactKey: Guid(a6f611a2a8a96bd0da70d858a92280a9) Importer(815301076,1909f56bfc062723c751e8b465ee728b)
Start importing Assets/src/player/PlayerController.cs using Guid(a6f611a2a8a96bd0da70d858a92280a9) Importer(815301076,1909f56bfc062723c751e8b465ee728b) (PreviewImporter) -> (artifact id: '00000000000000000000000000000000') in 0.000534038 seconds
Import Error Code:(4)
Message: Build asset version error: assets/src/player/playercontroller.cs in SourceAssetDB has modification time of '2026-01-31T14:23:20Z' while content on disk has modification time of '2026-01-31T17:15:45Z'
  ERROR: Build asset version error: assets/src/player/playercontroller.cs in SourceAssetDB has modification time of '2026-01-31T14:23:20Z' while content on disk has modification time of '2026-01-31T17:15:45Z'
Number of updated asset objects reloaded before import = 0Number of asset objects unloaded after import = 0

========================================================================
Received Import Request.
  Time since last request: 0.000010 seconds.
  path: Assets/src/player/PlayerController.cs
  artifactKey: Guid(a6f611a2a8a96bd0da70d858a92280a9) Importer(815301076,1909f56bfc062723c751e8b465ee728b)
Start importing Assets/src/player/PlayerController.cs using Guid(a6f611a2a8a96bd0da70d858a92280a9) Importer(815301076,1909f56bfc062723c751e8b465ee728b) (PreviewImporter) -> (artifact id: '00000000000000000000000000000000') in 0.000426082 seconds
Import Error Code:(4)
Message: Build asset version error: assets/src/player/playercontroller.cs in SourceAssetDB has modification time of '2026-01-31T14:23:20Z' while content on disk has modification time of '2026-01-31T17:15:45Z'
  ERROR: Build asset version error: assets/src/player/playercontroller.cs in SourceAssetDB has modification time of '2026-01-31T14:23:20Z' while content on disk has modification time of '2026-01-31T17:15:45Z'
Number of updated asset objects reloaded before import = 0Number of asset objects unloaded after import = 0

========================================================================
Received Import Request.
  Time since last request: 0.005205 seconds.
  path: Assets/src/player/PlayerController.cs
  artifactKey: Guid(a6f611a2a8a96bd0da70d858a92280a9) Importer(815301076,1909f56bfc062723c751e8b465ee728b)
Start importing Assets/src/player/PlayerController.cs using Guid(a6f611a2a8a96bd0da70d858a92280a9) Importer(815301076,1909f56bfc062723c751e8b465ee728b) (PreviewImporter) -> (artifact id: '00000000000000000000000000000000') in 0.000468888 seconds
Import Error Code:(4)
Message: Build asset version error: assets/src/player/playercontroller.cs in SourceAssetDB has modification time of '2026-01-31T14:23:20Z' while content on disk has modification time of '2026-01-31T17:15:45Z'
  ERROR: Build asset version error: assets/src/player/playercontroller.cs in SourceAssetDB has modification time of '2026-01-31T14:23:20Z' while content on disk has modification time of '2026-01-31T17:15:45Z'
Number of updated asset objects reloaded before import = 0Number of asset objects unloaded after import = 0

========================================================================
Received Import Request.
  Time since last request: 0.000017 seconds.
  path: Assets/src/player/PlayerController.cs
  artifactKey: Guid(a6f611a2a8a96bd0da70d858a92280a9) Importer(815301076,1909f56bfc062723c751e8b465ee728b)
Start importing Assets/src/player/PlayerController.cs using Guid(a6f611a2a8a96bd0da70d858a92280a9) Importer(815301076,1909f56bfc062723c751e8b465ee728b) (PreviewImporter) -> (artifact id: '00000000000000000000000000000000') in 0.0005571 seconds
Import Error Code:(4)
Message: Build asset version error: assets/src/player/playercontroller.cs in SourceAssetDB has modification time of '2026-01-31T14:23:20Z' while content on disk has modification time of '2026-01-31T17:15:45Z'
  ERROR: Build asset version error: assets/src/player/playercontroller.cs in SourceAssetDB has modification time of '2026-01-31T14:23:20Z' while content on disk has modification time of '2026-01-31T17:15:45Z'
Number of updated asset objects reloaded before import = 0Number of asset objects unloaded after import = 0

========================================================================
Received Import Request.
  Time since last request: 0.000014 seconds.
  path: Assets/src/player/PlayerController.cs
  artifactKey: Guid(a6f611a2a8a96bd0da70d858a92280a9) Importer(815301076,1909f56bfc062723c751e8b465ee728b)
Start importing Assets/src/player/PlayerController.cs using Guid(a6f611a2a8a96bd0da70d858a92280a9) Importer(815301076,1909f56bfc062723c751e8b465ee728b) (PreviewImporter) -> (artifact id: '00000000000000000000000000000000') in 0.000386933 seconds
Import Error Code:(4)
Message: Build asset version error: assets/src/player/playercontroller.cs in SourceAssetDB has modification time of '2026-01-31T14:23:20Z' while content on disk has modification time of '2026-01-31T17:15:45Z'
  ERROR: Build asset version error: assets/src/player/playercontroller.cs in SourceAssetDB has modification time of '2026-01-31T14:23:20Z' while content on disk has modification time of '2026-01-31T17:15:45Z'
Number of updated asset objects reloaded before import = 0Number of asset objects unloaded after import = 0

========================================================================
Received Import Request.
  Time since last request: 0.000014 seconds.
  path: Assets/src/player/PlayerController.cs
  artifactKey: Guid(a6f611a2a8a96bd0da70d858a92280a9) Importer(815301076,1909f56bfc062723c751e8b465ee728b)
Start importing Assets/src/player/PlayerController.cs using Guid(a6f611a2a8a96bd0da70d858a92280a9) Importer(815301076,1909f56bfc062723c751e8b465ee728b) (PreviewImporter) -> (artifact id: '00000000000000000000000000000000') in 0.000672316 seconds
Import Error Code:(4)
Message: Build asset version error: assets/src/player/playercontroller.cs in SourceAssetDB has modification time of '2026-01-31T14:23:20Z' while content on disk has modification time of '2026-01-31T17:15:45Z'
  ERROR: Build asset version error: assets/src/player/playercontroller.cs in SourceAssetDB has modification time of '2026-01-31T14:23:20Z' while content on disk has modification time of '2026-01-31T17:15:45Z'
Number of updated asset objects reloaded before import = 0Number of asset objects unloaded after import = 0

========================================================================
Received Import Request.
  Time since last request: 0.000027 seconds.
  path: Assets/src/player/PlayerController.cs
  artifactKey: Guid(a6f611a2a8a96bd0da70d858a92280a9) Importer(815301076,1909f56bfc062723c751e8b465ee728b)
Start importing Assets/src/player/PlayerController.cs using Guid(a6f611a2a8a96bd0da70d858a92280a9) Importer(815301076,1909f56bfc062723c751e8b465ee728b) (PreviewImporter) -> (artifact id: '00000000000000000000000000000000') in 0.000455864 seconds
Import Error Code:(4)
Message: Build asset version error: assets/src/player/playercontroller.cs in SourceAssetDB has modification time of '2026-01-31T14:23:20Z' while content on disk has modification time of '2026-01-31T17:15:45Z'
  ERROR: Build asset version error: assets/src/player/playercontroller.cs in SourceAssetDB has modification time of '2026-01-31T14:23:20Z' while content on disk has modification time of '2026-01-31T17:15:45Z'
Number of updated asset objects reloaded before import = 0Number of asset objects unloaded after import = 0

========================================================================
Received Import Request.
  Time since last request: 0.000013 seconds.
  path: Assets/src/player/PlayerController.cs
  artifactKey: Guid(a6f611a2a8a96bd0da70d858a92280a9) Importer(815301076,1909f56bfc062723c751e8b465ee728b)
Start importing Assets/src/player/PlayerController.cs using Guid(a6f611a2a8a96bd0da70d858a92280a9) Importer(815301076,1909f56bfc062723c751e8b465ee728b) (PreviewImporter) -> (artifact id: '00000000000000000000000000000000') in 0.000465621 seconds
Import Error Code:(4)
Message: Build asset version error: assets/src/player/playercontroller.cs in SourceAssetDB has modification time of '2026-01-31T14:23:20Z' while content on disk has modification time of '2026-01-31T17:15:45Z'
  ERROR: Build asset version error: assets/src/player/playercontroller.cs in SourceAssetDB has modification time of '2026-01-31T14:23:20Z' while content on disk has modification time of '2026-01-31T17:15:45Z'
Number of updated asset objects reloaded before import = 0Number of asset objects unloaded after import = 0

========================================================================
Received Import Request.
  Time since last request: 0.000021 seconds.
  path: Assets/src/player/PlayerController.cs
  artifactKey: Guid(a6f611a2a8a96bd0da70d858a92280a9) Importer(815301076,1909f56bfc062723c751e8b465ee728b)
Start importing Assets/src/player/PlayerController.cs using Guid(a6f611a2a8a96bd0da70d858a92280a9) Importer(815301076,1909f56bfc062723c751e8b465ee728b) (PreviewImporter) -> (artifact id: '00000000000000000000000000000000') in 0.000432508 seconds
Import Error Code:(4)
Message: Build asset version error: assets/src/player/playercontroller.cs in SourceAssetDB has modification time of '2026-01-31T14:23:20Z' while content on disk has modification time of '2026-01-31T17:15:45Z'
  ERROR: Build asset version error: assets/src/player/playercontroller.cs in SourceAssetDB has modification time of '2026-01-31T14:23:20Z' while content on disk has modification time of '2026-01-31T17:15:45Z'
Number of updated asset objects reloaded before import = 0Number of asset objects unloaded after import = 0

========================================================================
Received Import Request.
  Time since last request: 0.000017 seconds.
  path: Assets/src/player/PlayerController.cs
  artifactKey: Guid(a6f611a2a8a96bd0da70d858a92280a9) Importer(815301076,1909f56bfc062723c751e8b465ee728b)
Start importing Assets/src/player/PlayerController.cs using Guid(a6f611a2a8a96bd0da70d858a92280a9) Importer(815301076,1909f56bfc062723c751e8b465ee728b) (PreviewImporter) -> (artifact id: '00000000000000000000000000000000') in 0.000482476 seconds
Import Error Code:(4)
Message: Build asset version error: assets/src/player/playercontroller.cs in SourceAssetDB has modification time of '2026-01-31T14:23:20Z' while content on disk has modification time of '2026-01-31T17:15:45Z'
  ERROR: Build asset version error: assets/src/player/playercontroller.cs in SourceAssetDB has modification time of '2026-01-31T14:23:20Z' while content on disk has modification time of '2026-01-31T17:15:45Z'
Number of updated asset objects reloaded before import = 0Number of asset objects unloaded after import = 0

========================================================================
Received Import Request.
  Time since last request: 0.001013 seconds.
  path: Assets/src/player/PlayerController.cs
  artifactKey: Guid(a6f611a2a8a96bd0da70d858a92280a9) Importer(815301076,1909f56bfc062723c751e8b465ee728b)
Start importing Assets/src/player/PlayerController.cs using Guid(a6f611a2a8a96bd0da70d858a92280a9) Importer(815301076,1909f56bfc062723c751e8b465ee728b) (PreviewImporter) -> (artifact id: '00000000000000000000000000000000') in 0.000702747 seconds
Import Error Code:(4)
Message: Build asset version error: assets/src/player/playercontroller.cs in SourceAssetDB has modification time of '2026-01-31T14:23:20Z' while content on disk has modification time of '2026-01-31T17:15:45Z'
  ERROR: Build asset version error: assets/src/player/playercontroller.cs in SourceAssetDB has modification time of '2026-01-31T14:23:20Z' while content on disk has modification time of '2026-01-31T17:15:45Z'
Number of updated asset objects reloaded before import = 0Number of asset objects unloaded after import = 0

========================================================================
Received Import Request.
  Time since last request: 0.000012 seconds.
  path: Assets/src/player/PlayerController.cs
  artifactKey: Guid(a6f611a2a8a96bd0da70d858a92280a9) Importer(815301076,1909f56bfc062723c751e8b465ee728b)
Start importing Assets/src/player/PlayerController.cs using Guid(a6f611a2a8a96bd0da70d858a92280a9) Importer(815301076,1909f56bfc062723c751e8b465ee728b) (PreviewImporter) -> (artifact id: '00000000000000000000000000000000') in 0.00043406 seconds
Import Error Code:(4)
Message: Build asset version error: assets/src/player/playercontroller.cs in SourceAssetDB has modification time of '2026-01-31T14:23:20Z' while content on disk has modification time of '2026-01-31T17:15:45Z'
  ERROR: Build asset version error: assets/src/player/playercontroller.cs in SourceAssetDB has modification time of '2026-01-31T14:23:20Z' while content on disk has modification time of '2026-01-31T17:15:45Z'
Number of updated asset objects reloaded before import = 0Number of asset objects unloaded after import = 0

========================================================================
Received Import Request.
  Time since last request: 0.000015 seconds.
  path: Assets/src/player/PlayerController.cs
  artifactKey: Guid(a6f611a2a8a96bd0da70d858a92280a9) Importer(815301076,1909f56bfc062723c751e8b465ee728b)
Start importing Assets/src/player/PlayerController.cs using Guid(a6f611a2a8a96bd0da70d858a92280a9) Importer(815301076,1909f56bfc062723c751e8b465ee728b) (PreviewImporter) -> (artifact id: '00000000000000000000000000000000') in 0.000403483 seconds
Import Error Code:(4)
Message: Build asset version error: assets/src/player/playercontroller.cs in SourceAssetDB has modification time of '2026-01-31T14:23:20Z' while content on disk has modification time of '2026-01-31T17:15:45Z'
  ERROR: Build asset version error: assets/src/player/playercontroller.cs in SourceAssetDB has modification time of '2026-01-31T14:23:20Z' while content on disk has modification time of '2026-01-31T17:15:45Z'
Number of updated asset objects reloaded before import = 0Number of asset objects unloaded after import = 0

========================================================================
Received Import Request.
  Time since last request: 0.004712 seconds.
  path: Assets/src/player/PlayerController.cs
  artifactKey: Guid(a6f611a2a8a96bd0da70d858a92280a9) Importer(815301076,1909f56bfc062723c751e8b465ee728b)
Start importing Assets/src/player/PlayerController.cs using Guid(a6f611a2a8a96bd0da70d858a92280a9) Importer(815301076,1909f56bfc062723c751e8b465ee728b) (PreviewImporter) -> (artifact id: '00000000000000000000000000000000') in 0.00039327 seconds
Import Error Code:(4)
Message: Build asset version error: assets/src/player/playercontroller.cs in SourceAssetDB has modification time of '2026-01-31T14:23:20Z' while content on disk has modification time of '2026-01-31T17:15:45Z'
  ERROR: Build asset version error: assets/src/player/playercontroller.cs in SourceAssetDB has modification time of '2026-01-31T14:23:20Z' while content on disk has modification time of '2026-01-31T17:15:45Z'
Number of updated asset objects reloaded before import = 0Number of asset objects unloaded after import = 0

========================================================================
Received Import Request.
  Time since last request: 0.000017 seconds.
  path: Assets/src/player/PlayerController.cs
  artifactKey: Guid(a6f611a2a8a96bd0da70d858a92280a9) Importer(815301076,1909f56bfc062723c751e8b465ee728b)
Start importing Assets/src/player/PlayerController.cs using Guid(a6f611a2a8a96bd0da70d858a92280a9) Importer(815301076,1909f56bfc062723c751e8b465ee728b) (PreviewImporter) -> (artifact id: '00000000000000000000000000000000') in 0.000422596 seconds
Import Error Code:(4)
Message: Build asset version error: assets/src/player/playercontroller.cs in SourceAssetDB has modification time of '2026-01-31T14:23:20Z' while content on disk has modification time of '2026-01-31T17:15:45Z'
  ERROR: Build asset version error: assets/src/player/playercontroller.cs in SourceAssetDB has modification time of '2026-01-31T14:23:20Z' while content on disk has modification time of '2026-01-31T17:15:45Z'
Number of updated asset objects reloaded before import = 0Number of asset objects unloaded after import = 0

========================================================================
Received Import Request.
  Time since last request: 0.000025 seconds.
  path: Assets/src/player/PlayerController.cs
  artifactKey: Guid(a6f611a2a8a96bd0da70d858a92280a9) Importer(815301076,1909f56bfc062723c751e8b465ee728b)
Start importing Assets/src/player/PlayerController.cs using Guid(a6f611a2a8a96bd0da70d858a92280a9) Importer(815301076,1909f56bfc062723c751e8b465ee728b) (PreviewImporter) -> (artifact id: '00000000000000000000000000000000') in 0.000375836 seconds
Import Error Code:(4)
Message: Build asset version error: assets/src/player/playercontroller.cs in SourceAssetDB has modification time of '2026-01-31T14:23:20Z' while content on disk has modification time of '2026-01-31T17:15:45Z'
  ERROR: Build asset version error: assets/src/player/playercontroller.cs in SourceAssetDB has modification time of '2026-01-31T14:23:20Z' while content on disk has modification time of '2026-01-31T17:15:45Z'
Number of updated asset objects reloaded before import = 0Number of asset objects unloaded after import = 0

========================================================================
Received Import Request.
  Time since last request: 0.003919 seconds.
  path: Assets/src/player/PlayerController.cs
  artifactKey: Guid(a6f611a2a8a96bd0da70d858a92280a9) Importer(815301076,1909f56bfc062723c751e8b465ee728b)
Start importing Assets/src/player/PlayerController.cs using Guid(a6f611a2a8a96bd0da70d858a92280a9) Importer(815301076,1909f56bfc062723c751e8b465ee728b) (PreviewImporter) -> (artifact id: '00000000000000000000000000000000') in 0.000529104 seconds
Import Error Code:(4)
Message: Build asset version error: assets/src/player/playercontroller.cs in SourceAssetDB has modification time of '2026-01-31T14:23:20Z' while content on disk has modification time of '2026-01-31T17:15:45Z'
  ERROR: Build asset version error: assets/src/player/playercontroller.cs in SourceAssetDB has modification time of '2026-01-31T14:23:20Z' while content on disk has modification time of '2026-01-31T17:15:45Z'
Number of updated asset objects reloaded before import = 0Number of asset objects unloaded after import = 0

========================================================================
Received Import Request.
  Time since last request: 0.000012 seconds.
  path: Assets/src/player/PlayerController.cs
  artifactKey: Guid(a6f611a2a8a96bd0da70d858a92280a9) Importer(815301076,1909f56bfc062723c751e8b465ee728b)
Start importing Assets/src/player/PlayerController.cs using Guid(a6f611a2a8a96bd0da70d858a92280a9) Importer(815301076,1909f56bfc062723c751e8b465ee728b) (PreviewImporter) -> (artifact id: '00000000000000000000000000000000') in 0.000559105 seconds
Import Error Code:(4)
Message: Build asset version error: assets/src/player/playercontroller.cs in SourceAssetDB has modification time of '2026-01-31T14:23:20Z' while content on disk has modification time of '2026-01-31T17:15:45Z'
  ERROR: Build asset version error: assets/src/player/playercontroller.cs in SourceAssetDB has modification time of '2026-01-31T14:23:20Z' while content on disk has modification time of '2026-01-31T17:15:45Z'
Number of updated asset objects reloaded before import = 0Number of asset objects unloaded after import = 0

========================================================================
Received Import Request.
  Time since last request: 0.000010 seconds.
  path: Assets/src/player/PlayerController.cs
  artifactKey: Guid(a6f611a2a8a96bd0da70d858a92280a9) Importer(815301076,1909f56bfc062723c751e8b465ee728b)
Start importing Assets/src/player/PlayerController.cs using Guid(a6f611a2a8a96bd0da70d858a92280a9) Importer(815301076,1909f56bfc062723c751e8b465ee728b) (PreviewImporter) -> (artifact id: '00000000000000000000000000000000') in 0.000425266 seconds
Import Error Code:(4)
Message: Build asset version error: assets/src/player/playercontroller.cs in SourceAssetDB has modification time of '2026-01-31T14:23:20Z' while content on disk has modification time of '2026-01-31T17:15:45Z'
  ERROR: Build asset version error: assets/src/player/playercontroller.cs in SourceAssetDB has modification time of '2026-01-31T14:23:20Z' while content on disk has modification time of '2026-01-31T17:15:45Z'
Number of updated asset objects reloaded before import = 0Number of asset objects unloaded after import = 0

========================================================================
Received Import Request.
  Time since last request: 0.000012 seconds.
  path: Assets/src/player/PlayerController.cs
  artifactKey: Guid(a6f611a2a8a96bd0da70d858a92280a9) Importer(815301076,1909f56bfc062723c751e8b465ee728b)
Start importing Assets/src/player/PlayerController.cs using Guid(a6f611a2a8a96bd0da70d858a92280a9) Importer(815301076,1909f56bfc062723c751e8b465ee728b) (PreviewImporter) -> (artifact id: '00000000000000000000000000000000') in 0.000422525 seconds
Import Error Code:(4)
Message: Build asset version error: assets/src/player/playercontroller.cs in SourceAssetDB has modification time of '2026-01-31T14:23:20Z' while content on disk has modification time of '2026-01-31T17:15:45Z'
  ERROR: Build asset version error: assets/src/player/playercontroller.cs in SourceAssetDB has modification time of '2026-01-31T14:23:20Z' while content on disk has modification time of '2026-01-31T17:15:45Z'
Number of updated asset objects reloaded before import = 0Number of asset objects unloaded after import = 0

========================================================================
Received Import Request.
  Time since last request: 0.000025 seconds.
  path: Assets/src/player/PlayerController.cs
  artifactKey: Guid(a6f611a2a8a96bd0da70d858a92280a9) Importer(815301076,1909f56bfc062723c751e8b465ee728b)
Start importing Assets/src/player/PlayerController.cs using Guid(a6f611a2a8a96bd0da70d858a92280a9) Importer(815301076,1909f56bfc062723c751e8b465ee728b) (PreviewImporter) -> (artifact id: '00000000000000000000000000000000') in 0.000367995 seconds
Import Error Code:(4)
Message: Build asset version error: assets/src/player/playercontroller.cs in SourceAssetDB has modification time of '2026-01-31T14:23:20Z' while content on disk has modification time of '2026-01-31T17:15:45Z'
  ERROR: Build asset version error: assets/src/player/playercontroller.cs in SourceAssetDB has modification time of '2026-01-31T14:23:20Z' while content on disk has modification time of '2026-01-31T17:15:45Z'
Number of updated asset objects reloaded before import = 0Number of asset objects unloaded after import = 0

========================================================================
Received Import Request.
  Time since last request: 0.004183 seconds.
  path: Assets/src/player/PlayerController.cs
  artifactKey: Guid(a6f611a2a8a96bd0da70d858a92280a9) Importer(815301076,1909f56bfc062723c751e8b465ee728b)
Start importing Assets/src/player/PlayerController.cs using Guid(a6f611a2a8a96bd0da70d858a92280a9) Importer(815301076,1909f56bfc062723c751e8b465ee728b) (PreviewImporter) -> (artifact id: '00000000000000000000000000000000') in 0.000593866 seconds
Import Error Code:(4)
Message: Build asset version error: assets/src/player/playercontroller.cs in SourceAssetDB has modification time of '2026-01-31T14:23:20Z' while content on disk has modification time of '2026-01-31T17:15:45Z'
  ERROR: Build asset version error: assets/src/player/playercontroller.cs in SourceAssetDB has modification time of '2026-01-31T14:23:20Z' while content on disk has modification time of '2026-01-31T17:15:45Z'
Number of updated asset objects reloaded before import = 0Number of asset objects unloaded after import = 0

========================================================================
Received Import Request.
  Time since last request: 0.000011 seconds.
  path: Assets/src/player/PlayerController.cs
  artifactKey: Guid(a6f611a2a8a96bd0da70d858a92280a9) Importer(815301076,1909f56bfc062723c751e8b465ee728b)
Start importing Assets/src/player/PlayerController.cs using Guid(a6f611a2a8a96bd0da70d858a92280a9) Importer(815301076,1909f56bfc062723c751e8b465ee728b) (PreviewImporter) -> (artifact id: '00000000000000000000000000000000') in 0.000488927 seconds
Import Error Code:(4)
Message: Build asset version error: assets/src/player/playercontroller.cs in SourceAssetDB has modification time of '2026-01-31T14:23:20Z' while content on disk has modification time of '2026-01-31T17:15:45Z'
  ERROR: Build asset version error: assets/src/player/playercontroller.cs in SourceAssetDB has modification time of '2026-01-31T14:23:20Z' while content on disk has modification time of '2026-01-31T17:15:45Z'
Number of updated asset objects reloaded before import = 0Number of asset objects unloaded after import = 0

========================================================================
Received Import Request.
  Time since last request: 0.000015 seconds.
  path: Assets/src/player/PlayerController.cs
  artifactKey: Guid(a6f611a2a8a96bd0da70d858a92280a9) Importer(815301076,1909f56bfc062723c751e8b465ee728b)
Start importing Assets/src/player/PlayerController.cs using Guid(a6f611a2a8a96bd0da70d858a92280a9) Importer(815301076,1909f56bfc062723c751e8b465ee728b) (PreviewImporter) -> (artifact id: '00000000000000000000000000000000') in 0.000382772 seconds
Import Error Code:(4)
Message: Build asset version error: assets/src/player/playercontroller.cs in SourceAssetDB has modification time of '2026-01-31T14:23:20Z' while content on disk has modification time of '2026-01-31T17:15:45Z'
  ERROR: Build asset version error: assets/src/player/playercontroller.cs in SourceAssetDB has modification time of '2026-01-31T14:23:20Z' while content on disk has modification time of '2026-01-31T17:15:45Z'
Number of updated asset objects reloaded before import = 0Number of asset objects unloaded after import = 0

========================================================================
Received Import Request.
  Time since last request: 0.000022 seconds.
  path: Assets/src/player/PlayerController.cs
  artifactKey: Guid(a6f611a2a8a96bd0da70d858a92280a9) Importer(815301076,1909f56bfc062723c751e8b465ee728b)
Start importing Assets/src/player/PlayerController.cs using Guid(a6f611a2a8a96bd0da70d858a92280a9) Importer(815301076,1909f56bfc062723c751e8b465ee728b) (PreviewImporter) -> (artifact id: '00000000000000000000000000000000') in 0.000468519 seconds
Import Error Code:(4)
Message: Build asset version error: assets/src/player/playercontroller.cs in SourceAssetDB has modification time of '2026-01-31T14:23:20Z' while content on disk has modification time of '2026-01-31T17:15:45Z'
  ERROR: Build asset version error: assets/src/player/playercontroller.cs in SourceAssetDB has modification time of '2026-01-31T14:23:20Z' while content on disk has modification time of '2026-01-31T17:15:45Z'
Number of updated asset objects reloaded before import = 0Number of asset objects unloaded after import = 0

========================================================================
Received Import Request.
  Time since last request: 0.000011 seconds.
  path: Assets/src/player/PlayerController.cs
  artifactKey: Guid(a6f611a2a8a96bd0da70d858a92280a9) Importer(815301076,1909f56bfc062723c751e8b465ee728b)
Start importing Assets/src/player/PlayerController.cs using Guid(a6f611a2a8a96bd0da70d858a92280a9) Importer(815301076,1909f56bfc062723c751e8b465ee728b) (PreviewImporter) -> (artifact id: '00000000000000000000000000000000') in 0.000420603 seconds
Import Error Code:(4)
Message: Build asset version error: assets/src/player/playercontroller.cs in SourceAssetDB has modification time of '2026-01-31T14:23:20Z' while content on disk has modification time of '2026-01-31T17:15:45Z'
  ERROR: Build asset version error: assets/src/player/playercontroller.cs in SourceAssetDB has modification time of '2026-01-31T14:23:20Z' while content on disk has modification time of '2026-01-31T17:15:45Z'
Number of updated asset objects reloaded before import = 0Number of asset objects unloaded after import = 0

========================================================================
Received Import Request.
  Time since last request: 0.000011 seconds.
  path: Assets/src/player/PlayerController.cs
  artifactKey: Guid(a6f611a2a8a96bd0da70d858a92280a9) Importer(815301076,1909f56bfc062723c751e8b465ee728b)
Start importing Assets/src/player/PlayerController.cs using Guid(a6f611a2a8a96bd0da70d858a92280a9) Importer(815301076,1909f56bfc062723c751e8b465ee728b) (PreviewImporter) -> (artifact id: '00000000000000000000000000000000') in 0.00043985 seconds
Import Error Code:(4)
Message: Build asset version error: assets/src/player/playercontroller.cs in SourceAssetDB has modification time of '2026-01-31T14:23:20Z' while content on disk has modification time of '2026-01-31T17:15:45Z'
  ERROR: Build asset version error: assets/src/player/playercontroller.cs in SourceAssetDB has modification time of '2026-01-31T14:23:20Z' while content on disk has modification time of '2026-01-31T17:15:45Z'
Number of updated asset objects reloaded before import = 0Number of asset objects unloaded after import = 0

========================================================================
Received Import Request.
  Time since last request: 0.000011 seconds.
  path: Assets/src/player/PlayerController.cs
  artifactKey: Guid(a6f611a2a8a96bd0da70d858a92280a9) Importer(815301076,1909f56bfc062723c751e8b465ee728b)
Start importing Assets/src/player/PlayerController.cs using Guid(a6f611a2a8a96bd0da70d858a92280a9) Importer(815301076,1909f56bfc062723c751e8b465ee728b) (PreviewImporter) -> (artifact id: '00000000000000000000000000000000') in 0.000455521 seconds
Import Error Code:(4)
Message: Build asset version error: assets/src/player/playercontroller.cs in SourceAssetDB has modification time of '2026-01-31T14:23:20Z' while content on disk has modification time of '2026-01-31T17:15:45Z'
  ERROR: Build asset version error: assets/src/player/playercontroller.cs in SourceAssetDB has modification time of '2026-01-31T14:23:20Z' while content on disk has modification time of '2026-01-31T17:15:45Z'
Number of updated asset objects reloaded before import = 0Number of asset objects unloaded after import = 0

========================================================================
Received Import Request.
  Time since last request: 0.000014 seconds.
  path: Assets/src/player/PlayerController.cs
  artifactKey: Guid(a6f611a2a8a96bd0da70d858a92280a9) Importer(815301076,1909f56bfc062723c751e8b465ee728b)
Start importing Assets/src/player/PlayerController.cs using Guid(a6f611a2a8a96bd0da70d858a92280a9) Importer(815301076,1909f56bfc062723c751e8b465ee728b) (PreviewImporter) -> (artifact id: '00000000000000000000000000000000') in 0.000426505 seconds
Import Error Code:(4)
Message: Build asset version error: assets/src/player/playercontroller.cs in SourceAssetDB has modification time of '2026-01-31T14:23:20Z' while content on disk has modification time of '2026-01-31T17:15:45Z'
  ERROR: Build asset version error: assets/src/player/playercontroller.cs in SourceAssetDB has modification time of '2026-01-31T14:23:20Z' while content on disk has modification time of '2026-01-31T17:15:45Z'
Number of updated asset objects reloaded before import = 0Number of asset objects unloaded after import = 0

========================================================================
Received Import Request.
  Time since last request: 0.000013 seconds.
  path: Assets/src/player/PlayerController.cs
  artifactKey: Guid(a6f611a2a8a96bd0da70d858a92280a9) Importer(815301076,1909f56bfc062723c751e8b465ee728b)
Start importing Assets/src/player/PlayerController.cs using Guid(a6f611a2a8a96bd0da70d858a92280a9) Importer(815301076,1909f56bfc062723c751e8b465ee728b) (PreviewImporter) -> (artifact id: '00000000000000000000000000000000') in 0.00053544 seconds
Import Error Code:(4)
Message: Build asset version error: assets/src/player/playercontroller.cs in SourceAssetDB has modification time of '2026-01-31T14:23:20Z' while content on disk has modification time of '2026-01-31T17:15:45Z'
  ERROR: Build asset version error: assets/src/player/playercontroller.cs in SourceAssetDB has modification time of '2026-01-31T14:23:20Z' while content on disk has modification time of '2026-01-31T17:15:45Z'
Number of updated asset objects reloaded before import = 0Number of asset objects unloaded after import = 0

========================================================================
Received Import Request.
  Time since last request: 0.002925 seconds.
  path: Assets/src/player/PlayerController.cs
  artifactKey: Guid(a6f611a2a8a96bd0da70d858a92280a9) Importer(815301076,1909f56bfc062723c751e8b465ee728b)
Start importing Assets/src/player/PlayerController.cs using Guid(a6f611a2a8a96bd0da70d858a92280a9) Importer(815301076,1909f56bfc062723c751e8b465ee728b) (PreviewImporter) -> (artifact id: '00000000000000000000000000000000') in 0.000537535 seconds
Import Error Code:(4)
Message: Build asset version error: assets/src/player/playercontroller.cs in SourceAssetDB has modification time of '2026-01-31T14:23:20Z' while content on disk has modification time of '2026-01-31T17:15:45Z'
  ERROR: Build asset version error: assets/src/player/playercontroller.cs in SourceAssetDB has modification time of '2026-01-31T14:23:20Z' while content on disk has modification time of '2026-01-31T17:15:45Z'
Number of updated asset objects reloaded before import = 0Number of asset objects unloaded after import = 0

========================================================================
Received Import Request.
  Time since last request: 0.000028 seconds.
  path: Assets/src/player/PlayerController.cs
  artifactKey: Guid(a6f611a2a8a96bd0da70d858a92280a9) Importer(815301076,1909f56bfc062723c751e8b465ee728b)
Start importing Assets/src/player/PlayerController.cs using Guid(a6f611a2a8a96bd0da70d858a92280a9) Importer(815301076,1909f56bfc062723c751e8b465ee728b) (PreviewImporter) -> (artifact id: '00000000000000000000000000000000') in 0.000397648 seconds
Import Error Code:(4)
Message: Build asset version error: assets/src/player/playercontroller.cs in SourceAssetDB has modification time of '2026-01-31T14:23:20Z' while content on disk has modification time of '2026-01-31T17:15:45Z'
  ERROR: Build asset version error: assets/src/player/playercontroller.cs in SourceAssetDB has modification time of '2026-01-31T14:23:20Z' while content on disk has modification time of '2026-01-31T17:15:45Z'
Number of updated asset objects reloaded before import = 0Number of asset objects unloaded after import = 0

========================================================================
Received Import Request.
  Time since last request: 0.000018 seconds.
  path: Assets/src/player/PlayerController.cs
  artifactKey: Guid(a6f611a2a8a96bd0da70d858a92280a9) Importer(815301076,1909f56bfc062723c751e8b465ee728b)
Start importing Assets/src/player/PlayerController.cs using Guid(a6f611a2a8a96bd0da70d858a92280a9) Importer(815301076,1909f56bfc062723c751e8b465ee728b) (PreviewImporter) -> (artifact id: '00000000000000000000000000000000') in 0.000449303 seconds
Import Error Code:(4)
Message: Build asset version error: assets/src/player/playercontroller.cs in SourceAssetDB has modification time of '2026-01-31T14:23:20Z' while content on disk has modification time of '2026-01-31T17:15:45Z'
  ERROR: Build asset version error: assets/src/player/playercontroller.cs in SourceAssetDB has modification time of '2026-01-31T14:23:20Z' while content on disk has modification time of '2026-01-31T17:15:45Z'
Number of updated asset objects reloaded before import = 0Number of asset objects unloaded after import = 0

========================================================================
Received Import Request.
  Time since last request: 0.000028 seconds.
  path: Assets/src/player/PlayerController.cs
  artifactKey: Guid(a6f611a2a8a96bd0da70d858a92280a9) Importer(815301076,1909f56bfc062723c751e8b465ee728b)
Start importing Assets/src/player/PlayerController.cs using Guid(a6f611a2a8a96bd0da70d858a92280a9) Importer(815301076,1909f56bfc062723c751e8b465ee728b) (PreviewImporter) -> (artifact id: '00000000000000000000000000000000') in 0.000614794 seconds
Import Error Code:(4)
Message: Build asset version error: assets/src/player/playercontroller.cs in SourceAssetDB has modification time of '2026-01-31T14:23:20Z' while content on disk has modification time of '2026-01-31T17:15:45Z'
  ERROR: Build asset version error: assets/src/player/playercontroller.cs in SourceAssetDB has modification time of '2026-01-31T14:23:20Z' while content on disk has modification time of '2026-01-31T17:15:45Z'
Number of updated asset objects reloaded before import = 0Number of asset objects unloaded after import = 0

========================================================================
Received Import Request.
  Time since last request: 0.000021 seconds.
  path: Assets/src/player/PlayerController.cs
  artifactKey: Guid(a6f611a2a8a96bd0da70d858a92280a9) Importer(815301076,1909f56bfc062723c751e8b465ee728b)
Start importing Assets/src/player/PlayerController.cs using Guid(a6f611a2a8a96bd0da70d858a92280a9) Importer(815301076,1909f56bfc062723c751e8b465ee728b) (PreviewImporter) -> (artifact id: '00000000000000000000000000000000') in 0.000469567 seconds
Import Error Code:(4)
Message: Build asset version error: assets/src/player/playercontroller.cs in SourceAssetDB has modification time of '2026-01-31T14:23:20Z' while content on disk has modification time of '2026-01-31T17:15:45Z'
  ERROR: Build asset version error: assets/src/player/playercontroller.cs in SourceAssetDB has modification time of '2026-01-31T14:23:20Z' while content on disk has modification time of '2026-01-31T17:15:45Z'
Number of updated asset objects reloaded before import = 0Number of asset objects unloaded after import = 0

========================================================================
Received Import Request.
  Time since last request: 0.002095 seconds.
  path: Assets/src/player/PlayerController.cs
  artifactKey: Guid(a6f611a2a8a96bd0da70d858a92280a9) Importer(815301076,1909f56bfc062723c751e8b465ee728b)
Start importing Assets/src/player/PlayerController.cs using Guid(a6f611a2a8a96bd0da70d858a92280a9) Importer(815301076,1909f56bfc062723c751e8b465ee728b) (PreviewImporter) -> (artifact id: '00000000000000000000000000000000') in 0.000429817 seconds
Import Error Code:(4)
Message: Build asset version error: assets/src/player/playercontroller.cs in SourceAssetDB has modification time of '2026-01-31T14:23:20Z' while content on disk has modification time of '2026-01-31T17:15:45Z'
  ERROR: Build asset version error: assets/src/player/playercontroller.cs in SourceAssetDB has modification time of '2026-01-31T14:23:20Z' while content on disk has modification time of '2026-01-31T17:15:45Z'
Number of updated asset objects reloaded before import = 0Number of asset objects unloaded after import = 0

========================================================================
Received Import Request.
  Time since last request: 0.000014 seconds.
  path: Assets/src/player/PlayerController.cs
  artifactKey: Guid(a6f611a2a8a96bd0da70d858a92280a9) Importer(815301076,1909f56bfc062723c751e8b465ee728b)
Start importing Assets/src/player/PlayerController.cs using Guid(a6f611a2a8a96bd0da70d858a92280a9) Importer(815301076,1909f56bfc062723c751e8b465ee728b) (PreviewImporter) -> (artifact id: '00000000000000000000000000000000') in 0.000744883 seconds
Import Error Code:(4)
Message: Build asset version error: assets/src/player/playercontroller.cs in SourceAssetDB has modification time of '2026-01-31T14:23:20Z' while content on disk has modification time of '2026-01-31T17:15:45Z'
  ERROR: Build asset version error: assets/src/player/playercontroller.cs in SourceAssetDB has modification time of '2026-01-31T14:23:20Z' while content on disk has modification time of '2026-01-31T17:15:45Z'
Number of updated asset objects reloaded before import = 0Number of asset objects unloaded after import = 0

========================================================================
Received Import Request.
  Time since last request: 0.000014 seconds.
  path: Assets/src/player/PlayerController.cs
  artifactKey: Guid(a6f611a2a8a96bd0da70d858a92280a9) Importer(815301076,1909f56bfc062723c751e8b465ee728b)
Start importing Assets/src/player/PlayerController.cs using Guid(a6f611a2a8a96bd0da70d858a92280a9) Importer(815301076,1909f56bfc062723c751e8b465ee728b) (PreviewImporter) -> (artifact id: '00000000000000000000000000000000') in 0.000445946 seconds
Import Error Code:(4)
Message: Build asset version error: assets/src/player/playercontroller.cs in SourceAssetDB has modification time of '2026-01-31T14:23:20Z' while content on disk has modification time of '2026-01-31T17:15:45Z'
  ERROR: Build asset version error: assets/src/player/playercontroller.cs in SourceAssetDB has modification time of '2026-01-31T14:23:20Z' while content on disk has modification time of '2026-01-31T17:15:45Z'
Number of updated asset objects reloaded before import = 0Number of asset objects unloaded after import = 0

========================================================================
Received Import Request.
  Time since last request: 0.000011 seconds.
  path: Assets/src/player/PlayerController.cs
  artifactKey: Guid(a6f611a2a8a96bd0da70d858a92280a9) Importer(815301076,1909f56bfc062723c751e8b465ee728b)
Start importing Assets/src/player/PlayerController.cs using Guid(a6f611a2a8a96bd0da70d858a92280a9) Importer(815301076,1909f56bfc062723c751e8b465ee728b) (PreviewImporter) -> (artifact id: '00000000000000000000000000000000') in 0.000440226 seconds
Import Error Code:(4)
Message: Build asset version error: assets/src/player/playercontroller.cs in SourceAssetDB has modification time of '2026-01-31T14:23:20Z' while content on disk has modification time of '2026-01-31T17:15:45Z'
  ERROR: Build asset version error: assets/src/player/playercontroller.cs in SourceAssetDB has modification time of '2026-01-31T14:23:20Z' while content on disk has modification time of '2026-01-31T17:15:45Z'
Number of updated asset objects reloaded before import = 0Number of asset objects unloaded after import = 0

========================================================================
Received Import Request.
  Time since last request: 0.000074 seconds.
  path: Assets/src/player/PlayerController.cs
  artifactKey: Guid(a6f611a2a8a96bd0da70d858a92280a9) Importer(815301076,1909f56bfc062723c751e8b465ee728b)
Start importing Assets/src/player/PlayerController.cs using Guid(a6f611a2a8a96bd0da70d858a92280a9) Importer(815301076,1909f56bfc062723c751e8b465ee728b) (PreviewImporter) -> (artifact id: '00000000000000000000000000000000') in 0.000436903 seconds
Import Error Code:(4)
Message: Build asset version error: assets/src/player/playercontroller.cs in SourceAssetDB has modification time of '2026-01-31T14:23:20Z' while content on disk has modification time of '2026-01-31T17:15:45Z'
  ERROR: Build asset version error: assets/src/player/playercontroller.cs in SourceAssetDB has modification time of '2026-01-31T14:23:20Z' while content on disk has modification time of '2026-01-31T17:15:45Z'
Number of updated asset objects reloaded before import = 0Number of asset objects unloaded after import = 0

========================================================================
Received Import Request.
  Time since last request: 0.003434 seconds.
  path: Assets/src/player/PlayerController.cs
  artifactKey: Guid(a6f611a2a8a96bd0da70d858a92280a9) Importer(815301076,1909f56bfc062723c751e8b465ee728b)
Start importing Assets/src/player/PlayerController.cs using Guid(a6f611a2a8a96bd0da70d858a92280a9) Importer(815301076,1909f56bfc062723c751e8b465ee728b) (PreviewImporter) -> (artifact id: '00000000000000000000000000000000') in 0.000538038 seconds
Import Error Code:(4)
Message: Build asset version error: assets/src/player/playercontroller.cs in SourceAssetDB has modification time of '2026-01-31T14:23:20Z' while content on disk has modification time of '2026-01-31T17:15:45Z'
  ERROR: Build asset version error: assets/src/player/playercontroller.cs in SourceAssetDB has modification time of '2026-01-31T14:23:20Z' while content on disk has modification time of '2026-01-31T17:15:45Z'
Number of updated asset objects reloaded before import = 0Number of asset objects unloaded after import = 0
=======
  path: Assets/Audio/music
  artifactKey: Guid(70267a02a6ebe0d5cbc83ea9e97f92e7) Importer(2089858483,b0f066a214c2f5e87bad3c948f4d605d)
Start importing Assets/Audio/music using Guid(70267a02a6ebe0d5cbc83ea9e97f92e7) Importer(2089858483,b0f066a214c2f5e87bad3c948f4d605d) (ScriptedImporter) -> (artifact id: '3b54f786869fdbb94fc1dfe60ba0f4f4') in 0.014930967 seconds
Number of updated asset objects reloaded before import = 0Number of asset objects unloaded after import = 1
>>>>>>> 9bb67c2060d9edb6d639ecc7718ea780eff7eeb8

========================================================================
Received Import Request.
  Time since last request: 0.000020 seconds.
<<<<<<< HEAD
  path: Assets/src/player/PlayerController.cs
  artifactKey: Guid(a6f611a2a8a96bd0da70d858a92280a9) Importer(815301076,1909f56bfc062723c751e8b465ee728b)
Start importing Assets/src/player/PlayerController.cs using Guid(a6f611a2a8a96bd0da70d858a92280a9) Importer(815301076,1909f56bfc062723c751e8b465ee728b) (PreviewImporter) -> (artifact id: '00000000000000000000000000000000') in 0.000604317 seconds
Import Error Code:(4)
Message: Build asset version error: assets/src/player/playercontroller.cs in SourceAssetDB has modification time of '2026-01-31T14:23:20Z' while content on disk has modification time of '2026-01-31T17:15:45Z'
  ERROR: Build asset version error: assets/src/player/playercontroller.cs in SourceAssetDB has modification time of '2026-01-31T14:23:20Z' while content on disk has modification time of '2026-01-31T17:15:45Z'
Number of updated asset objects reloaded before import = 0Number of asset objects unloaded after import = 0

========================================================================
Received Import Request.
  Time since last request: 0.000023 seconds.
  path: Assets/src/player/PlayerController.cs
  artifactKey: Guid(a6f611a2a8a96bd0da70d858a92280a9) Importer(815301076,1909f56bfc062723c751e8b465ee728b)
Start importing Assets/src/player/PlayerController.cs using Guid(a6f611a2a8a96bd0da70d858a92280a9) Importer(815301076,1909f56bfc062723c751e8b465ee728b) (PreviewImporter) -> (artifact id: '00000000000000000000000000000000') in 0.000411499 seconds
Import Error Code:(4)
Message: Build asset version error: assets/src/player/playercontroller.cs in SourceAssetDB has modification time of '2026-01-31T14:23:20Z' while content on disk has modification time of '2026-01-31T17:15:45Z'
  ERROR: Build asset version error: assets/src/player/playercontroller.cs in SourceAssetDB has modification time of '2026-01-31T14:23:20Z' while content on disk has modification time of '2026-01-31T17:15:45Z'
Number of updated asset objects reloaded before import = 0Number of asset objects unloaded after import = 0

========================================================================
Received Import Request.
  Time since last request: 0.000012 seconds.
  path: Assets/src/player/PlayerController.cs
  artifactKey: Guid(a6f611a2a8a96bd0da70d858a92280a9) Importer(815301076,1909f56bfc062723c751e8b465ee728b)
Start importing Assets/src/player/PlayerController.cs using Guid(a6f611a2a8a96bd0da70d858a92280a9) Importer(815301076,1909f56bfc062723c751e8b465ee728b) (PreviewImporter) -> (artifact id: '00000000000000000000000000000000') in 0.000458414 seconds
Import Error Code:(4)
Message: Build asset version error: assets/src/player/playercontroller.cs in SourceAssetDB has modification time of '2026-01-31T14:23:20Z' while content on disk has modification time of '2026-01-31T17:15:45Z'
  ERROR: Build asset version error: assets/src/player/playercontroller.cs in SourceAssetDB has modification time of '2026-01-31T14:23:20Z' while content on disk has modification time of '2026-01-31T17:15:45Z'
Number of updated asset objects reloaded before import = 0Number of asset objects unloaded after import = 0
=======
  path: Assets/src/enemies/bosses
  artifactKey: Guid(de9cfd2419b4f7557bc2b58bce45eb6e) Importer(2089858483,b0f066a214c2f5e87bad3c948f4d605d)
Start importing Assets/src/enemies/bosses using Guid(de9cfd2419b4f7557bc2b58bce45eb6e) Importer(2089858483,b0f066a214c2f5e87bad3c948f4d605d) (ScriptedImporter) -> (artifact id: '7b2cc2863c28cff0a1a2af96ca4f5fac') in 0.012801234 seconds
Number of updated asset objects reloaded before import = 0Number of asset objects unloaded after import = 1

========================================================================
Received Import Request.
  Time since last request: 0.000024 seconds.
  path: Assets/Art/characters
  artifactKey: Guid(e5db8b4c86a9a2b85b7da05b5687a6bf) Importer(2089858483,b0f066a214c2f5e87bad3c948f4d605d)
Start importing Assets/Art/characters using Guid(e5db8b4c86a9a2b85b7da05b5687a6bf) Importer(2089858483,b0f066a214c2f5e87bad3c948f4d605d) (ScriptedImporter) -> (artifact id: '74db14609c3adc16144902bb77d3a8f6') in 0.015982565 seconds
Number of updated asset objects reloaded before import = 0Number of asset objects unloaded after import = 1
>>>>>>> 9bb67c2060d9edb6d639ecc7718ea780eff7eeb8

========================================================================
Received Import Request.
  Time since last request: 0.000021 seconds.
<<<<<<< HEAD
  path: Assets/src/player/PlayerController.cs
  artifactKey: Guid(a6f611a2a8a96bd0da70d858a92280a9) Importer(815301076,1909f56bfc062723c751e8b465ee728b)
Start importing Assets/src/player/PlayerController.cs using Guid(a6f611a2a8a96bd0da70d858a92280a9) Importer(815301076,1909f56bfc062723c751e8b465ee728b) (PreviewImporter) -> (artifact id: '00000000000000000000000000000000') in 0.000405423 seconds
Import Error Code:(4)
Message: Build asset version error: assets/src/player/playercontroller.cs in SourceAssetDB has modification time of '2026-01-31T14:23:20Z' while content on disk has modification time of '2026-01-31T17:15:45Z'
  ERROR: Build asset version error: assets/src/player/playercontroller.cs in SourceAssetDB has modification time of '2026-01-31T14:23:20Z' while content on disk has modification time of '2026-01-31T17:15:45Z'
=======
  path: Assets/src/core
  artifactKey: Guid(23980b23a5a37f3108c2472c844df14f) Importer(2089858483,b0f066a214c2f5e87bad3c948f4d605d)
Start importing Assets/src/core using Guid(23980b23a5a37f3108c2472c844df14f) Importer(2089858483,b0f066a214c2f5e87bad3c948f4d605d) (ScriptedImporter) -> (artifact id: '4f1ed971c4e577c16150f7d4ef34d88a') in 0.028417271 seconds
Number of updated asset objects reloaded before import = 0Number of asset objects unloaded after import = 1

========================================================================
Received Import Request.
  Time since last request: 7.276903 seconds.
  path: Assets/src/world/rooms
  artifactKey: Guid(dbebe665ed02d8b7c9315911e58fb4ac) Importer(815301076,1909f56bfc062723c751e8b465ee728b)
Start importing Assets/src/world/rooms using Guid(dbebe665ed02d8b7c9315911e58fb4ac) Importer(815301076,1909f56bfc062723c751e8b465ee728b) (PreviewImporter) -> (artifact id: '6a3efeae17a3a1d209a8abec135cb8c6') in 0.000384379 seconds
>>>>>>> 9bb67c2060d9edb6d639ecc7718ea780eff7eeb8
Number of updated asset objects reloaded before import = 0Number of asset objects unloaded after import = 0

========================================================================
Received Import Request.
<<<<<<< HEAD
  Time since last request: 0.003716 seconds.
  path: Assets/src/player/PlayerController.cs
  artifactKey: Guid(a6f611a2a8a96bd0da70d858a92280a9) Importer(815301076,1909f56bfc062723c751e8b465ee728b)
Start importing Assets/src/player/PlayerController.cs using Guid(a6f611a2a8a96bd0da70d858a92280a9) Importer(815301076,1909f56bfc062723c751e8b465ee728b) (PreviewImporter) -> (artifact id: '00000000000000000000000000000000') in 0.000531756 seconds
Import Error Code:(4)
Message: Build asset version error: assets/src/player/playercontroller.cs in SourceAssetDB has modification time of '2026-01-31T14:23:20Z' while content on disk has modification time of '2026-01-31T17:15:45Z'
  ERROR: Build asset version error: assets/src/player/playercontroller.cs in SourceAssetDB has modification time of '2026-01-31T14:23:20Z' while content on disk has modification time of '2026-01-31T17:15:45Z'
=======
  Time since last request: 218.598777 seconds.
  path: Assets/Scenes/RoomScene.unity
  artifactKey: Guid(9189e075b4a3d97d4948bf4dcf7af13a) Importer(815301076,1909f56bfc062723c751e8b465ee728b)
Start importing Assets/Scenes/RoomScene.unity using Guid(9189e075b4a3d97d4948bf4dcf7af13a) Importer(815301076,1909f56bfc062723c751e8b465ee728b) (PreviewImporter) -> (artifact id: '2dd31e35d42fdf655b2f095e7bd0e608') in 0.033174327 seconds
>>>>>>> 9bb67c2060d9edb6d639ecc7718ea780eff7eeb8
Number of updated asset objects reloaded before import = 0Number of asset objects unloaded after import = 0

========================================================================
Received Import Request.
<<<<<<< HEAD
  Time since last request: 0.000012 seconds.
  path: Assets/src/player/PlayerController.cs
  artifactKey: Guid(a6f611a2a8a96bd0da70d858a92280a9) Importer(815301076,1909f56bfc062723c751e8b465ee728b)
Start importing Assets/src/player/PlayerController.cs using Guid(a6f611a2a8a96bd0da70d858a92280a9) Importer(815301076,1909f56bfc062723c751e8b465ee728b) (PreviewImporter) -> (artifact id: '00000000000000000000000000000000') in 0.000434925 seconds
Import Error Code:(4)
Message: Build asset version error: assets/src/player/playercontroller.cs in SourceAssetDB has modification time of '2026-01-31T14:23:20Z' while content on disk has modification time of '2026-01-31T17:15:45Z'
  ERROR: Build asset version error: assets/src/player/playercontroller.cs in SourceAssetDB has modification time of '2026-01-31T14:23:20Z' while content on disk has modification time of '2026-01-31T17:15:45Z'
Number of updated asset objects reloaded before import = 0Number of asset objects unloaded after import = 0

========================================================================
Received Import Request.
  Time since last request: 0.000015 seconds.
  path: Assets/src/player/PlayerController.cs
  artifactKey: Guid(a6f611a2a8a96bd0da70d858a92280a9) Importer(815301076,1909f56bfc062723c751e8b465ee728b)
Start importing Assets/src/player/PlayerController.cs using Guid(a6f611a2a8a96bd0da70d858a92280a9) Importer(815301076,1909f56bfc062723c751e8b465ee728b) (PreviewImporter) -> (artifact id: '00000000000000000000000000000000') in 0.000471597 seconds
Import Error Code:(4)
Message: Build asset version error: assets/src/player/playercontroller.cs in SourceAssetDB has modification time of '2026-01-31T14:23:20Z' while content on disk has modification time of '2026-01-31T17:15:45Z'
  ERROR: Build asset version error: assets/src/player/playercontroller.cs in SourceAssetDB has modification time of '2026-01-31T14:23:20Z' while content on disk has modification time of '2026-01-31T17:15:45Z'
Number of updated asset objects reloaded before import = 0Number of asset objects unloaded after import = 0

========================================================================
Received Import Request.
  Time since last request: 0.000016 seconds.
  path: Assets/src/player/PlayerController.cs
  artifactKey: Guid(a6f611a2a8a96bd0da70d858a92280a9) Importer(815301076,1909f56bfc062723c751e8b465ee728b)
Start importing Assets/src/player/PlayerController.cs using Guid(a6f611a2a8a96bd0da70d858a92280a9) Importer(815301076,1909f56bfc062723c751e8b465ee728b) (PreviewImporter) -> (artifact id: '00000000000000000000000000000000') in 0.000464385 seconds
Import Error Code:(4)
Message: Build asset version error: assets/src/player/playercontroller.cs in SourceAssetDB has modification time of '2026-01-31T14:23:20Z' while content on disk has modification time of '2026-01-31T17:15:45Z'
  ERROR: Build asset version error: assets/src/player/playercontroller.cs in SourceAssetDB has modification time of '2026-01-31T14:23:20Z' while content on disk has modification time of '2026-01-31T17:15:45Z'
Number of updated asset objects reloaded before import = 0Number of asset objects unloaded after import = 0

========================================================================
Received Import Request.
  Time since last request: 0.000015 seconds.
  path: Assets/src/player/PlayerController.cs
  artifactKey: Guid(a6f611a2a8a96bd0da70d858a92280a9) Importer(815301076,1909f56bfc062723c751e8b465ee728b)
Start importing Assets/src/player/PlayerController.cs using Guid(a6f611a2a8a96bd0da70d858a92280a9) Importer(815301076,1909f56bfc062723c751e8b465ee728b) (PreviewImporter) -> (artifact id: '00000000000000000000000000000000') in 0.000463142 seconds
Import Error Code:(4)
Message: Build asset version error: assets/src/player/playercontroller.cs in SourceAssetDB has modification time of '2026-01-31T14:23:20Z' while content on disk has modification time of '2026-01-31T17:15:45Z'
  ERROR: Build asset version error: assets/src/player/playercontroller.cs in SourceAssetDB has modification time of '2026-01-31T14:23:20Z' while content on disk has modification time of '2026-01-31T17:15:45Z'
Number of updated asset objects reloaded before import = 0Number of asset objects unloaded after import = 0

========================================================================
Received Import Request.
  Time since last request: 0.000386 seconds.
  path: Assets/src/player/PlayerController.cs
  artifactKey: Guid(a6f611a2a8a96bd0da70d858a92280a9) Importer(815301076,1909f56bfc062723c751e8b465ee728b)
Start importing Assets/src/player/PlayerController.cs using Guid(a6f611a2a8a96bd0da70d858a92280a9) Importer(815301076,1909f56bfc062723c751e8b465ee728b) (PreviewImporter) -> (artifact id: '00000000000000000000000000000000') in 0.000540351 seconds
Import Error Code:(4)
Message: Build asset version error: assets/src/player/playercontroller.cs in SourceAssetDB has modification time of '2026-01-31T14:23:20Z' while content on disk has modification time of '2026-01-31T17:15:45Z'
  ERROR: Build asset version error: assets/src/player/playercontroller.cs in SourceAssetDB has modification time of '2026-01-31T14:23:20Z' while content on disk has modification time of '2026-01-31T17:15:45Z'
Number of updated asset objects reloaded before import = 0Number of asset objects unloaded after import = 0

========================================================================
Received Import Request.
  Time since last request: 0.000020 seconds.
  path: Assets/src/player/PlayerController.cs
  artifactKey: Guid(a6f611a2a8a96bd0da70d858a92280a9) Importer(815301076,1909f56bfc062723c751e8b465ee728b)
Start importing Assets/src/player/PlayerController.cs using Guid(a6f611a2a8a96bd0da70d858a92280a9) Importer(815301076,1909f56bfc062723c751e8b465ee728b) (PreviewImporter) -> (artifact id: '00000000000000000000000000000000') in 0.000445031 seconds
Import Error Code:(4)
Message: Build asset version error: assets/src/player/playercontroller.cs in SourceAssetDB has modification time of '2026-01-31T14:23:20Z' while content on disk has modification time of '2026-01-31T17:15:45Z'
  ERROR: Build asset version error: assets/src/player/playercontroller.cs in SourceAssetDB has modification time of '2026-01-31T14:23:20Z' while content on disk has modification time of '2026-01-31T17:15:45Z'
Number of updated asset objects reloaded before import = 0Number of asset objects unloaded after import = 0

========================================================================
Received Import Request.
  Time since last request: 0.001335 seconds.
  path: Assets/src/player/PlayerController.cs
  artifactKey: Guid(a6f611a2a8a96bd0da70d858a92280a9) Importer(815301076,1909f56bfc062723c751e8b465ee728b)
Start importing Assets/src/player/PlayerController.cs using Guid(a6f611a2a8a96bd0da70d858a92280a9) Importer(815301076,1909f56bfc062723c751e8b465ee728b) (PreviewImporter) -> (artifact id: '00000000000000000000000000000000') in 0.000476187 seconds
Import Error Code:(4)
Message: Build asset version error: assets/src/player/playercontroller.cs in SourceAssetDB has modification time of '2026-01-31T14:23:20Z' while content on disk has modification time of '2026-01-31T17:15:45Z'
  ERROR: Build asset version error: assets/src/player/playercontroller.cs in SourceAssetDB has modification time of '2026-01-31T14:23:20Z' while content on disk has modification time of '2026-01-31T17:15:45Z'
Number of updated asset objects reloaded before import = 0Number of asset objects unloaded after import = 0

========================================================================
Received Import Request.
  Time since last request: 0.000016 seconds.
  path: Assets/src/player/PlayerController.cs
  artifactKey: Guid(a6f611a2a8a96bd0da70d858a92280a9) Importer(815301076,1909f56bfc062723c751e8b465ee728b)
Start importing Assets/src/player/PlayerController.cs using Guid(a6f611a2a8a96bd0da70d858a92280a9) Importer(815301076,1909f56bfc062723c751e8b465ee728b) (PreviewImporter) -> (artifact id: '00000000000000000000000000000000') in 0.00047388 seconds
Import Error Code:(4)
Message: Build asset version error: assets/src/player/playercontroller.cs in SourceAssetDB has modification time of '2026-01-31T14:23:20Z' while content on disk has modification time of '2026-01-31T17:15:45Z'
  ERROR: Build asset version error: assets/src/player/playercontroller.cs in SourceAssetDB has modification time of '2026-01-31T14:23:20Z' while content on disk has modification time of '2026-01-31T17:15:45Z'
Number of updated asset objects reloaded before import = 0Number of asset objects unloaded after import = 0

========================================================================
Received Import Request.
  Time since last request: 0.000017 seconds.
  path: Assets/src/player/PlayerController.cs
  artifactKey: Guid(a6f611a2a8a96bd0da70d858a92280a9) Importer(815301076,1909f56bfc062723c751e8b465ee728b)
Start importing Assets/src/player/PlayerController.cs using Guid(a6f611a2a8a96bd0da70d858a92280a9) Importer(815301076,1909f56bfc062723c751e8b465ee728b) (PreviewImporter) -> (artifact id: '00000000000000000000000000000000') in 0.000597376 seconds
Import Error Code:(4)
Message: Build asset version error: assets/src/player/playercontroller.cs in SourceAssetDB has modification time of '2026-01-31T14:23:20Z' while content on disk has modification time of '2026-01-31T17:15:45Z'
  ERROR: Build asset version error: assets/src/player/playercontroller.cs in SourceAssetDB has modification time of '2026-01-31T14:23:20Z' while content on disk has modification time of '2026-01-31T17:15:45Z'
Number of updated asset objects reloaded before import = 0Number of asset objects unloaded after import = 0

========================================================================
Received Import Request.
  Time since last request: 0.000010 seconds.
  path: Assets/src/player/PlayerController.cs
  artifactKey: Guid(a6f611a2a8a96bd0da70d858a92280a9) Importer(815301076,1909f56bfc062723c751e8b465ee728b)
Start importing Assets/src/player/PlayerController.cs using Guid(a6f611a2a8a96bd0da70d858a92280a9) Importer(815301076,1909f56bfc062723c751e8b465ee728b) (PreviewImporter) -> (artifact id: '00000000000000000000000000000000') in 0.000786767 seconds
Import Error Code:(4)
Message: Build asset version error: assets/src/player/playercontroller.cs in SourceAssetDB has modification time of '2026-01-31T14:23:20Z' while content on disk has modification time of '2026-01-31T17:15:45Z'
  ERROR: Build asset version error: assets/src/player/playercontroller.cs in SourceAssetDB has modification time of '2026-01-31T14:23:20Z' while content on disk has modification time of '2026-01-31T17:15:45Z'
Number of updated asset objects reloaded before import = 0Number of asset objects unloaded after import = 0

========================================================================
Received Import Request.
  Time since last request: 0.000013 seconds.
  path: Assets/src/player/PlayerController.cs
  artifactKey: Guid(a6f611a2a8a96bd0da70d858a92280a9) Importer(815301076,1909f56bfc062723c751e8b465ee728b)
Start importing Assets/src/player/PlayerController.cs using Guid(a6f611a2a8a96bd0da70d858a92280a9) Importer(815301076,1909f56bfc062723c751e8b465ee728b) (PreviewImporter) -> (artifact id: '00000000000000000000000000000000') in 0.000509224 seconds
Import Error Code:(4)
Message: Build asset version error: assets/src/player/playercontroller.cs in SourceAssetDB has modification time of '2026-01-31T14:23:20Z' while content on disk has modification time of '2026-01-31T17:15:45Z'
  ERROR: Build asset version error: assets/src/player/playercontroller.cs in SourceAssetDB has modification time of '2026-01-31T14:23:20Z' while content on disk has modification time of '2026-01-31T17:15:45Z'
Number of updated asset objects reloaded before import = 0Number of asset objects unloaded after import = 0

========================================================================
Received Import Request.
  Time since last request: 0.000010 seconds.
  path: Assets/src/player/PlayerController.cs
  artifactKey: Guid(a6f611a2a8a96bd0da70d858a92280a9) Importer(815301076,1909f56bfc062723c751e8b465ee728b)
Start importing Assets/src/player/PlayerController.cs using Guid(a6f611a2a8a96bd0da70d858a92280a9) Importer(815301076,1909f56bfc062723c751e8b465ee728b) (PreviewImporter) -> (artifact id: '00000000000000000000000000000000') in 0.000491042 seconds
Import Error Code:(4)
Message: Build asset version error: assets/src/player/playercontroller.cs in SourceAssetDB has modification time of '2026-01-31T14:23:20Z' while content on disk has modification time of '2026-01-31T17:15:45Z'
  ERROR: Build asset version error: assets/src/player/playercontroller.cs in SourceAssetDB has modification time of '2026-01-31T14:23:20Z' while content on disk has modification time of '2026-01-31T17:15:45Z'
Number of updated asset objects reloaded before import = 0Number of asset objects unloaded after import = 0

========================================================================
Received Import Request.
  Time since last request: 0.000020 seconds.
  path: Assets/src/player/PlayerController.cs
  artifactKey: Guid(a6f611a2a8a96bd0da70d858a92280a9) Importer(815301076,1909f56bfc062723c751e8b465ee728b)
Start importing Assets/src/player/PlayerController.cs using Guid(a6f611a2a8a96bd0da70d858a92280a9) Importer(815301076,1909f56bfc062723c751e8b465ee728b) (PreviewImporter) -> (artifact id: '00000000000000000000000000000000') in 0.000417297 seconds
Import Error Code:(4)
Message: Build asset version error: assets/src/player/playercontroller.cs in SourceAssetDB has modification time of '2026-01-31T14:23:20Z' while content on disk has modification time of '2026-01-31T17:15:45Z'
  ERROR: Build asset version error: assets/src/player/playercontroller.cs in SourceAssetDB has modification time of '2026-01-31T14:23:20Z' while content on disk has modification time of '2026-01-31T17:15:45Z'
Number of updated asset objects reloaded before import = 0Number of asset objects unloaded after import = 0

========================================================================
Received Prepare
Refreshing native plugins compatible for Editor in 0.63 ms, found 1 plugins.
Preloading 0 native plugins for Editor in 0.00 ms.
Unloading 16 Unused Serialized files (Serialized files now loaded: 0)
Unloading 6914 unused Assets / (4.8 MB). Loaded Objects now: 7786.
Memory consumption went from 138.9 MB to 134.2 MB.
Total: 13.123300 ms (FindLiveObjects: 0.713554 ms CreateObjectMapping: 1.341204 ms MarkObjects: 8.437931 ms  DeleteObjects: 2.629731 ms)

Prepare: number of updated asset objects reloaded= 0
========================================================================
Received Import Request.
  Time since last request: 3.946240 seconds.
  path: Assets/src/player/PlayerController.cs
  artifactKey: Guid(a6f611a2a8a96bd0da70d858a92280a9) Importer(815301076,1909f56bfc062723c751e8b465ee728b)
Start importing Assets/src/player/PlayerController.cs using Guid(a6f611a2a8a96bd0da70d858a92280a9) Importer(815301076,1909f56bfc062723c751e8b465ee728b) (PreviewImporter) -> (artifact id: '9f83b8c51b525beb744c1010d2b63e5c') in 0.004972635 seconds
Number of updated asset objects reloaded before import = 0Number of asset objects unloaded after import = 0

========================================================================
Received Import Request.
  Time since last request: 0.972613 seconds.
  path: Assets/src/player/PlayerController.cs
  artifactKey: Guid(a6f611a2a8a96bd0da70d858a92280a9) Importer(2089858483,b0f066a214c2f5e87bad3c948f4d605d)
Start importing Assets/src/player/PlayerController.cs using Guid(a6f611a2a8a96bd0da70d858a92280a9) Importer(2089858483,b0f066a214c2f5e87bad3c948f4d605d) (ScriptedImporter) -> (artifact id: '0b10cd8adcbd27b37d6f927e671e448c') in 0.040236021 seconds
Number of updated asset objects reloaded before import = 0Number of asset objects unloaded after import = 0

========================================================================
Received Prepare
Begin MonoManager ReloadAssembly
[Licensing::Client] Successfully resolved entitlement details
- Loaded All Assemblies, in  0.872 seconds
Refreshing native plugins compatible for Editor in 0.71 ms, found 1 plugins.
Native extension for LinuxStandalone target not found
[Package Manager] Failed to launch server process. Reason: Unity was launched with the -noUpm command-line argument
[Package Manager] Unable to send message (not connected to server process).
[Package Manager] Cannot connect to Unity Package Manager local server
ScheduleIndexationOnStartup MainProcess:False IndexOnStartup:True
Mono: successfully reloaded assembly
- Finished resetting the current domain, in  1.154 seconds
Domain Reload Profiling: 2028ms
	BeginReloadAssembly (237ms)
		ExecutionOrderSort (0ms)
		DisableScriptedObjects (25ms)
		BackupInstance (0ms)
		ReleaseScriptingObjects (0ms)
		CreateAndSetChildDomain (82ms)
	RebuildCommonClasses (51ms)
	RebuildNativeTypeToScriptingClass (14ms)
	initialDomainReloadingComplete (35ms)
	LoadAllAssembliesAndSetupDomain (536ms)
		LoadAssemblies (315ms)
		RebuildTransferFunctionScriptingTraits (0ms)
		AnalyzeDomain (285ms)
			TypeCache.Refresh (28ms)
				TypeCache.ScanAssembly (1ms)
			BuildScriptInfoCaches (237ms)
			ResolveRequiredComponents (15ms)
	FinalizeReload (1155ms)
		ReleaseScriptCaches (0ms)
		RebuildScriptCaches (0ms)
		SetupLoadedEditorAssemblies (945ms)
			LogAssemblyErrors (0ms)
			InitializePlatformSupportModulesInManaged (10ms)
			SetLoadedEditorAssemblies (7ms)
			BeforeProcessingInitializeOnLoad (227ms)
			ProcessInitializeOnLoadAttributes (595ms)
			ProcessInitializeOnLoadMethodAttributes (101ms)
			AfterProcessingInitializeOnLoad (4ms)
			EditorAssembliesLoaded (0ms)
		ExecutionOrderSort2 (0ms)
		AwakeInstancesAfterBackupRestoration (14ms)
Refreshing native plugins compatible for Editor in 0.59 ms, found 1 plugins.
Preloading 0 native plugins for Editor in 0.00 ms.
Unloading 16 Unused Serialized files (Serialized files now loaded: 0)
Unloading 6924 unused Assets / (4.9 MB). Loaded Objects now: 7789.
Memory consumption went from 138.7 MB to 133.8 MB.
Total: 12.709062 ms (FindLiveObjects: 0.958911 ms CreateObjectMapping: 1.316146 ms MarkObjects: 8.048319 ms  DeleteObjects: 2.384694 ms)

Prepare: number of updated asset objects reloaded= 0
========================================================================
Received Prepare
Begin MonoManager ReloadAssembly
[Licensing::Client] Successfully resolved entitlement details
- Loaded All Assemblies, in  0.878 seconds
Refreshing native plugins compatible for Editor in 0.57 ms, found 1 plugins.
Native extension for LinuxStandalone target not found
[Package Manager] Failed to launch server process. Reason: Unity was launched with the -noUpm command-line argument
[Package Manager] Unable to send message (not connected to server process).
[Package Manager] Cannot connect to Unity Package Manager local server
ScheduleIndexationOnStartup MainProcess:False IndexOnStartup:True
Mono: successfully reloaded assembly
- Finished resetting the current domain, in  1.228 seconds
Domain Reload Profiling: 2108ms
	BeginReloadAssembly (253ms)
		ExecutionOrderSort (0ms)
		DisableScriptedObjects (20ms)
		BackupInstance (0ms)
		ReleaseScriptingObjects (0ms)
		CreateAndSetChildDomain (78ms)
	RebuildCommonClasses (52ms)
	RebuildNativeTypeToScriptingClass (13ms)
	initialDomainReloadingComplete (35ms)
	LoadAllAssembliesAndSetupDomain (526ms)
		LoadAssemblies (332ms)
		RebuildTransferFunctionScriptingTraits (0ms)
		AnalyzeDomain (275ms)
			TypeCache.Refresh (9ms)
				TypeCache.ScanAssembly (0ms)
			BuildScriptInfoCaches (246ms)
			ResolveRequiredComponents (15ms)
	FinalizeReload (1229ms)
		ReleaseScriptCaches (0ms)
		RebuildScriptCaches (0ms)
		SetupLoadedEditorAssemblies (1019ms)
			LogAssemblyErrors (0ms)
			InitializePlatformSupportModulesInManaged (9ms)
			SetLoadedEditorAssemblies (6ms)
			BeforeProcessingInitializeOnLoad (248ms)
			ProcessInitializeOnLoadAttributes (644ms)
			ProcessInitializeOnLoadMethodAttributes (106ms)
			AfterProcessingInitializeOnLoad (5ms)
			EditorAssembliesLoaded (0ms)
		ExecutionOrderSort2 (0ms)
		AwakeInstancesAfterBackupRestoration (16ms)
Refreshing native plugins compatible for Editor in 0.67 ms, found 1 plugins.
Preloading 0 native plugins for Editor in 0.00 ms.
Unloading 16 Unused Serialized files (Serialized files now loaded: 0)
Unloading 6924 unused Assets / (4.9 MB). Loaded Objects now: 7792.
Memory consumption went from 138.8 MB to 133.9 MB.
Total: 13.680969 ms (FindLiveObjects: 0.770725 ms CreateObjectMapping: 1.337540 ms MarkObjects: 8.462215 ms  DeleteObjects: 3.109186 ms)

Prepare: number of updated asset objects reloaded= 0
========================================================================
Received Prepare
Begin MonoManager ReloadAssembly
[Licensing::Client] Successfully resolved entitlement details
- Loaded All Assemblies, in  0.866 seconds
Refreshing native plugins compatible for Editor in 0.66 ms, found 1 plugins.
Native extension for LinuxStandalone target not found
[Package Manager] Failed to launch server process. Reason: Unity was launched with the -noUpm command-line argument
[Package Manager] Unable to send message (not connected to server process).
[Package Manager] Cannot connect to Unity Package Manager local server
ScheduleIndexationOnStartup MainProcess:False IndexOnStartup:True
Mono: successfully reloaded assembly
- Finished resetting the current domain, in  1.240 seconds
Domain Reload Profiling: 2108ms
	BeginReloadAssembly (252ms)
		ExecutionOrderSort (0ms)
		DisableScriptedObjects (19ms)
		BackupInstance (0ms)
		ReleaseScriptingObjects (0ms)
		CreateAndSetChildDomain (85ms)
	RebuildCommonClasses (52ms)
	RebuildNativeTypeToScriptingClass (14ms)
	initialDomainReloadingComplete (33ms)
	LoadAllAssembliesAndSetupDomain (516ms)
		LoadAssemblies (317ms)
		RebuildTransferFunctionScriptingTraits (0ms)
		AnalyzeDomain (269ms)
			TypeCache.Refresh (10ms)
				TypeCache.ScanAssembly (0ms)
			BuildScriptInfoCaches (240ms)
			ResolveRequiredComponents (15ms)
	FinalizeReload (1241ms)
		ReleaseScriptCaches (0ms)
		RebuildScriptCaches (0ms)
		SetupLoadedEditorAssemblies (1024ms)
			LogAssemblyErrors (0ms)
			InitializePlatformSupportModulesInManaged (9ms)
			SetLoadedEditorAssemblies (6ms)
			BeforeProcessingInitializeOnLoad (241ms)
			ProcessInitializeOnLoadAttributes (625ms)
			ProcessInitializeOnLoadMethodAttributes (137ms)
			AfterProcessingInitializeOnLoad (5ms)
			EditorAssembliesLoaded (0ms)
		ExecutionOrderSort2 (0ms)
		AwakeInstancesAfterBackupRestoration (18ms)
Refreshing native plugins compatible for Editor in 0.65 ms, found 1 plugins.
Preloading 0 native plugins for Editor in 0.00 ms.
Unloading 16 Unused Serialized files (Serialized files now loaded: 0)
Unloading 6924 unused Assets / (4.5 MB). Loaded Objects now: 7795.
Memory consumption went from 138.9 MB to 134.4 MB.
Total: 15.826631 ms (FindLiveObjects: 0.784592 ms CreateObjectMapping: 1.855273 ms MarkObjects: 10.189572 ms  DeleteObjects: 2.995674 ms)

Prepare: number of updated asset objects reloaded= 0
========================================================================
Received Prepare
Refreshing native plugins compatible for Editor in 0.92 ms, found 1 plugins.
Preloading 0 native plugins for Editor in 0.00 ms.
Unloading 16 Unused Serialized files (Serialized files now loaded: 0)
Unloading 6914 unused Assets / (5.8 MB). Loaded Objects now: 7795.
Memory consumption went from 139.0 MB to 133.3 MB.
Total: 20.027409 ms (FindLiveObjects: 1.033581 ms CreateObjectMapping: 1.593891 ms MarkObjects: 13.299700 ms  DeleteObjects: 4.098818 ms)
=======
  Time since last request: 0.862756 seconds.
  path: Assets/Scenes/RoomScene.unity
  artifactKey: Guid(9189e075b4a3d97d4948bf4dcf7af13a) Importer(2089858483,b0f066a214c2f5e87bad3c948f4d605d)
Start importing Assets/Scenes/RoomScene.unity using Guid(9189e075b4a3d97d4948bf4dcf7af13a) Importer(2089858483,b0f066a214c2f5e87bad3c948f4d605d) (ScriptedImporter) -> (artifact id: '5b9f1a0b1e9b7d3160aae14fbc8b0a60') in 0.005164516 seconds
Number of updated asset objects reloaded before import = 0Number of asset objects unloaded after import = 1

========================================================================
Received Prepare
Refreshing native plugins compatible for Editor in 0.59 ms, found 1 plugins.
Preloading 0 native plugins for Editor in 0.00 ms.
Unloading 20 Unused Serialized files (Serialized files now loaded: 0)
Unloading 6913 unused Assets / (4.6 MB). Loaded Objects now: 7899.
Memory consumption went from 142.9 MB to 138.3 MB.
Total: 13.312581 ms (FindLiveObjects: 0.633406 ms CreateObjectMapping: 0.951941 ms MarkObjects: 9.319498 ms  DeleteObjects: 2.406465 ms)
>>>>>>> 9bb67c2060d9edb6d639ecc7718ea780eff7eeb8

Prepare: number of updated asset objects reloaded= 0
========================================================================
Received Import Request.
<<<<<<< HEAD
  Time since last request: 245.580703 seconds.
  path: Assets/src/player/PlayerController.cs
  artifactKey: Guid(a6f611a2a8a96bd0da70d858a92280a9) Importer(815301076,1909f56bfc062723c751e8b465ee728b)
Start importing Assets/src/player/PlayerController.cs using Guid(a6f611a2a8a96bd0da70d858a92280a9) Importer(815301076,1909f56bfc062723c751e8b465ee728b) (PreviewImporter) -> (artifact id: '08f62cd41163a999675fa50f0906accb') in 0.005455577 seconds
Number of updated asset objects reloaded before import = 0Number of asset objects unloaded after import = 0

========================================================================
Received Prepare
Begin MonoManager ReloadAssembly
- Loaded All Assemblies, in  0.888 seconds
Refreshing native plugins compatible for Editor in 0.55 ms, found 1 plugins.
Native extension for LinuxStandalone target not found
[Package Manager] Failed to launch server process. Reason: Unity was launched with the -noUpm command-line argument
[Package Manager] Unable to send message (not connected to server process).
[Package Manager] Cannot connect to Unity Package Manager local server
ScheduleIndexationOnStartup MainProcess:False IndexOnStartup:True
Mono: successfully reloaded assembly
- Finished resetting the current domain, in  1.159 seconds
Domain Reload Profiling: 2050ms
	BeginReloadAssembly (236ms)
		ExecutionOrderSort (0ms)
		DisableScriptedObjects (20ms)
		BackupInstance (0ms)
		ReleaseScriptingObjects (0ms)
		CreateAndSetChildDomain (82ms)
	RebuildCommonClasses (51ms)
	RebuildNativeTypeToScriptingClass (14ms)
	initialDomainReloadingComplete (33ms)
	LoadAllAssembliesAndSetupDomain (556ms)
		LoadAssemblies (316ms)
		RebuildTransferFunctionScriptingTraits (0ms)
		AnalyzeDomain (307ms)
			TypeCache.Refresh (13ms)
				TypeCache.ScanAssembly (0ms)
			BuildScriptInfoCaches (274ms)
			ResolveRequiredComponents (15ms)
	FinalizeReload (1160ms)
		ReleaseScriptCaches (0ms)
		RebuildScriptCaches (0ms)
		SetupLoadedEditorAssemblies (948ms)
			LogAssemblyErrors (0ms)
			InitializePlatformSupportModulesInManaged (9ms)
			SetLoadedEditorAssemblies (6ms)
			BeforeProcessingInitializeOnLoad (220ms)
			ProcessInitializeOnLoadAttributes (605ms)
			ProcessInitializeOnLoadMethodAttributes (103ms)
			AfterProcessingInitializeOnLoad (4ms)
			EditorAssembliesLoaded (0ms)
		ExecutionOrderSort2 (0ms)
		AwakeInstancesAfterBackupRestoration (14ms)
Refreshing native plugins compatible for Editor in 0.54 ms, found 1 plugins.
Preloading 0 native plugins for Editor in 0.00 ms.
Unloading 16 Unused Serialized files (Serialized files now loaded: 0)
Unloading 6924 unused Assets / (4.9 MB). Loaded Objects now: 7798.
Memory consumption went from 138.9 MB to 134.0 MB.
Total: 12.458078 ms (FindLiveObjects: 0.761030 ms CreateObjectMapping: 1.348030 ms MarkObjects: 7.533262 ms  DeleteObjects: 2.814896 ms)

Prepare: number of updated asset objects reloaded= 0
========================================================================
Received Import Request.
  Time since last request: 46.317034 seconds.
  path: ProjectSettings/TagManager.asset
  artifactKey: Guid(00000000000000003000000000000000) Importer(815301076,1909f56bfc062723c751e8b465ee728b)
Start importing ProjectSettings/TagManager.asset using Guid(00000000000000003000000000000000) Importer(815301076,1909f56bfc062723c751e8b465ee728b) (PreviewImporter) -> (artifact id: '77f9dd6f28fd7527787506f1412fa193') in 0.026708237 seconds
=======
  Time since last request: 615.023216 seconds.
  path: Assets/src/world/RoomDoor.cs
  artifactKey: Guid(819b11a0cbd74b0ce97088cb9451add9) Importer(2089858483,b0f066a214c2f5e87bad3c948f4d605d)
Start importing Assets/src/world/RoomDoor.cs using Guid(819b11a0cbd74b0ce97088cb9451add9) Importer(2089858483,b0f066a214c2f5e87bad3c948f4d605d) (ScriptedImporter) -> (artifact id: '9bb8b5c3649bb8a318e34cefeb6c5447') in 0.040604099 seconds
Number of updated asset objects reloaded before import = 0Number of asset objects unloaded after import = 0

========================================================================
Received Import Request.
  Time since last request: 0.000059 seconds.
  path: Assets/src/world/Room.cs
  artifactKey: Guid(6068dc04c4acd34269292d8e076f0c62) Importer(2089858483,b0f066a214c2f5e87bad3c948f4d605d)
Start importing Assets/src/world/Room.cs using Guid(6068dc04c4acd34269292d8e076f0c62) Importer(2089858483,b0f066a214c2f5e87bad3c948f4d605d) (ScriptedImporter) -> (artifact id: '094fca9605da71ab1ee263c7276eb536') in 0.003195406 seconds
>>>>>>> 9bb67c2060d9edb6d639ecc7718ea780eff7eeb8
Number of updated asset objects reloaded before import = 0Number of asset objects unloaded after import = 0

========================================================================
Received Prepare
Begin MonoManager ReloadAssembly
[Licensing::Client] Successfully resolved entitlement details
<<<<<<< HEAD
- Loaded All Assemblies, in  0.869 seconds
Refreshing native plugins compatible for Editor in 0.58 ms, found 1 plugins.
Native extension for LinuxStandalone target not found
[Package Manager] Failed to launch server process. Reason: Unity was launched with the -noUpm command-line argument
[Package Manager] Unable to send message (not connected to server process).
[Package Manager] Cannot connect to Unity Package Manager local server
ScheduleIndexationOnStartup MainProcess:False IndexOnStartup:True
Mono: successfully reloaded assembly
- Finished resetting the current domain, in  1.187 seconds
Domain Reload Profiling: 2058ms
	BeginReloadAssembly (238ms)
		ExecutionOrderSort (0ms)
		DisableScriptedObjects (20ms)
		BackupInstance (0ms)
		ReleaseScriptingObjects (0ms)
		CreateAndSetChildDomain (82ms)
	RebuildCommonClasses (52ms)
	RebuildNativeTypeToScriptingClass (13ms)
	initialDomainReloadingComplete (34ms)
	LoadAllAssembliesAndSetupDomain (533ms)
		LoadAssemblies (329ms)
		RebuildTransferFunctionScriptingTraits (0ms)
		AnalyzeDomain (273ms)
			TypeCache.Refresh (10ms)
				TypeCache.ScanAssembly (0ms)
			BuildScriptInfoCaches (245ms)
			ResolveRequiredComponents (14ms)
	FinalizeReload (1187ms)
		ReleaseScriptCaches (0ms)
		RebuildScriptCaches (0ms)
		SetupLoadedEditorAssemblies (977ms)
			LogAssemblyErrors (0ms)
			InitializePlatformSupportModulesInManaged (9ms)
			SetLoadedEditorAssemblies (6ms)
			BeforeProcessingInitializeOnLoad (226ms)
			ProcessInitializeOnLoadAttributes (626ms)
			ProcessInitializeOnLoadMethodAttributes (104ms)
			AfterProcessingInitializeOnLoad (4ms)
			EditorAssembliesLoaded (0ms)
		ExecutionOrderSort2 (0ms)
		AwakeInstancesAfterBackupRestoration (17ms)
Refreshing native plugins compatible for Editor in 0.62 ms, found 1 plugins.
Preloading 0 native plugins for Editor in 0.00 ms.
Unloading 16 Unused Serialized files (Serialized files now loaded: 0)
Unloading 6925 unused Assets / (5.8 MB). Loaded Objects now: 7801.
Memory consumption went from 139.0 MB to 133.1 MB.
Total: 16.178794 ms (FindLiveObjects: 0.708267 ms CreateObjectMapping: 1.844878 ms MarkObjects: 9.873444 ms  DeleteObjects: 3.751112 ms)

Prepare: number of updated asset objects reloaded= 0
========================================================================
Received Prepare
Begin MonoManager ReloadAssembly
- Loaded All Assemblies, in  0.894 seconds
Refreshing native plugins compatible for Editor in 0.54 ms, found 1 plugins.
Native extension for LinuxStandalone target not found
[Package Manager] Failed to launch server process. Reason: Unity was launched with the -noUpm command-line argument
[Package Manager] Unable to send message (not connected to server process).
[Package Manager] Cannot connect to Unity Package Manager local server
ScheduleIndexationOnStartup MainProcess:False IndexOnStartup:True
Mono: successfully reloaded assembly
- Finished resetting the current domain, in  1.237 seconds
Domain Reload Profiling: 2133ms
	BeginReloadAssembly (229ms)
		ExecutionOrderSort (0ms)
		DisableScriptedObjects (19ms)
		BackupInstance (0ms)
		ReleaseScriptingObjects (0ms)
		CreateAndSetChildDomain (83ms)
	RebuildCommonClasses (52ms)
	RebuildNativeTypeToScriptingClass (14ms)
	initialDomainReloadingComplete (33ms)
	LoadAllAssembliesAndSetupDomain (568ms)
		LoadAssemblies (361ms)
		RebuildTransferFunctionScriptingTraits (0ms)
		AnalyzeDomain (268ms)
			TypeCache.Refresh (9ms)
				TypeCache.ScanAssembly (0ms)
			BuildScriptInfoCaches (240ms)
			ResolveRequiredComponents (14ms)
	FinalizeReload (1237ms)
		ReleaseScriptCaches (0ms)
		RebuildScriptCaches (0ms)
		SetupLoadedEditorAssemblies (1024ms)
			LogAssemblyErrors (0ms)
			InitializePlatformSupportModulesInManaged (9ms)
			SetLoadedEditorAssemblies (7ms)
			BeforeProcessingInitializeOnLoad (223ms)
			ProcessInitializeOnLoadAttributes (668ms)
			ProcessInitializeOnLoadMethodAttributes (112ms)
			AfterProcessingInitializeOnLoad (5ms)
			EditorAssembliesLoaded (0ms)
		ExecutionOrderSort2 (0ms)
		AwakeInstancesAfterBackupRestoration (18ms)
Refreshing native plugins compatible for Editor in 0.67 ms, found 1 plugins.
Preloading 0 native plugins for Editor in 0.00 ms.
Unloading 16 Unused Serialized files (Serialized files now loaded: 0)
Unloading 6924 unused Assets / (5.0 MB). Loaded Objects now: 7804.
Memory consumption went from 139.0 MB to 134.0 MB.
Total: 14.119817 ms (FindLiveObjects: 0.696322 ms CreateObjectMapping: 1.296157 ms MarkObjects: 9.331549 ms  DeleteObjects: 2.794614 ms)

Prepare: number of updated asset objects reloaded= 0
========================================================================
Received Prepare
Begin MonoManager ReloadAssembly
[Licensing::Client] Successfully resolved entitlement details
- Loaded All Assemblies, in  0.901 seconds
Refreshing native plugins compatible for Editor in 0.56 ms, found 1 plugins.
Native extension for LinuxStandalone target not found
[Package Manager] Failed to launch server process. Reason: Unity was launched with the -noUpm command-line argument
[Package Manager] Unable to send message (not connected to server process).
[Package Manager] Cannot connect to Unity Package Manager local server
ScheduleIndexationOnStartup MainProcess:False IndexOnStartup:True
Mono: successfully reloaded assembly
- Finished resetting the current domain, in  1.194 seconds
Domain Reload Profiling: 2098ms
	BeginReloadAssembly (243ms)
		ExecutionOrderSort (0ms)
		DisableScriptedObjects (20ms)
		BackupInstance (0ms)
		ReleaseScriptingObjects (0ms)
		CreateAndSetChildDomain (85ms)
	RebuildCommonClasses (51ms)
	RebuildNativeTypeToScriptingClass (14ms)
	initialDomainReloadingComplete (33ms)
	LoadAllAssembliesAndSetupDomain (562ms)
		LoadAssemblies (341ms)
		RebuildTransferFunctionScriptingTraits (0ms)
		AnalyzeDomain (283ms)
			TypeCache.Refresh (10ms)
				TypeCache.ScanAssembly (0ms)
			BuildScriptInfoCaches (250ms)
			ResolveRequiredComponents (18ms)
	FinalizeReload (1195ms)
		ReleaseScriptCaches (0ms)
		RebuildScriptCaches (0ms)
		SetupLoadedEditorAssemblies (983ms)
			LogAssemblyErrors (0ms)
			InitializePlatformSupportModulesInManaged (9ms)
			SetLoadedEditorAssemblies (6ms)
			BeforeProcessingInitializeOnLoad (202ms)
			ProcessInitializeOnLoadAttributes (655ms)
			ProcessInitializeOnLoadMethodAttributes (106ms)
			AfterProcessingInitializeOnLoad (4ms)
			EditorAssembliesLoaded (0ms)
		ExecutionOrderSort2 (0ms)
		AwakeInstancesAfterBackupRestoration (15ms)
Refreshing native plugins compatible for Editor in 0.73 ms, found 1 plugins.
Preloading 0 native plugins for Editor in 0.00 ms.
Unloading 16 Unused Serialized files (Serialized files now loaded: 0)
Unloading 6924 unused Assets / (5.2 MB). Loaded Objects now: 7807.
Memory consumption went from 139.0 MB to 133.9 MB.
Total: 15.267004 ms (FindLiveObjects: 0.713117 ms CreateObjectMapping: 1.350500 ms MarkObjects: 9.248201 ms  DeleteObjects: 3.954157 ms)

Prepare: number of updated asset objects reloaded= 0
========================================================================
Received Prepare
Begin MonoManager ReloadAssembly
- Loaded All Assemblies, in  0.858 seconds
Refreshing native plugins compatible for Editor in 0.55 ms, found 1 plugins.
Native extension for LinuxStandalone target not found
[Package Manager] Failed to launch server process. Reason: Unity was launched with the -noUpm command-line argument
[Package Manager] Unable to send message (not connected to server process).
[Package Manager] Cannot connect to Unity Package Manager local server
ScheduleIndexationOnStartup MainProcess:False IndexOnStartup:True
Mono: successfully reloaded assembly
- Finished resetting the current domain, in  1.147 seconds
Domain Reload Profiling: 2007ms
	BeginReloadAssembly (231ms)
		ExecutionOrderSort (0ms)
		DisableScriptedObjects (19ms)
		BackupInstance (0ms)
		ReleaseScriptingObjects (0ms)
		CreateAndSetChildDomain (82ms)
	RebuildCommonClasses (53ms)
	RebuildNativeTypeToScriptingClass (14ms)
	initialDomainReloadingComplete (34ms)
	LoadAllAssembliesAndSetupDomain (527ms)
		LoadAssemblies (317ms)
		RebuildTransferFunctionScriptingTraits (0ms)
		AnalyzeDomain (273ms)
			TypeCache.Refresh (10ms)
				TypeCache.ScanAssembly (0ms)
			BuildScriptInfoCaches (244ms)
			ResolveRequiredComponents (14ms)
	FinalizeReload (1148ms)
		ReleaseScriptCaches (0ms)
		RebuildScriptCaches (0ms)
		SetupLoadedEditorAssemblies (929ms)
			LogAssemblyErrors (0ms)
			InitializePlatformSupportModulesInManaged (9ms)
			SetLoadedEditorAssemblies (6ms)
			BeforeProcessingInitializeOnLoad (208ms)
			ProcessInitializeOnLoadAttributes (600ms)
			ProcessInitializeOnLoadMethodAttributes (101ms)
			AfterProcessingInitializeOnLoad (5ms)
			EditorAssembliesLoaded (0ms)
		ExecutionOrderSort2 (0ms)
		AwakeInstancesAfterBackupRestoration (18ms)
Refreshing native plugins compatible for Editor in 0.68 ms, found 1 plugins.
Preloading 0 native plugins for Editor in 0.00 ms.
Unloading 16 Unused Serialized files (Serialized files now loaded: 0)
Unloading 6924 unused Assets / (4.7 MB). Loaded Objects now: 7810.
Memory consumption went from 139.1 MB to 134.4 MB.
Total: 15.848783 ms (FindLiveObjects: 0.814180 ms CreateObjectMapping: 1.759409 ms MarkObjects: 10.533605 ms  DeleteObjects: 2.740636 ms)

Prepare: number of updated asset objects reloaded= 0
========================================================================
Received Prepare
Begin MonoManager ReloadAssembly
[Licensing::Client] Successfully resolved entitlement details
- Loaded All Assemblies, in  0.887 seconds
Refreshing native plugins compatible for Editor in 0.53 ms, found 1 plugins.
Native extension for LinuxStandalone target not found
=======
- Loaded All Assemblies, in  0.766 seconds
Refreshing native plugins compatible for Editor in 0.53 ms, found 1 plugins.
Native extension for LinuxStandalone target not found
Native extension for WindowsStandalone target not found
>>>>>>> 9bb67c2060d9edb6d639ecc7718ea780eff7eeb8
[Package Manager] Failed to launch server process. Reason: Unity was launched with the -noUpm command-line argument
[Package Manager] Unable to send message (not connected to server process).
[Package Manager] Cannot connect to Unity Package Manager local server
ScheduleIndexationOnStartup MainProcess:False IndexOnStartup:True
Mono: successfully reloaded assembly
<<<<<<< HEAD
- Finished resetting the current domain, in  1.177 seconds
Domain Reload Profiling: 2066ms
	BeginReloadAssembly (260ms)
		ExecutionOrderSort (0ms)
		DisableScriptedObjects (20ms)
		BackupInstance (0ms)
		ReleaseScriptingObjects (0ms)
		CreateAndSetChildDomain (86ms)
	RebuildCommonClasses (53ms)
	RebuildNativeTypeToScriptingClass (14ms)
	initialDomainReloadingComplete (33ms)
	LoadAllAssembliesAndSetupDomain (529ms)
		LoadAssemblies (339ms)
		RebuildTransferFunctionScriptingTraits (0ms)
		AnalyzeDomain (275ms)
			TypeCache.Refresh (13ms)
				TypeCache.ScanAssembly (0ms)
			BuildScriptInfoCaches (243ms)
			ResolveRequiredComponents (14ms)
	FinalizeReload (1177ms)
		ReleaseScriptCaches (0ms)
		RebuildScriptCaches (0ms)
		SetupLoadedEditorAssemblies (959ms)
			LogAssemblyErrors (0ms)
			InitializePlatformSupportModulesInManaged (9ms)
			SetLoadedEditorAssemblies (7ms)
			BeforeProcessingInitializeOnLoad (215ms)
			ProcessInitializeOnLoadAttributes (606ms)
			ProcessInitializeOnLoadMethodAttributes (117ms)
=======
- Finished resetting the current domain, in  0.861 seconds
Domain Reload Profiling: 1629ms
	BeginReloadAssembly (233ms)
		ExecutionOrderSort (0ms)
		DisableScriptedObjects (31ms)
		BackupInstance (0ms)
		ReleaseScriptingObjects (0ms)
		CreateAndSetChildDomain (86ms)
	RebuildCommonClasses (44ms)
	RebuildNativeTypeToScriptingClass (11ms)
	initialDomainReloadingComplete (29ms)
	LoadAllAssembliesAndSetupDomain (449ms)
		LoadAssemblies (286ms)
		RebuildTransferFunctionScriptingTraits (0ms)
		AnalyzeDomain (219ms)
			TypeCache.Refresh (12ms)
				TypeCache.ScanAssembly (0ms)
			BuildScriptInfoCaches (193ms)
			ResolveRequiredComponents (11ms)
	FinalizeReload (862ms)
		ReleaseScriptCaches (0ms)
		RebuildScriptCaches (0ms)
		SetupLoadedEditorAssemblies (699ms)
			LogAssemblyErrors (0ms)
			InitializePlatformSupportModulesInManaged (22ms)
			SetLoadedEditorAssemblies (5ms)
			BeforeProcessingInitializeOnLoad (188ms)
			ProcessInitializeOnLoadAttributes (395ms)
			ProcessInitializeOnLoadMethodAttributes (84ms)
			AfterProcessingInitializeOnLoad (5ms)
			EditorAssembliesLoaded (0ms)
		ExecutionOrderSort2 (0ms)
		AwakeInstancesAfterBackupRestoration (12ms)
Refreshing native plugins compatible for Editor in 0.56 ms, found 1 plugins.
Preloading 0 native plugins for Editor in 0.00 ms.
Unloading 16 Unused Serialized files (Serialized files now loaded: 0)
Unloading 6918 unused Assets / (4.1 MB). Loaded Objects now: 7832.
Memory consumption went from 144.3 MB to 140.2 MB.
Total: 10.165228 ms (FindLiveObjects: 0.638848 ms CreateObjectMapping: 0.876156 ms MarkObjects: 6.678107 ms  DeleteObjects: 1.971018 ms)

Prepare: number of updated asset objects reloaded= 0
========================================================================
Received Import Request.
  Time since last request: 121.006706 seconds.
  path: Assets/src/world
  artifactKey: Guid(8a0015160724afbe1a3a6f00998d4723) Importer(815301076,1909f56bfc062723c751e8b465ee728b)
Start importing Assets/src/world using Guid(8a0015160724afbe1a3a6f00998d4723) Importer(815301076,1909f56bfc062723c751e8b465ee728b) (PreviewImporter) -> (artifact id: '20a1cb8552db81ca3b975a4d08c329a1') in 0.003413756 seconds
Number of updated asset objects reloaded before import = 0Number of asset objects unloaded after import = 0

========================================================================
Received Prepare
Begin MonoManager ReloadAssembly
[Licensing::Client] Successfully resolved entitlement details
- Loaded All Assemblies, in  0.702 seconds
Refreshing native plugins compatible for Editor in 0.58 ms, found 1 plugins.
Native extension for LinuxStandalone target not found
Native extension for WindowsStandalone target not found
[Package Manager] Failed to launch server process. Reason: Unity was launched with the -noUpm command-line argument
[Package Manager] Unable to send message (not connected to server process).
[Package Manager] Cannot connect to Unity Package Manager local server
ScheduleIndexationOnStartup MainProcess:False IndexOnStartup:True
Mono: successfully reloaded assembly
- Finished resetting the current domain, in  0.838 seconds
Domain Reload Profiling: 1541ms
	BeginReloadAssembly (186ms)
		ExecutionOrderSort (0ms)
		DisableScriptedObjects (16ms)
		BackupInstance (0ms)
		ReleaseScriptingObjects (0ms)
		CreateAndSetChildDomain (59ms)
	RebuildCommonClasses (41ms)
	RebuildNativeTypeToScriptingClass (11ms)
	initialDomainReloadingComplete (29ms)
	LoadAllAssembliesAndSetupDomain (436ms)
		LoadAssemblies (274ms)
		RebuildTransferFunctionScriptingTraits (0ms)
		AnalyzeDomain (216ms)
			TypeCache.Refresh (8ms)
				TypeCache.ScanAssembly (0ms)
			BuildScriptInfoCaches (195ms)
			ResolveRequiredComponents (11ms)
	FinalizeReload (838ms)
		ReleaseScriptCaches (0ms)
		RebuildScriptCaches (0ms)
		SetupLoadedEditorAssemblies (669ms)
			LogAssemblyErrors (0ms)
			InitializePlatformSupportModulesInManaged (22ms)
			SetLoadedEditorAssemblies (5ms)
			BeforeProcessingInitializeOnLoad (186ms)
			ProcessInitializeOnLoadAttributes (368ms)
			ProcessInitializeOnLoadMethodAttributes (82ms)
			AfterProcessingInitializeOnLoad (5ms)
			EditorAssembliesLoaded (0ms)
		ExecutionOrderSort2 (0ms)
		AwakeInstancesAfterBackupRestoration (12ms)
Refreshing native plugins compatible for Editor in 0.56 ms, found 1 plugins.
Preloading 0 native plugins for Editor in 0.00 ms.
Unloading 16 Unused Serialized files (Serialized files now loaded: 0)
Unloading 6918 unused Assets / (4.5 MB). Loaded Objects now: 7835.
Memory consumption went from 144.2 MB to 139.7 MB.
Total: 10.991899 ms (FindLiveObjects: 0.596832 ms CreateObjectMapping: 0.880847 ms MarkObjects: 7.149954 ms  DeleteObjects: 2.363266 ms)

Prepare: number of updated asset objects reloaded= 0
========================================================================
Received Prepare
Begin MonoManager ReloadAssembly
- Loaded All Assemblies, in  0.715 seconds
Refreshing native plugins compatible for Editor in 0.53 ms, found 1 plugins.
Native extension for LinuxStandalone target not found
Native extension for WindowsStandalone target not found
[Package Manager] Failed to launch server process. Reason: Unity was launched with the -noUpm command-line argument
[Package Manager] Unable to send message (not connected to server process).
[Package Manager] Cannot connect to Unity Package Manager local server
ScheduleIndexationOnStartup MainProcess:False IndexOnStartup:True
Mono: successfully reloaded assembly
- Finished resetting the current domain, in  0.881 seconds
Domain Reload Profiling: 1596ms
	BeginReloadAssembly (181ms)
		ExecutionOrderSort (0ms)
		DisableScriptedObjects (15ms)
		BackupInstance (0ms)
		ReleaseScriptingObjects (0ms)
		CreateAndSetChildDomain (61ms)
	RebuildCommonClasses (42ms)
	RebuildNativeTypeToScriptingClass (11ms)
	initialDomainReloadingComplete (29ms)
	LoadAllAssembliesAndSetupDomain (452ms)
		LoadAssemblies (277ms)
		RebuildTransferFunctionScriptingTraits (0ms)
		AnalyzeDomain (225ms)
			TypeCache.Refresh (8ms)
				TypeCache.ScanAssembly (0ms)
			BuildScriptInfoCaches (202ms)
			ResolveRequiredComponents (13ms)
	FinalizeReload (881ms)
		ReleaseScriptCaches (0ms)
		RebuildScriptCaches (0ms)
		SetupLoadedEditorAssemblies (707ms)
			LogAssemblyErrors (0ms)
			InitializePlatformSupportModulesInManaged (23ms)
			SetLoadedEditorAssemblies (5ms)
			BeforeProcessingInitializeOnLoad (238ms)
			ProcessInitializeOnLoadAttributes (350ms)
			ProcessInitializeOnLoadMethodAttributes (85ms)
			AfterProcessingInitializeOnLoad (5ms)
			EditorAssembliesLoaded (0ms)
		ExecutionOrderSort2 (0ms)
		AwakeInstancesAfterBackupRestoration (13ms)
Refreshing native plugins compatible for Editor in 0.58 ms, found 1 plugins.
Preloading 0 native plugins for Editor in 0.00 ms.
Unloading 16 Unused Serialized files (Serialized files now loaded: 0)
Unloading 6918 unused Assets / (4.7 MB). Loaded Objects now: 7838.
Memory consumption went from 144.3 MB to 139.5 MB.
Total: 14.147653 ms (FindLiveObjects: 0.667478 ms CreateObjectMapping: 1.173236 ms MarkObjects: 10.022174 ms  DeleteObjects: 2.283795 ms)

Prepare: number of updated asset objects reloaded= 0
========================================================================
Received Prepare
Begin MonoManager ReloadAssembly
[Licensing::Client] Successfully resolved entitlement details
- Loaded All Assemblies, in  0.703 seconds
Refreshing native plugins compatible for Editor in 0.59 ms, found 1 plugins.
Native extension for LinuxStandalone target not found
Native extension for WindowsStandalone target not found
[Package Manager] Failed to launch server process. Reason: Unity was launched with the -noUpm command-line argument
[Package Manager] Unable to send message (not connected to server process).
[Package Manager] Cannot connect to Unity Package Manager local server
ScheduleIndexationOnStartup MainProcess:False IndexOnStartup:True
Mono: successfully reloaded assembly
- Finished resetting the current domain, in  0.855 seconds
Domain Reload Profiling: 1560ms
	BeginReloadAssembly (176ms)
		ExecutionOrderSort (0ms)
		DisableScriptedObjects (15ms)
		BackupInstance (0ms)
		ReleaseScriptingObjects (0ms)
		CreateAndSetChildDomain (58ms)
	RebuildCommonClasses (41ms)
	RebuildNativeTypeToScriptingClass (11ms)
	initialDomainReloadingComplete (29ms)
	LoadAllAssembliesAndSetupDomain (446ms)
		LoadAssemblies (266ms)
		RebuildTransferFunctionScriptingTraits (0ms)
		AnalyzeDomain (228ms)
			TypeCache.Refresh (8ms)
				TypeCache.ScanAssembly (0ms)
			BuildScriptInfoCaches (206ms)
			ResolveRequiredComponents (11ms)
	FinalizeReload (856ms)
		ReleaseScriptCaches (0ms)
		RebuildScriptCaches (0ms)
		SetupLoadedEditorAssemblies (684ms)
			LogAssemblyErrors (0ms)
			InitializePlatformSupportModulesInManaged (22ms)
			SetLoadedEditorAssemblies (6ms)
			BeforeProcessingInitializeOnLoad (196ms)
			ProcessInitializeOnLoadAttributes (362ms)
			ProcessInitializeOnLoadMethodAttributes (92ms)
			AfterProcessingInitializeOnLoad (5ms)
			EditorAssembliesLoaded (0ms)
		ExecutionOrderSort2 (0ms)
		AwakeInstancesAfterBackupRestoration (13ms)
Refreshing native plugins compatible for Editor in 0.57 ms, found 1 plugins.
Preloading 0 native plugins for Editor in 0.00 ms.
Unloading 16 Unused Serialized files (Serialized files now loaded: 0)
Unloading 6918 unused Assets / (4.6 MB). Loaded Objects now: 7841.
Memory consumption went from 144.3 MB to 139.7 MB.
Total: 11.340739 ms (FindLiveObjects: 0.624376 ms CreateObjectMapping: 0.919145 ms MarkObjects: 6.942812 ms  DeleteObjects: 2.853031 ms)

Prepare: number of updated asset objects reloaded= 0
========================================================================
Received Prepare
Begin MonoManager ReloadAssembly
- Loaded All Assemblies, in  0.695 seconds
Refreshing native plugins compatible for Editor in 0.55 ms, found 1 plugins.
Native extension for LinuxStandalone target not found
Native extension for WindowsStandalone target not found
[Package Manager] Failed to launch server process. Reason: Unity was launched with the -noUpm command-line argument
[Package Manager] Unable to send message (not connected to server process).
[Package Manager] Cannot connect to Unity Package Manager local server
ScheduleIndexationOnStartup MainProcess:False IndexOnStartup:True
Mono: successfully reloaded assembly
- Finished resetting the current domain, in  0.827 seconds
Domain Reload Profiling: 1522ms
	BeginReloadAssembly (179ms)
		ExecutionOrderSort (0ms)
		DisableScriptedObjects (16ms)
		BackupInstance (0ms)
		ReleaseScriptingObjects (0ms)
		CreateAndSetChildDomain (61ms)
	RebuildCommonClasses (43ms)
	RebuildNativeTypeToScriptingClass (11ms)
	initialDomainReloadingComplete (30ms)
	LoadAllAssembliesAndSetupDomain (432ms)
		LoadAssemblies (262ms)
		RebuildTransferFunctionScriptingTraits (0ms)
		AnalyzeDomain (216ms)
			TypeCache.Refresh (8ms)
				TypeCache.ScanAssembly (0ms)
			BuildScriptInfoCaches (195ms)
			ResolveRequiredComponents (11ms)
	FinalizeReload (827ms)
		ReleaseScriptCaches (0ms)
		RebuildScriptCaches (0ms)
		SetupLoadedEditorAssemblies (652ms)
			LogAssemblyErrors (0ms)
			InitializePlatformSupportModulesInManaged (22ms)
			SetLoadedEditorAssemblies (5ms)
			BeforeProcessingInitializeOnLoad (172ms)
			ProcessInitializeOnLoadAttributes (358ms)
			ProcessInitializeOnLoadMethodAttributes (89ms)
			AfterProcessingInitializeOnLoad (5ms)
			EditorAssembliesLoaded (0ms)
		ExecutionOrderSort2 (0ms)
		AwakeInstancesAfterBackupRestoration (12ms)
Refreshing native plugins compatible for Editor in 0.56 ms, found 1 plugins.
Preloading 0 native plugins for Editor in 0.00 ms.
Unloading 16 Unused Serialized files (Serialized files now loaded: 0)
Unloading 6918 unused Assets / (4.3 MB). Loaded Objects now: 7844.
Memory consumption went from 144.3 MB to 140.0 MB.
Total: 11.257294 ms (FindLiveObjects: 0.632376 ms CreateObjectMapping: 0.979066 ms MarkObjects: 7.136435 ms  DeleteObjects: 2.508217 ms)

Prepare: number of updated asset objects reloaded= 0
========================================================================
Received Import Request.
  Time since last request: 433.029727 seconds.
  path: Assets/src/world/Room.prefab
  artifactKey: Guid(9afa00de0bc7a553290548602cc64c69) Importer(815301076,1909f56bfc062723c751e8b465ee728b)
Start importing Assets/src/world/Room.prefab using Guid(9afa00de0bc7a553290548602cc64c69) Importer(815301076,1909f56bfc062723c751e8b465ee728b) (PreviewImporter) -> (artifact id: 'e9c7a9ff91be5eba14ba082e7d507337') in 0.056305754 seconds
Number of updated asset objects reloaded before import = 0Number of asset objects unloaded after import = 19

========================================================================
Received Import Request.
  Time since last request: 180.133204 seconds.
  path: Assets/Scenes/RoomScene.unity
  artifactKey: Guid(9189e075b4a3d97d4948bf4dcf7af13a) Importer(2089858483,b0f066a214c2f5e87bad3c948f4d605d)
Start importing Assets/Scenes/RoomScene.unity using Guid(9189e075b4a3d97d4948bf4dcf7af13a) Importer(2089858483,b0f066a214c2f5e87bad3c948f4d605d) (ScriptedImporter) -> (artifact id: 'da47535698e7e1668038acc9459079ed') in 0.120964733 seconds
Number of updated asset objects reloaded before import = 0Number of asset objects unloaded after import = 1

========================================================================
Received Import Request.
  Time since last request: 34.550261 seconds.
  path: Assets/Scenes/RoomScene.unity
  artifactKey: Guid(9189e075b4a3d97d4948bf4dcf7af13a) Importer(2089858483,b0f066a214c2f5e87bad3c948f4d605d)
Start importing Assets/Scenes/RoomScene.unity using Guid(9189e075b4a3d97d4948bf4dcf7af13a) Importer(2089858483,b0f066a214c2f5e87bad3c948f4d605d) (ScriptedImporter) -> (artifact id: 'c453d161c51775f8ef4d9f9263cc9ba4') in 0.068067509 seconds
Number of updated asset objects reloaded before import = 0Number of asset objects unloaded after import = 1

========================================================================
Received Import Request.
  Time since last request: 4.418973 seconds.
  path: Assets/src/world/Room 1.prefab
  artifactKey: Guid(4b71ba138d2b027aaa41c4630103ad0c) Importer(815301076,1909f56bfc062723c751e8b465ee728b)
Start importing Assets/src/world/Room 1.prefab using Guid(4b71ba138d2b027aaa41c4630103ad0c) Importer(815301076,1909f56bfc062723c751e8b465ee728b) (PreviewImporter) -> (artifact id: '5269f8c91d1d2db9ed15b9de68802c12') in 0.002096448 seconds
Number of updated asset objects reloaded before import = 0Number of asset objects unloaded after import = 22

========================================================================
Received Import Request.
  Time since last request: 0.808035 seconds.
  path: Assets/src/world/Room 1.prefab
  artifactKey: Guid(4b71ba138d2b027aaa41c4630103ad0c) Importer(2089858483,b0f066a214c2f5e87bad3c948f4d605d)
Start importing Assets/src/world/Room 1.prefab using Guid(4b71ba138d2b027aaa41c4630103ad0c) Importer(2089858483,b0f066a214c2f5e87bad3c948f4d605d) (ScriptedImporter) -> (artifact id: '8861602b34812f6ed0cbd585817f82d7') in 0.119480072 seconds
Number of updated asset objects reloaded before import = 0Number of asset objects unloaded after import = 22

========================================================================
Received Import Request.
  Time since last request: 27.118262 seconds.
  path: Assets/Scenes/RoomScene.unity
  artifactKey: Guid(9189e075b4a3d97d4948bf4dcf7af13a) Importer(2089858483,b0f066a214c2f5e87bad3c948f4d605d)
Start importing Assets/Scenes/RoomScene.unity using Guid(9189e075b4a3d97d4948bf4dcf7af13a) Importer(2089858483,b0f066a214c2f5e87bad3c948f4d605d) (ScriptedImporter) -> (artifact id: '871e0685077e42c6118b1e188d8089e6') in 0.102504043 seconds
Number of updated asset objects reloaded before import = 0Number of asset objects unloaded after import = 1

========================================================================
Received Import Request.
  Time since last request: 37.956832 seconds.
  path: Assets/src/world/RoomDoor.cs
  artifactKey: Guid(819b11a0cbd74b0ce97088cb9451add9) Importer(815301076,1909f56bfc062723c751e8b465ee728b)
Start importing Assets/src/world/RoomDoor.cs using Guid(819b11a0cbd74b0ce97088cb9451add9) Importer(815301076,1909f56bfc062723c751e8b465ee728b) (PreviewImporter) -> (artifact id: '70d090095515f5fb1ed1d03944af7463') in 0.000559711 seconds
Number of updated asset objects reloaded before import = 0Number of asset objects unloaded after import = 0

========================================================================
Received Import Request.
  Time since last request: 8.660035 seconds.
  path: Assets/Scenes/RoomScene.unity
  artifactKey: Guid(9189e075b4a3d97d4948bf4dcf7af13a) Importer(2089858483,b0f066a214c2f5e87bad3c948f4d605d)
Start importing Assets/Scenes/RoomScene.unity using Guid(9189e075b4a3d97d4948bf4dcf7af13a) Importer(2089858483,b0f066a214c2f5e87bad3c948f4d605d) (ScriptedImporter) -> (artifact id: '83eb11b9af8ad37344442332f7de1127') in 0.058201039 seconds
Number of updated asset objects reloaded before import = 0Number of asset objects unloaded after import = 1

========================================================================
Received Prepare
Begin MonoManager ReloadAssembly
[Licensing::Client] Successfully resolved entitlement details
- Loaded All Assemblies, in  0.761 seconds
Refreshing native plugins compatible for Editor in 0.53 ms, found 1 plugins.
Native extension for LinuxStandalone target not found
Native extension for WindowsStandalone target not found
[Package Manager] Failed to launch server process. Reason: Unity was launched with the -noUpm command-line argument
[Package Manager] Unable to send message (not connected to server process).
[Package Manager] Cannot connect to Unity Package Manager local server
ScheduleIndexationOnStartup MainProcess:False IndexOnStartup:True
Mono: successfully reloaded assembly
- Finished resetting the current domain, in  0.829 seconds
Domain Reload Profiling: 1591ms
	BeginReloadAssembly (224ms)
		ExecutionOrderSort (0ms)
		DisableScriptedObjects (16ms)
		BackupInstance (0ms)
		ReleaseScriptingObjects (0ms)
		CreateAndSetChildDomain (65ms)
	RebuildCommonClasses (41ms)
	RebuildNativeTypeToScriptingClass (11ms)
	initialDomainReloadingComplete (29ms)
	LoadAllAssembliesAndSetupDomain (456ms)
		LoadAssemblies (281ms)
		RebuildTransferFunctionScriptingTraits (0ms)
		AnalyzeDomain (222ms)
			TypeCache.Refresh (8ms)
				TypeCache.ScanAssembly (0ms)
			BuildScriptInfoCaches (200ms)
			ResolveRequiredComponents (11ms)
	FinalizeReload (830ms)
		ReleaseScriptCaches (0ms)
		RebuildScriptCaches (0ms)
		SetupLoadedEditorAssemblies (653ms)
			LogAssemblyErrors (0ms)
			InitializePlatformSupportModulesInManaged (23ms)
			SetLoadedEditorAssemblies (5ms)
			BeforeProcessingInitializeOnLoad (166ms)
			ProcessInitializeOnLoadAttributes (365ms)
			ProcessInitializeOnLoadMethodAttributes (88ms)
			AfterProcessingInitializeOnLoad (5ms)
			EditorAssembliesLoaded (0ms)
		ExecutionOrderSort2 (0ms)
		AwakeInstancesAfterBackupRestoration (14ms)
Refreshing native plugins compatible for Editor in 0.58 ms, found 1 plugins.
Preloading 0 native plugins for Editor in 0.00 ms.
Unloading 16 Unused Serialized files (Serialized files now loaded: 0)
Unloading 6918 unused Assets / (5.4 MB). Loaded Objects now: 7847.
Memory consumption went from 144.4 MB to 139.0 MB.
Total: 13.467169 ms (FindLiveObjects: 0.593354 ms CreateObjectMapping: 1.020137 ms MarkObjects: 8.656893 ms  DeleteObjects: 3.195722 ms)

Prepare: number of updated asset objects reloaded= 0
========================================================================
Received Prepare
Refreshing native plugins compatible for Editor in 0.57 ms, found 1 plugins.
Preloading 0 native plugins for Editor in 0.00 ms.
Unloading 16 Unused Serialized files (Serialized files now loaded: 0)
Unloading 6909 unused Assets / (4.4 MB). Loaded Objects now: 7848.
Memory consumption went from 144.6 MB to 140.2 MB.
Total: 10.748500 ms (FindLiveObjects: 0.753744 ms CreateObjectMapping: 0.898209 ms MarkObjects: 6.922865 ms  DeleteObjects: 2.172813 ms)

Prepare: number of updated asset objects reloaded= 0
========================================================================
Received Prepare
Begin MonoManager ReloadAssembly
[Licensing::Client] Successfully resolved entitlement details
- Loaded All Assemblies, in  0.751 seconds
Refreshing native plugins compatible for Editor in 0.51 ms, found 1 plugins.
Native extension for LinuxStandalone target not found
Native extension for WindowsStandalone target not found
[Package Manager] Failed to launch server process. Reason: Unity was launched with the -noUpm command-line argument
[Package Manager] Unable to send message (not connected to server process).
[Package Manager] Cannot connect to Unity Package Manager local server
ScheduleIndexationOnStartup MainProcess:False IndexOnStartup:True
Mono: successfully reloaded assembly
- Finished resetting the current domain, in  0.812 seconds
Domain Reload Profiling: 1562ms
	BeginReloadAssembly (201ms)
		ExecutionOrderSort (0ms)
		DisableScriptedObjects (23ms)
		BackupInstance (0ms)
		ReleaseScriptingObjects (0ms)
		CreateAndSetChildDomain (63ms)
	RebuildCommonClasses (46ms)
	RebuildNativeTypeToScriptingClass (12ms)
	initialDomainReloadingComplete (41ms)
	LoadAllAssembliesAndSetupDomain (450ms)
		LoadAssemblies (273ms)
		RebuildTransferFunctionScriptingTraits (0ms)
		AnalyzeDomain (221ms)
			TypeCache.Refresh (11ms)
				TypeCache.ScanAssembly (0ms)
			BuildScriptInfoCaches (196ms)
			ResolveRequiredComponents (11ms)
	FinalizeReload (812ms)
		ReleaseScriptCaches (0ms)
		RebuildScriptCaches (0ms)
		SetupLoadedEditorAssemblies (639ms)
			LogAssemblyErrors (0ms)
			InitializePlatformSupportModulesInManaged (30ms)
			SetLoadedEditorAssemblies (8ms)
			BeforeProcessingInitializeOnLoad (179ms)
			ProcessInitializeOnLoadAttributes (336ms)
			ProcessInitializeOnLoadMethodAttributes (81ms)
			AfterProcessingInitializeOnLoad (5ms)
			EditorAssembliesLoaded (0ms)
		ExecutionOrderSort2 (0ms)
		AwakeInstancesAfterBackupRestoration (14ms)
Refreshing native plugins compatible for Editor in 0.57 ms, found 1 plugins.
Preloading 0 native plugins for Editor in 0.00 ms.
Unloading 16 Unused Serialized files (Serialized files now loaded: 0)
Unloading 6919 unused Assets / (4.3 MB). Loaded Objects now: 7851.
Memory consumption went from 144.4 MB to 140.2 MB.
Total: 11.565991 ms (FindLiveObjects: 0.604762 ms CreateObjectMapping: 1.102791 ms MarkObjects: 7.749904 ms  DeleteObjects: 2.107404 ms)

Prepare: number of updated asset objects reloaded= 0
========================================================================
Received Prepare
Begin MonoManager ReloadAssembly
[Licensing::Client] Successfully resolved entitlement details
- Loaded All Assemblies, in  0.725 seconds
Refreshing native plugins compatible for Editor in 0.57 ms, found 1 plugins.
Native extension for LinuxStandalone target not found
Native extension for WindowsStandalone target not found
[Package Manager] Failed to launch server process. Reason: Unity was launched with the -noUpm command-line argument
[Package Manager] Unable to send message (not connected to server process).
[Package Manager] Cannot connect to Unity Package Manager local server
ScheduleIndexationOnStartup MainProcess:False IndexOnStartup:True
Mono: successfully reloaded assembly
- Finished resetting the current domain, in  0.845 seconds
Domain Reload Profiling: 1570ms
	BeginReloadAssembly (185ms)
		ExecutionOrderSort (0ms)
		DisableScriptedObjects (16ms)
		BackupInstance (0ms)
		ReleaseScriptingObjects (0ms)
		CreateAndSetChildDomain (65ms)
	RebuildCommonClasses (42ms)
	RebuildNativeTypeToScriptingClass (12ms)
	initialDomainReloadingComplete (29ms)
	LoadAllAssembliesAndSetupDomain (458ms)
		LoadAssemblies (272ms)
		RebuildTransferFunctionScriptingTraits (0ms)
		AnalyzeDomain (234ms)
			TypeCache.Refresh (8ms)
				TypeCache.ScanAssembly (0ms)
			BuildScriptInfoCaches (211ms)
			ResolveRequiredComponents (12ms)
	FinalizeReload (845ms)
		ReleaseScriptCaches (0ms)
		RebuildScriptCaches (0ms)
		SetupLoadedEditorAssemblies (664ms)
			LogAssemblyErrors (0ms)
			InitializePlatformSupportModulesInManaged (25ms)
			SetLoadedEditorAssemblies (6ms)
			BeforeProcessingInitializeOnLoad (170ms)
			ProcessInitializeOnLoadAttributes (370ms)
			ProcessInitializeOnLoadMethodAttributes (87ms)
>>>>>>> 9bb67c2060d9edb6d639ecc7718ea780eff7eeb8
			AfterProcessingInitializeOnLoad (5ms)
			EditorAssembliesLoaded (0ms)
		ExecutionOrderSort2 (0ms)
		AwakeInstancesAfterBackupRestoration (16ms)
<<<<<<< HEAD
Refreshing native plugins compatible for Editor in 0.63 ms, found 1 plugins.
Preloading 0 native plugins for Editor in 0.00 ms.
Unloading 16 Unused Serialized files (Serialized files now loaded: 0)
Unloading 6924 unused Assets / (4.6 MB). Loaded Objects now: 7813.
Memory consumption went from 139.0 MB to 134.4 MB.
Total: 13.589303 ms (FindLiveObjects: 0.762200 ms CreateObjectMapping: 1.615186 ms MarkObjects: 8.780288 ms  DeleteObjects: 2.430642 ms)
=======
Refreshing native plugins compatible for Editor in 0.57 ms, found 1 plugins.
Preloading 0 native plugins for Editor in 0.00 ms.
Unloading 16 Unused Serialized files (Serialized files now loaded: 0)
Unloading 6919 unused Assets / (4.3 MB). Loaded Objects now: 7854.
Memory consumption went from 144.5 MB to 140.2 MB.
Total: 11.430074 ms (FindLiveObjects: 0.679717 ms CreateObjectMapping: 1.172545 ms MarkObjects: 7.357107 ms  DeleteObjects: 2.219609 ms)
>>>>>>> 9bb67c2060d9edb6d639ecc7718ea780eff7eeb8

Prepare: number of updated asset objects reloaded= 0
========================================================================
Received Prepare
Begin MonoManager ReloadAssembly
<<<<<<< HEAD
- Loaded All Assemblies, in  0.884 seconds
Refreshing native plugins compatible for Editor in 0.55 ms, found 1 plugins.
Native extension for LinuxStandalone target not found
[Package Manager] Failed to launch server process. Reason: Unity was launched with the -noUpm command-line argument
[Package Manager] Unable to send message (not connected to server process).
[Package Manager] Cannot connect to Unity Package Manager local server
ScheduleIndexationOnStartup MainProcess:False IndexOnStartup:True
Mono: successfully reloaded assembly
- Finished resetting the current domain, in  1.160 seconds
Domain Reload Profiling: 2046ms
	BeginReloadAssembly (244ms)
		ExecutionOrderSort (0ms)
		DisableScriptedObjects (20ms)
		BackupInstance (0ms)
		ReleaseScriptingObjects (0ms)
		CreateAndSetChildDomain (92ms)
	RebuildCommonClasses (53ms)
	RebuildNativeTypeToScriptingClass (14ms)
	initialDomainReloadingComplete (33ms)
	LoadAllAssembliesAndSetupDomain (542ms)
		LoadAssemblies (331ms)
		RebuildTransferFunctionScriptingTraits (0ms)
		AnalyzeDomain (276ms)
			TypeCache.Refresh (9ms)
				TypeCache.ScanAssembly (0ms)
			BuildScriptInfoCaches (247ms)
			ResolveRequiredComponents (15ms)
	FinalizeReload (1161ms)
		ReleaseScriptCaches (0ms)
		RebuildScriptCaches (0ms)
		SetupLoadedEditorAssemblies (955ms)
			LogAssemblyErrors (0ms)
			InitializePlatformSupportModulesInManaged (9ms)
			SetLoadedEditorAssemblies (7ms)
			BeforeProcessingInitializeOnLoad (193ms)
			ProcessInitializeOnLoadAttributes (635ms)
			ProcessInitializeOnLoadMethodAttributes (107ms)
			AfterProcessingInitializeOnLoad (4ms)
			EditorAssembliesLoaded (0ms)
		ExecutionOrderSort2 (0ms)
		AwakeInstancesAfterBackupRestoration (15ms)
Refreshing native plugins compatible for Editor in 0.62 ms, found 1 plugins.
Preloading 0 native plugins for Editor in 0.00 ms.
Unloading 16 Unused Serialized files (Serialized files now loaded: 0)
Unloading 6924 unused Assets / (4.8 MB). Loaded Objects now: 7816.
Memory consumption went from 139.2 MB to 134.4 MB.
Total: 14.800261 ms (FindLiveObjects: 0.717352 ms CreateObjectMapping: 1.974003 ms MarkObjects: 9.059783 ms  DeleteObjects: 3.047961 ms)
=======
[Licensing::Client] Successfully resolved entitlement details
- Loaded All Assemblies, in  0.724 seconds
Refreshing native plugins compatible for Editor in 0.52 ms, found 1 plugins.
Native extension for LinuxStandalone target not found
Native extension for WindowsStandalone target not found
[Package Manager] Failed to launch server process. Reason: Unity was launched with the -noUpm command-line argument
[Package Manager] Unable to send message (not connected to server process).
[Package Manager] Cannot connect to Unity Package Manager local server
ScheduleIndexationOnStartup MainProcess:False IndexOnStartup:True
Mono: successfully reloaded assembly
- Finished resetting the current domain, in  0.904 seconds
Domain Reload Profiling: 1629ms
	BeginReloadAssembly (190ms)
		ExecutionOrderSort (0ms)
		DisableScriptedObjects (16ms)
		BackupInstance (0ms)
		ReleaseScriptingObjects (0ms)
		CreateAndSetChildDomain (60ms)
	RebuildCommonClasses (41ms)
	RebuildNativeTypeToScriptingClass (11ms)
	initialDomainReloadingComplete (30ms)
	LoadAllAssembliesAndSetupDomain (453ms)
		LoadAssemblies (280ms)
		RebuildTransferFunctionScriptingTraits (0ms)
		AnalyzeDomain (230ms)
			TypeCache.Refresh (12ms)
				TypeCache.ScanAssembly (0ms)
			BuildScriptInfoCaches (204ms)
			ResolveRequiredComponents (12ms)
	FinalizeReload (905ms)
		ReleaseScriptCaches (0ms)
		RebuildScriptCaches (0ms)
		SetupLoadedEditorAssemblies (730ms)
			LogAssemblyErrors (0ms)
			InitializePlatformSupportModulesInManaged (22ms)
			SetLoadedEditorAssemblies (5ms)
			BeforeProcessingInitializeOnLoad (237ms)
			ProcessInitializeOnLoadAttributes (378ms)
			ProcessInitializeOnLoadMethodAttributes (82ms)
			AfterProcessingInitializeOnLoad (5ms)
			EditorAssembliesLoaded (0ms)
		ExecutionOrderSort2 (0ms)
		AwakeInstancesAfterBackupRestoration (12ms)
Refreshing native plugins compatible for Editor in 0.55 ms, found 1 plugins.
Preloading 0 native plugins for Editor in 0.00 ms.
Unloading 16 Unused Serialized files (Serialized files now loaded: 0)
Unloading 6919 unused Assets / (4.3 MB). Loaded Objects now: 7857.
Memory consumption went from 144.5 MB to 140.2 MB.
Total: 10.761877 ms (FindLiveObjects: 0.663792 ms CreateObjectMapping: 0.944077 ms MarkObjects: 7.043393 ms  DeleteObjects: 2.109643 ms)
>>>>>>> 9bb67c2060d9edb6d639ecc7718ea780eff7eeb8

Prepare: number of updated asset objects reloaded= 0
========================================================================
Received Prepare
Begin MonoManager ReloadAssembly
[Licensing::Client] Successfully resolved entitlement details
<<<<<<< HEAD
- Loaded All Assemblies, in  0.872 seconds
Refreshing native plugins compatible for Editor in 0.56 ms, found 1 plugins.
Native extension for LinuxStandalone target not found
=======
- Loaded All Assemblies, in  0.851 seconds
Refreshing native plugins compatible for Editor in 0.77 ms, found 1 plugins.
Native extension for LinuxStandalone target not found
Native extension for WindowsStandalone target not found
>>>>>>> 9bb67c2060d9edb6d639ecc7718ea780eff7eeb8
[Package Manager] Failed to launch server process. Reason: Unity was launched with the -noUpm command-line argument
[Package Manager] Unable to send message (not connected to server process).
[Package Manager] Cannot connect to Unity Package Manager local server
ScheduleIndexationOnStartup MainProcess:False IndexOnStartup:True
Mono: successfully reloaded assembly
<<<<<<< HEAD
- Finished resetting the current domain, in  1.207 seconds
Domain Reload Profiling: 2082ms
	BeginReloadAssembly (240ms)
		ExecutionOrderSort (0ms)
		DisableScriptedObjects (20ms)
		BackupInstance (0ms)
		ReleaseScriptingObjects (0ms)
		CreateAndSetChildDomain (92ms)
	RebuildCommonClasses (52ms)
	RebuildNativeTypeToScriptingClass (13ms)
	initialDomainReloadingComplete (33ms)
	LoadAllAssembliesAndSetupDomain (536ms)
		LoadAssemblies (311ms)
		RebuildTransferFunctionScriptingTraits (0ms)
		AnalyzeDomain (287ms)
			TypeCache.Refresh (10ms)
				TypeCache.ScanAssembly (0ms)
			BuildScriptInfoCaches (257ms)
			ResolveRequiredComponents (15ms)
	FinalizeReload (1208ms)
		ReleaseScriptCaches (0ms)
		RebuildScriptCaches (0ms)
		SetupLoadedEditorAssemblies (987ms)
			LogAssemblyErrors (0ms)
			InitializePlatformSupportModulesInManaged (9ms)
			SetLoadedEditorAssemblies (6ms)
			BeforeProcessingInitializeOnLoad (225ms)
			ProcessInitializeOnLoadAttributes (642ms)
			ProcessInitializeOnLoadMethodAttributes (99ms)
			AfterProcessingInitializeOnLoad (4ms)
			EditorAssembliesLoaded (0ms)
		ExecutionOrderSort2 (0ms)
		AwakeInstancesAfterBackupRestoration (17ms)
Refreshing native plugins compatible for Editor in 0.63 ms, found 1 plugins.
Preloading 0 native plugins for Editor in 0.00 ms.
Unloading 16 Unused Serialized files (Serialized files now loaded: 0)
Unloading 6924 unused Assets / (5.8 MB). Loaded Objects now: 7819.
Memory consumption went from 139.2 MB to 133.4 MB.
Total: 15.355569 ms (FindLiveObjects: 0.730233 ms CreateObjectMapping: 1.614035 ms MarkObjects: 9.177745 ms  DeleteObjects: 3.832435 ms)

Prepare: number of updated asset objects reloaded= 0
========================================================================
Received Import Request.
  Time since last request: 1111.132697 seconds.
  path: Assets/src/player/PlayerController.cs
  artifactKey: Guid(a6f611a2a8a96bd0da70d858a92280a9) Importer(815301076,1909f56bfc062723c751e8b465ee728b)
Start importing Assets/src/player/PlayerController.cs using Guid(a6f611a2a8a96bd0da70d858a92280a9) Importer(815301076,1909f56bfc062723c751e8b465ee728b) (PreviewImporter) -> (artifact id: '9fd808bc7e5b3df7415048b522530854') in 0.006027942 seconds
Number of updated asset objects reloaded before import = 0Number of asset objects unloaded after import = 0

========================================================================
Received Import Request.
  Time since last request: 14.556098 seconds.
  path: Assets/src/systems
  artifactKey: Guid(ad34728bbe415415ca7600b54239d3d9) Importer(815301076,1909f56bfc062723c751e8b465ee728b)
Start importing Assets/src/systems using Guid(ad34728bbe415415ca7600b54239d3d9) Importer(815301076,1909f56bfc062723c751e8b465ee728b) (PreviewImporter) -> (artifact id: '3cea8ce13880d57708baddce72965003') in 0.000624548 seconds
Number of updated asset objects reloaded before import = 0Number of asset objects unloaded after import = 0

========================================================================
Received Prepare
Refreshing native plugins compatible for Editor in 0.59 ms, found 1 plugins.
Preloading 0 native plugins for Editor in 0.00 ms.
Unloading 16 Unused Serialized files (Serialized files now loaded: 0)
Unloading 6915 unused Assets / (4.3 MB). Loaded Objects now: 7820.
Memory consumption went from 139.4 MB to 135.1 MB.
Total: 15.597219 ms (FindLiveObjects: 0.744543 ms CreateObjectMapping: 1.621921 ms MarkObjects: 10.381074 ms  DeleteObjects: 2.848466 ms)

Prepare: number of updated asset objects reloaded= 0
========================================================================
Received Import Request.
  Time since last request: 6.675915 seconds.
  path: Assets/src/systems/CameraFollow.cs
  artifactKey: Guid(ef76fa8dd59b92fbd82f4a24ed36aebf) Importer(815301076,1909f56bfc062723c751e8b465ee728b)
Start importing Assets/src/systems/CameraFollow.cs using Guid(ef76fa8dd59b92fbd82f4a24ed36aebf) Importer(815301076,1909f56bfc062723c751e8b465ee728b) (PreviewImporter) -> (artifact id: 'e3f90bc846f956c6543cc9d4437f0c75') in 0.005986099 seconds
Number of updated asset objects reloaded before import = 0Number of asset objects unloaded after import = 0

========================================================================
Received Prepare
Begin MonoManager ReloadAssembly
[Licensing::Client] Successfully resolved entitlement details
- Loaded All Assemblies, in  0.923 seconds
Refreshing native plugins compatible for Editor in 0.53 ms, found 1 plugins.
Native extension for LinuxStandalone target not found
[Package Manager] Failed to launch server process. Reason: Unity was launched with the -noUpm command-line argument
[Package Manager] Unable to send message (not connected to server process).
[Package Manager] Cannot connect to Unity Package Manager local server
ScheduleIndexationOnStartup MainProcess:False IndexOnStartup:True
Mono: successfully reloaded assembly
- Finished resetting the current domain, in  1.182 seconds
Domain Reload Profiling: 2108ms
	BeginReloadAssembly (246ms)
		ExecutionOrderSort (0ms)
		DisableScriptedObjects (19ms)
		BackupInstance (0ms)
		ReleaseScriptingObjects (0ms)
		CreateAndSetChildDomain (95ms)
	RebuildCommonClasses (55ms)
	RebuildNativeTypeToScriptingClass (14ms)
	initialDomainReloadingComplete (36ms)
	LoadAllAssembliesAndSetupDomain (573ms)
		LoadAssemblies (336ms)
		RebuildTransferFunctionScriptingTraits (0ms)
		AnalyzeDomain (300ms)
			TypeCache.Refresh (14ms)
				TypeCache.ScanAssembly (1ms)
			BuildScriptInfoCaches (267ms)
			ResolveRequiredComponents (14ms)
	FinalizeReload (1183ms)
		ReleaseScriptCaches (0ms)
		RebuildScriptCaches (0ms)
		SetupLoadedEditorAssemblies (967ms)
			LogAssemblyErrors (0ms)
			InitializePlatformSupportModulesInManaged (9ms)
			SetLoadedEditorAssemblies (7ms)
			BeforeProcessingInitializeOnLoad (242ms)
			ProcessInitializeOnLoadAttributes (607ms)
			ProcessInitializeOnLoadMethodAttributes (97ms)
			AfterProcessingInitializeOnLoad (4ms)
			EditorAssembliesLoaded (0ms)
		ExecutionOrderSort2 (0ms)
		AwakeInstancesAfterBackupRestoration (15ms)
Refreshing native plugins compatible for Editor in 0.59 ms, found 1 plugins.
Preloading 0 native plugins for Editor in 0.00 ms.
Unloading 16 Unused Serialized files (Serialized files now loaded: 0)
Unloading 6925 unused Assets / (4.5 MB). Loaded Objects now: 7823.
Memory consumption went from 139.2 MB to 134.7 MB.
Total: 12.604080 ms (FindLiveObjects: 0.675288 ms CreateObjectMapping: 1.312731 ms MarkObjects: 8.305679 ms  DeleteObjects: 2.309380 ms)

Prepare: number of updated asset objects reloaded= 0
========================================================================
Received Prepare
Begin MonoManager ReloadAssembly
[Licensing::Client] Successfully resolved entitlement details
- Loaded All Assemblies, in  0.906 seconds
Refreshing native plugins compatible for Editor in 0.55 ms, found 1 plugins.
Native extension for LinuxStandalone target not found
[Package Manager] Failed to launch server process. Reason: Unity was launched with the -noUpm command-line argument
[Package Manager] Unable to send message (not connected to server process).
[Package Manager] Cannot connect to Unity Package Manager local server
ScheduleIndexationOnStartup MainProcess:False IndexOnStartup:True
Mono: successfully reloaded assembly
- Finished resetting the current domain, in  1.218 seconds
Domain Reload Profiling: 2127ms
	BeginReloadAssembly (246ms)
		ExecutionOrderSort (0ms)
		DisableScriptedObjects (19ms)
		BackupInstance (0ms)
		ReleaseScriptingObjects (0ms)
		CreateAndSetChildDomain (92ms)
	RebuildCommonClasses (53ms)
	RebuildNativeTypeToScriptingClass (14ms)
	initialDomainReloadingComplete (33ms)
	LoadAllAssembliesAndSetupDomain (562ms)
		LoadAssemblies (349ms)
		RebuildTransferFunctionScriptingTraits (0ms)
		AnalyzeDomain (275ms)
			TypeCache.Refresh (9ms)
				TypeCache.ScanAssembly (0ms)
			BuildScriptInfoCaches (248ms)
			ResolveRequiredComponents (14ms)
	FinalizeReload (1219ms)
		ReleaseScriptCaches (0ms)
		RebuildScriptCaches (0ms)
		SetupLoadedEditorAssemblies (1006ms)
			LogAssemblyErrors (0ms)
			InitializePlatformSupportModulesInManaged (9ms)
			SetLoadedEditorAssemblies (6ms)
			BeforeProcessingInitializeOnLoad (252ms)
			ProcessInitializeOnLoadAttributes (614ms)
			ProcessInitializeOnLoadMethodAttributes (118ms)
			AfterProcessingInitializeOnLoad (7ms)
			EditorAssembliesLoaded (0ms)
		ExecutionOrderSort2 (0ms)
		AwakeInstancesAfterBackupRestoration (16ms)
Refreshing native plugins compatible for Editor in 0.64 ms, found 1 plugins.
Preloading 0 native plugins for Editor in 0.00 ms.
Unloading 16 Unused Serialized files (Serialized files now loaded: 0)
Unloading 6925 unused Assets / (4.9 MB). Loaded Objects now: 7826.
Memory consumption went from 139.3 MB to 134.4 MB.
Total: 14.910028 ms (FindLiveObjects: 0.696379 ms CreateObjectMapping: 1.304644 ms MarkObjects: 9.480517 ms  DeleteObjects: 3.427428 ms)

Prepare: number of updated asset objects reloaded= 0
========================================================================
Received Prepare
Begin MonoManager ReloadAssembly
[Licensing::Client] Successfully resolved entitlement details
- Loaded All Assemblies, in  0.872 seconds
Refreshing native plugins compatible for Editor in 0.54 ms, found 1 plugins.
Native extension for LinuxStandalone target not found
[Package Manager] Failed to launch server process. Reason: Unity was launched with the -noUpm command-line argument
[Package Manager] Unable to send message (not connected to server process).
[Package Manager] Cannot connect to Unity Package Manager local server
ScheduleIndexationOnStartup MainProcess:False IndexOnStartup:True
Mono: successfully reloaded assembly
- Finished resetting the current domain, in  1.247 seconds
Domain Reload Profiling: 2121ms
	BeginReloadAssembly (258ms)
		ExecutionOrderSort (0ms)
		DisableScriptedObjects (19ms)
		BackupInstance (0ms)
		ReleaseScriptingObjects (0ms)
		CreateAndSetChildDomain (89ms)
	RebuildCommonClasses (52ms)
	RebuildNativeTypeToScriptingClass (14ms)
	initialDomainReloadingComplete (33ms)
	LoadAllAssembliesAndSetupDomain (518ms)
		LoadAssemblies (323ms)
		RebuildTransferFunctionScriptingTraits (0ms)
		AnalyzeDomain (276ms)
			TypeCache.Refresh (14ms)
				TypeCache.ScanAssembly (1ms)
			BuildScriptInfoCaches (243ms)
			ResolveRequiredComponents (15ms)
	FinalizeReload (1248ms)
		ReleaseScriptCaches (0ms)
		RebuildScriptCaches (0ms)
		SetupLoadedEditorAssemblies (1033ms)
			LogAssemblyErrors (0ms)
			InitializePlatformSupportModulesInManaged (9ms)
			SetLoadedEditorAssemblies (6ms)
			BeforeProcessingInitializeOnLoad (250ms)
			ProcessInitializeOnLoadAttributes (658ms)
			ProcessInitializeOnLoadMethodAttributes (105ms)
			AfterProcessingInitializeOnLoad (4ms)
			EditorAssembliesLoaded (0ms)
		ExecutionOrderSort2 (0ms)
		AwakeInstancesAfterBackupRestoration (15ms)
Refreshing native plugins compatible for Editor in 0.58 ms, found 1 plugins.
Preloading 0 native plugins for Editor in 0.00 ms.
Unloading 16 Unused Serialized files (Serialized files now loaded: 0)
Unloading 6925 unused Assets / (4.1 MB). Loaded Objects now: 7829.
Memory consumption went from 139.3 MB to 135.2 MB.
Total: 13.856757 ms (FindLiveObjects: 0.696093 ms CreateObjectMapping: 1.565257 ms MarkObjects: 9.049126 ms  DeleteObjects: 2.545254 ms)

Prepare: number of updated asset objects reloaded= 0
========================================================================
Received Prepare
Begin MonoManager ReloadAssembly
- Loaded All Assemblies, in  0.881 seconds
Refreshing native plugins compatible for Editor in 0.55 ms, found 1 plugins.
Native extension for LinuxStandalone target not found
[Package Manager] Failed to launch server process. Reason: Unity was launched with the -noUpm command-line argument
[Package Manager] Unable to send message (not connected to server process).
[Package Manager] Cannot connect to Unity Package Manager local server
ScheduleIndexationOnStartup MainProcess:False IndexOnStartup:True
Mono: successfully reloaded assembly
- Finished resetting the current domain, in  1.199 seconds
Domain Reload Profiling: 2083ms
	BeginReloadAssembly (242ms)
		ExecutionOrderSort (0ms)
		DisableScriptedObjects (19ms)
		BackupInstance (0ms)
		ReleaseScriptingObjects (0ms)
		CreateAndSetChildDomain (89ms)
	RebuildCommonClasses (54ms)
	RebuildNativeTypeToScriptingClass (14ms)
	initialDomainReloadingComplete (33ms)
	LoadAllAssembliesAndSetupDomain (540ms)
		LoadAssemblies (333ms)
		RebuildTransferFunctionScriptingTraits (0ms)
		AnalyzeDomain (271ms)
			TypeCache.Refresh (9ms)
				TypeCache.ScanAssembly (0ms)
			BuildScriptInfoCaches (243ms)
			ResolveRequiredComponents (14ms)
	FinalizeReload (1200ms)
		ReleaseScriptCaches (0ms)
		RebuildScriptCaches (0ms)
		SetupLoadedEditorAssemblies (984ms)
			LogAssemblyErrors (0ms)
			InitializePlatformSupportModulesInManaged (9ms)
			SetLoadedEditorAssemblies (6ms)
			BeforeProcessingInitializeOnLoad (249ms)
			ProcessInitializeOnLoadAttributes (602ms)
			ProcessInitializeOnLoadMethodAttributes (114ms)
			AfterProcessingInitializeOnLoad (5ms)
			EditorAssembliesLoaded (0ms)
		ExecutionOrderSort2 (0ms)
		AwakeInstancesAfterBackupRestoration (16ms)
Refreshing native plugins compatible for Editor in 0.60 ms, found 1 plugins.
Preloading 0 native plugins for Editor in 0.00 ms.
Unloading 16 Unused Serialized files (Serialized files now loaded: 0)
Unloading 6925 unused Assets / (4.6 MB). Loaded Objects now: 7832.
Memory consumption went from 139.4 MB to 134.8 MB.
Total: 14.551759 ms (FindLiveObjects: 0.992252 ms CreateObjectMapping: 1.771523 ms MarkObjects: 9.222344 ms  DeleteObjects: 2.564467 ms)

Prepare: number of updated asset objects reloaded= 0
========================================================================
Received Prepare
Begin MonoManager ReloadAssembly
- Loaded All Assemblies, in  0.878 seconds
Refreshing native plugins compatible for Editor in 0.56 ms, found 1 plugins.
Native extension for LinuxStandalone target not found
[Package Manager] Failed to launch server process. Reason: Unity was launched with the -noUpm command-line argument
[Package Manager] Unable to send message (not connected to server process).
[Package Manager] Cannot connect to Unity Package Manager local server
ScheduleIndexationOnStartup MainProcess:False IndexOnStartup:True
Mono: successfully reloaded assembly
- Finished resetting the current domain, in  1.196 seconds
Domain Reload Profiling: 2075ms
	BeginReloadAssembly (233ms)
		ExecutionOrderSort (0ms)
		DisableScriptedObjects (19ms)
		BackupInstance (0ms)
		ReleaseScriptingObjects (0ms)
		CreateAndSetChildDomain (86ms)
	RebuildCommonClasses (55ms)
	RebuildNativeTypeToScriptingClass (14ms)
	initialDomainReloadingComplete (36ms)
	LoadAllAssembliesAndSetupDomain (541ms)
		LoadAssemblies (329ms)
		RebuildTransferFunctionScriptingTraits (0ms)
		AnalyzeDomain (274ms)
			TypeCache.Refresh (10ms)
				TypeCache.ScanAssembly (0ms)
			BuildScriptInfoCaches (244ms)
			ResolveRequiredComponents (15ms)
	FinalizeReload (1196ms)
		ReleaseScriptCaches (0ms)
		RebuildScriptCaches (0ms)
		SetupLoadedEditorAssemblies (982ms)
			LogAssemblyErrors (0ms)
			InitializePlatformSupportModulesInManaged (10ms)
			SetLoadedEditorAssemblies (6ms)
			BeforeProcessingInitializeOnLoad (215ms)
			ProcessInitializeOnLoadAttributes (619ms)
			ProcessInitializeOnLoadMethodAttributes (126ms)
			AfterProcessingInitializeOnLoad (5ms)
			EditorAssembliesLoaded (0ms)
		ExecutionOrderSort2 (0ms)
		AwakeInstancesAfterBackupRestoration (17ms)
Refreshing native plugins compatible for Editor in 0.63 ms, found 1 plugins.
Preloading 0 native plugins for Editor in 0.00 ms.
Unloading 16 Unused Serialized files (Serialized files now loaded: 0)
Unloading 6925 unused Assets / (4.7 MB). Loaded Objects now: 7835.
Memory consumption went from 139.4 MB to 134.7 MB.
Total: 13.758171 ms (FindLiveObjects: 0.684537 ms CreateObjectMapping: 1.313671 ms MarkObjects: 9.027608 ms  DeleteObjects: 2.731352 ms)

Prepare: number of updated asset objects reloaded= 0
========================================================================
Received Prepare
Begin MonoManager ReloadAssembly
[Licensing::Client] Successfully resolved entitlement details
- Loaded All Assemblies, in  0.914 seconds
Refreshing native plugins compatible for Editor in 0.56 ms, found 1 plugins.
Native extension for LinuxStandalone target not found
[Package Manager] Failed to launch server process. Reason: Unity was launched with the -noUpm command-line argument
[Package Manager] Unable to send message (not connected to server process).
[Package Manager] Cannot connect to Unity Package Manager local server
ScheduleIndexationOnStartup MainProcess:False IndexOnStartup:True
Mono: successfully reloaded assembly
- Finished resetting the current domain, in  1.162 seconds
Domain Reload Profiling: 2078ms
	BeginReloadAssembly (252ms)
		ExecutionOrderSort (0ms)
		DisableScriptedObjects (19ms)
		BackupInstance (0ms)
		ReleaseScriptingObjects (0ms)
		CreateAndSetChildDomain (101ms)
	RebuildCommonClasses (54ms)
	RebuildNativeTypeToScriptingClass (14ms)
	initialDomainReloadingComplete (33ms)
	LoadAllAssembliesAndSetupDomain (563ms)
		LoadAssemblies (342ms)
		RebuildTransferFunctionScriptingTraits (0ms)
		AnalyzeDomain (282ms)
			TypeCache.Refresh (9ms)
				TypeCache.ScanAssembly (0ms)
			BuildScriptInfoCaches (249ms)
			ResolveRequiredComponents (18ms)
	FinalizeReload (1162ms)
		ReleaseScriptCaches (0ms)
		RebuildScriptCaches (0ms)
		SetupLoadedEditorAssemblies (948ms)
			LogAssemblyErrors (0ms)
			InitializePlatformSupportModulesInManaged (9ms)
			SetLoadedEditorAssemblies (6ms)
			BeforeProcessingInitializeOnLoad (201ms)
			ProcessInitializeOnLoadAttributes (613ms)
			ProcessInitializeOnLoadMethodAttributes (114ms)
			AfterProcessingInitializeOnLoad (5ms)
			EditorAssembliesLoaded (0ms)
		ExecutionOrderSort2 (0ms)
		AwakeInstancesAfterBackupRestoration (17ms)
Refreshing native plugins compatible for Editor in 0.60 ms, found 1 plugins.
Preloading 0 native plugins for Editor in 0.00 ms.
Unloading 16 Unused Serialized files (Serialized files now loaded: 0)
Unloading 6925 unused Assets / (4.9 MB). Loaded Objects now: 7838.
Memory consumption went from 139.5 MB to 134.5 MB.
Total: 14.423181 ms (FindLiveObjects: 0.718659 ms CreateObjectMapping: 1.471312 ms MarkObjects: 9.235657 ms  DeleteObjects: 2.996624 ms)
=======
- Finished resetting the current domain, in  1.118 seconds
Domain Reload Profiling: 1970ms
	BeginReloadAssembly (190ms)
		ExecutionOrderSort (0ms)
		DisableScriptedObjects (16ms)
		BackupInstance (0ms)
		ReleaseScriptingObjects (0ms)
		CreateAndSetChildDomain (69ms)
	RebuildCommonClasses (43ms)
	RebuildNativeTypeToScriptingClass (11ms)
	initialDomainReloadingComplete (34ms)
	LoadAllAssembliesAndSetupDomain (573ms)
		LoadAssemblies (325ms)
		RebuildTransferFunctionScriptingTraits (0ms)
		AnalyzeDomain (297ms)
			TypeCache.Refresh (12ms)
				TypeCache.ScanAssembly (0ms)
			BuildScriptInfoCaches (263ms)
			ResolveRequiredComponents (19ms)
	FinalizeReload (1118ms)
		ReleaseScriptCaches (0ms)
		RebuildScriptCaches (0ms)
		SetupLoadedEditorAssemblies (897ms)
			LogAssemblyErrors (0ms)
			InitializePlatformSupportModulesInManaged (25ms)
			SetLoadedEditorAssemblies (6ms)
			BeforeProcessingInitializeOnLoad (265ms)
			ProcessInitializeOnLoadAttributes (475ms)
			ProcessInitializeOnLoadMethodAttributes (119ms)
			AfterProcessingInitializeOnLoad (7ms)
			EditorAssembliesLoaded (0ms)
		ExecutionOrderSort2 (0ms)
		AwakeInstancesAfterBackupRestoration (15ms)
Refreshing native plugins compatible for Editor in 0.57 ms, found 1 plugins.
Preloading 0 native plugins for Editor in 0.00 ms.
Unloading 16 Unused Serialized files (Serialized files now loaded: 0)
Unloading 6922 unused Assets / (4.6 MB). Loaded Objects now: 7863.
Memory consumption went from 144.6 MB to 140.0 MB.
Total: 13.128640 ms (FindLiveObjects: 0.634390 ms CreateObjectMapping: 1.058092 ms MarkObjects: 8.558036 ms  DeleteObjects: 2.876665 ms)
>>>>>>> 9bb67c2060d9edb6d639ecc7718ea780eff7eeb8

Prepare: number of updated asset objects reloaded= 0
========================================================================
Received Import Request.
<<<<<<< HEAD
  Time since last request: 256.852487 seconds.
  path: Assets/src/systems/CameraFollow.cs
  artifactKey: Guid(ef76fa8dd59b92fbd82f4a24ed36aebf) Importer(815301076,1909f56bfc062723c751e8b465ee728b)
Start importing Assets/src/systems/CameraFollow.cs using Guid(ef76fa8dd59b92fbd82f4a24ed36aebf) Importer(815301076,1909f56bfc062723c751e8b465ee728b) (PreviewImporter) -> (artifact id: '00000000000000000000000000000000') in 0.006272408 seconds
Import Error Code:(4)
Message: Build asset version error: assets/src/systems/camerafollow.cs in SourceAssetDB has modification time of '2026-01-31T17:41:48Z' while content on disk has modification time of '2026-01-31T17:43:36Z'
  ERROR: Build asset version error: assets/src/systems/camerafollow.cs in SourceAssetDB has modification time of '2026-01-31T17:41:48Z' while content on disk has modification time of '2026-01-31T17:43:36Z'
=======
  Time since last request: 1134.425282 seconds.
  path: Assets/Prefabs
  artifactKey: Guid(ab6be215b7676396eafea1daca558257) Importer(815301076,1909f56bfc062723c751e8b465ee728b)
Start importing Assets/Prefabs using Guid(ab6be215b7676396eafea1daca558257) Importer(815301076,1909f56bfc062723c751e8b465ee728b) (PreviewImporter) -> (artifact id: 'f7bcf404e87051c3466b3591cfa5599f') in 0.004558999 seconds
>>>>>>> 9bb67c2060d9edb6d639ecc7718ea780eff7eeb8
Number of updated asset objects reloaded before import = 0Number of asset objects unloaded after import = 0

========================================================================
Received Import Request.
<<<<<<< HEAD
  Time since last request: 0.003563 seconds.
  path: Assets/src/systems/CameraFollow.cs
  artifactKey: Guid(ef76fa8dd59b92fbd82f4a24ed36aebf) Importer(815301076,1909f56bfc062723c751e8b465ee728b)
Start importing Assets/src/systems/CameraFollow.cs using Guid(ef76fa8dd59b92fbd82f4a24ed36aebf) Importer(815301076,1909f56bfc062723c751e8b465ee728b) (PreviewImporter) -> (artifact id: '00000000000000000000000000000000') in 0.004741021 seconds
Import Error Code:(4)
Message: Build asset version error: assets/src/systems/camerafollow.cs in SourceAssetDB has modification time of '2026-01-31T17:41:48Z' while content on disk has modification time of '2026-01-31T17:43:36Z'
  ERROR: Build asset version error: assets/src/systems/camerafollow.cs in SourceAssetDB has modification time of '2026-01-31T17:41:48Z' while content on disk has modification time of '2026-01-31T17:43:36Z'
=======
  Time since last request: 2.921546 seconds.
  path: Assets/src/world/RoomDoor.cs
  artifactKey: Guid(819b11a0cbd74b0ce97088cb9451add9) Importer(2089858483,b0f066a214c2f5e87bad3c948f4d605d)
Start importing Assets/src/world/RoomDoor.cs using Guid(819b11a0cbd74b0ce97088cb9451add9) Importer(2089858483,b0f066a214c2f5e87bad3c948f4d605d) (ScriptedImporter) -> (artifact id: 'f77e2b69c5b6eaa919926ec685b42da9') in 0.072449845 seconds
>>>>>>> 9bb67c2060d9edb6d639ecc7718ea780eff7eeb8
Number of updated asset objects reloaded before import = 0Number of asset objects unloaded after import = 0

========================================================================
Received Import Request.
<<<<<<< HEAD
  Time since last request: 0.000042 seconds.
  path: Assets/src/systems/CameraFollow.cs
  artifactKey: Guid(ef76fa8dd59b92fbd82f4a24ed36aebf) Importer(815301076,1909f56bfc062723c751e8b465ee728b)
Start importing Assets/src/systems/CameraFollow.cs using Guid(ef76fa8dd59b92fbd82f4a24ed36aebf) Importer(815301076,1909f56bfc062723c751e8b465ee728b) (PreviewImporter) -> (artifact id: '00000000000000000000000000000000') in 0.000486558 seconds
Import Error Code:(4)
Message: Build asset version error: assets/src/systems/camerafollow.cs in SourceAssetDB has modification time of '2026-01-31T17:41:48Z' while content on disk has modification time of '2026-01-31T17:43:36Z'
  ERROR: Build asset version error: assets/src/systems/camerafollow.cs in SourceAssetDB has modification time of '2026-01-31T17:41:48Z' while content on disk has modification time of '2026-01-31T17:43:36Z'
=======
  Time since last request: 0.000020 seconds.
  path: Assets/Prefabs/Obstacles/MovingPlatform.prefab
  artifactKey: Guid(f726c41a73d9203d294f19a7fab07a9b) Importer(2089858483,b0f066a214c2f5e87bad3c948f4d605d)
Start importing Assets/Prefabs/Obstacles/MovingPlatform.prefab using Guid(f726c41a73d9203d294f19a7fab07a9b) Importer(2089858483,b0f066a214c2f5e87bad3c948f4d605d) (ScriptedImporter) -> (artifact id: 'd47e197a2fe4146ce6898d879de2573a') in 0.094834275 seconds
Number of updated asset objects reloaded before import = 0Number of asset objects unloaded after import = 8

========================================================================
Received Import Request.
  Time since last request: 0.000020 seconds.
  path: Assets/src/world/RoomManager.cs
  artifactKey: Guid(396a48a12e16eb97cbf24f5865219c8c) Importer(2089858483,b0f066a214c2f5e87bad3c948f4d605d)
Start importing Assets/src/world/RoomManager.cs using Guid(396a48a12e16eb97cbf24f5865219c8c) Importer(2089858483,b0f066a214c2f5e87bad3c948f4d605d) (ScriptedImporter) -> (artifact id: '4d509bd0a355be8a9676f9e70c9ff750') in 0.002110171 seconds
>>>>>>> 9bb67c2060d9edb6d639ecc7718ea780eff7eeb8
Number of updated asset objects reloaded before import = 0Number of asset objects unloaded after import = 0

========================================================================
Received Import Request.
<<<<<<< HEAD
  Time since last request: 0.000015 seconds.
  path: Assets/src/systems/CameraFollow.cs
  artifactKey: Guid(ef76fa8dd59b92fbd82f4a24ed36aebf) Importer(815301076,1909f56bfc062723c751e8b465ee728b)
Start importing Assets/src/systems/CameraFollow.cs using Guid(ef76fa8dd59b92fbd82f4a24ed36aebf) Importer(815301076,1909f56bfc062723c751e8b465ee728b) (PreviewImporter) -> (artifact id: '00000000000000000000000000000000') in 0.000466478 seconds
Import Error Code:(4)
Message: Build asset version error: assets/src/systems/camerafollow.cs in SourceAssetDB has modification time of '2026-01-31T17:41:48Z' while content on disk has modification time of '2026-01-31T17:43:36Z'
  ERROR: Build asset version error: assets/src/systems/camerafollow.cs in SourceAssetDB has modification time of '2026-01-31T17:41:48Z' while content on disk has modification time of '2026-01-31T17:43:36Z'
Number of updated asset objects reloaded before import = 0Number of asset objects unloaded after import = 0

========================================================================
Received Import Request.
  Time since last request: 0.000038 seconds.
  path: Assets/src/systems/CameraFollow.cs
  artifactKey: Guid(ef76fa8dd59b92fbd82f4a24ed36aebf) Importer(815301076,1909f56bfc062723c751e8b465ee728b)
Start importing Assets/src/systems/CameraFollow.cs using Guid(ef76fa8dd59b92fbd82f4a24ed36aebf) Importer(815301076,1909f56bfc062723c751e8b465ee728b) (PreviewImporter) -> (artifact id: '00000000000000000000000000000000') in 0.000414107 seconds
Import Error Code:(4)
Message: Build asset version error: assets/src/systems/camerafollow.cs in SourceAssetDB has modification time of '2026-01-31T17:41:48Z' while content on disk has modification time of '2026-01-31T17:43:36Z'
  ERROR: Build asset version error: assets/src/systems/camerafollow.cs in SourceAssetDB has modification time of '2026-01-31T17:41:48Z' while content on disk has modification time of '2026-01-31T17:43:36Z'
=======
  Time since last request: 0.000019 seconds.
  path: Assets/Editor/ObstaclePrefabBootstrap.cs
  artifactKey: Guid(2f40c725e0a90fcbf840ec4b4a567c3e) Importer(2089858483,b0f066a214c2f5e87bad3c948f4d605d)
Start importing Assets/Editor/ObstaclePrefabBootstrap.cs using Guid(2f40c725e0a90fcbf840ec4b4a567c3e) Importer(2089858483,b0f066a214c2f5e87bad3c948f4d605d) (ScriptedImporter) -> (artifact id: 'a95a028cef8c9791de79a14f3a705d34') in 0.002375103 seconds
>>>>>>> 9bb67c2060d9edb6d639ecc7718ea780eff7eeb8
Number of updated asset objects reloaded before import = 0Number of asset objects unloaded after import = 0

========================================================================
Received Import Request.
  Time since last request: 0.000012 seconds.
<<<<<<< HEAD
  path: Assets/src/systems/CameraFollow.cs
  artifactKey: Guid(ef76fa8dd59b92fbd82f4a24ed36aebf) Importer(815301076,1909f56bfc062723c751e8b465ee728b)
Start importing Assets/src/systems/CameraFollow.cs using Guid(ef76fa8dd59b92fbd82f4a24ed36aebf) Importer(815301076,1909f56bfc062723c751e8b465ee728b) (PreviewImporter) -> (artifact id: '00000000000000000000000000000000') in 0.000390805 seconds
Import Error Code:(4)
Message: Build asset version error: assets/src/systems/camerafollow.cs in SourceAssetDB has modification time of '2026-01-31T17:41:48Z' while content on disk has modification time of '2026-01-31T17:43:36Z'
  ERROR: Build asset version error: assets/src/systems/camerafollow.cs in SourceAssetDB has modification time of '2026-01-31T17:41:48Z' while content on disk has modification time of '2026-01-31T17:43:36Z'
=======
  path: Assets/Prefabs/Obstacles
  artifactKey: Guid(5d6a791523788cb8abc67d1f992c566c) Importer(2089858483,b0f066a214c2f5e87bad3c948f4d605d)
Start importing Assets/Prefabs/Obstacles using Guid(5d6a791523788cb8abc67d1f992c566c) Importer(2089858483,b0f066a214c2f5e87bad3c948f4d605d) (ScriptedImporter) -> (artifact id: 'b6c8b119f8d00c4d718a33bb18a540fd') in 0.001976151 seconds
Number of updated asset objects reloaded before import = 0Number of asset objects unloaded after import = 1

========================================================================
Received Import Request.
  Time since last request: 0.000011 seconds.
  path: Assets/src/world/props/MovingPlatform.cs
  artifactKey: Guid(1c76e9e2a152e6f7da61974880ec7ac5) Importer(2089858483,b0f066a214c2f5e87bad3c948f4d605d)
Start importing Assets/src/world/props/MovingPlatform.cs using Guid(1c76e9e2a152e6f7da61974880ec7ac5) Importer(2089858483,b0f066a214c2f5e87bad3c948f4d605d) (ScriptedImporter) -> (artifact id: '1a01fb3a739df96e37e1e5bc8d44bc29') in 0.002381998 seconds
>>>>>>> 9bb67c2060d9edb6d639ecc7718ea780eff7eeb8
Number of updated asset objects reloaded before import = 0Number of asset objects unloaded after import = 0

========================================================================
Received Import Request.
<<<<<<< HEAD
  Time since last request: 0.000239 seconds.
  path: Assets/src/systems/CameraFollow.cs
  artifactKey: Guid(ef76fa8dd59b92fbd82f4a24ed36aebf) Importer(815301076,1909f56bfc062723c751e8b465ee728b)
Start importing Assets/src/systems/CameraFollow.cs using Guid(ef76fa8dd59b92fbd82f4a24ed36aebf) Importer(815301076,1909f56bfc062723c751e8b465ee728b) (PreviewImporter) -> (artifact id: '00000000000000000000000000000000') in 0.000854116 seconds
Import Error Code:(4)
Message: Build asset version error: assets/src/systems/camerafollow.cs in SourceAssetDB has modification time of '2026-01-31T17:41:48Z' while content on disk has modification time of '2026-01-31T17:43:36Z'
  ERROR: Build asset version error: assets/src/systems/camerafollow.cs in SourceAssetDB has modification time of '2026-01-31T17:41:48Z' while content on disk has modification time of '2026-01-31T17:43:36Z'
=======
  Time since last request: 0.000012 seconds.
  path: Assets/Prefabs/Obstacles/SpikeHazard.prefab
  artifactKey: Guid(15ce5927de333db3bb9bdec3098f5c60) Importer(2089858483,b0f066a214c2f5e87bad3c948f4d605d)
Start importing Assets/Prefabs/Obstacles/SpikeHazard.prefab using Guid(15ce5927de333db3bb9bdec3098f5c60) Importer(2089858483,b0f066a214c2f5e87bad3c948f4d605d) (ScriptedImporter) -> (artifact id: '4ac8b0a9aff6fc5fcaf8604368640341') in 0.007058282 seconds
Number of updated asset objects reloaded before import = 0Number of asset objects unloaded after import = 7

========================================================================
Received Import Request.
  Time since last request: 0.396990 seconds.
  path: Assets/Prefabs/Room
  artifactKey: Guid(ceb45bd016f9b66f08edccb7378f2530) Importer(815301076,1909f56bfc062723c751e8b465ee728b)
Start importing Assets/Prefabs/Room using Guid(ceb45bd016f9b66f08edccb7378f2530) Importer(815301076,1909f56bfc062723c751e8b465ee728b) (PreviewImporter) -> (artifact id: 'b6cf70178ae0fbf53235e82e04faa852') in 0.000739183 seconds
>>>>>>> 9bb67c2060d9edb6d639ecc7718ea780eff7eeb8
Number of updated asset objects reloaded before import = 0Number of asset objects unloaded after import = 0

========================================================================
Received Import Request.
<<<<<<< HEAD
  Time since last request: 0.000013 seconds.
  path: Assets/src/systems/CameraFollow.cs
  artifactKey: Guid(ef76fa8dd59b92fbd82f4a24ed36aebf) Importer(815301076,1909f56bfc062723c751e8b465ee728b)
Start importing Assets/src/systems/CameraFollow.cs using Guid(ef76fa8dd59b92fbd82f4a24ed36aebf) Importer(815301076,1909f56bfc062723c751e8b465ee728b) (PreviewImporter) -> (artifact id: '00000000000000000000000000000000') in 0.000477764 seconds
Import Error Code:(4)
Message: Build asset version error: assets/src/systems/camerafollow.cs in SourceAssetDB has modification time of '2026-01-31T17:41:48Z' while content on disk has modification time of '2026-01-31T17:43:36Z'
  ERROR: Build asset version error: assets/src/systems/camerafollow.cs in SourceAssetDB has modification time of '2026-01-31T17:41:48Z' while content on disk has modification time of '2026-01-31T17:43:36Z'
Number of updated asset objects reloaded before import = 0Number of asset objects unloaded after import = 0

========================================================================
Received Import Request.
  Time since last request: 0.000013 seconds.
  path: Assets/src/systems/CameraFollow.cs
  artifactKey: Guid(ef76fa8dd59b92fbd82f4a24ed36aebf) Importer(815301076,1909f56bfc062723c751e8b465ee728b)
Start importing Assets/src/systems/CameraFollow.cs using Guid(ef76fa8dd59b92fbd82f4a24ed36aebf) Importer(815301076,1909f56bfc062723c751e8b465ee728b) (PreviewImporter) -> (artifact id: '00000000000000000000000000000000') in 0.0004067 seconds
Import Error Code:(4)
Message: Build asset version error: assets/src/systems/camerafollow.cs in SourceAssetDB has modification time of '2026-01-31T17:41:48Z' while content on disk has modification time of '2026-01-31T17:43:36Z'
  ERROR: Build asset version error: assets/src/systems/camerafollow.cs in SourceAssetDB has modification time of '2026-01-31T17:41:48Z' while content on disk has modification time of '2026-01-31T17:43:36Z'
Number of updated asset objects reloaded before import = 0Number of asset objects unloaded after import = 0

========================================================================
Received Import Request.
  Time since last request: 0.000021 seconds.
  path: Assets/src/systems/CameraFollow.cs
  artifactKey: Guid(ef76fa8dd59b92fbd82f4a24ed36aebf) Importer(815301076,1909f56bfc062723c751e8b465ee728b)
Start importing Assets/src/systems/CameraFollow.cs using Guid(ef76fa8dd59b92fbd82f4a24ed36aebf) Importer(815301076,1909f56bfc062723c751e8b465ee728b) (PreviewImporter) -> (artifact id: '00000000000000000000000000000000') in 0.000425037 seconds
Import Error Code:(4)
Message: Build asset version error: assets/src/systems/camerafollow.cs in SourceAssetDB has modification time of '2026-01-31T17:41:48Z' while content on disk has modification time of '2026-01-31T17:43:36Z'
  ERROR: Build asset version error: assets/src/systems/camerafollow.cs in SourceAssetDB has modification time of '2026-01-31T17:41:48Z' while content on disk has modification time of '2026-01-31T17:43:36Z'
Number of updated asset objects reloaded before import = 0Number of asset objects unloaded after import = 0

========================================================================
Received Import Request.
  Time since last request: 0.002942 seconds.
  path: Assets/src/systems/CameraFollow.cs
  artifactKey: Guid(ef76fa8dd59b92fbd82f4a24ed36aebf) Importer(815301076,1909f56bfc062723c751e8b465ee728b)
Start importing Assets/src/systems/CameraFollow.cs using Guid(ef76fa8dd59b92fbd82f4a24ed36aebf) Importer(815301076,1909f56bfc062723c751e8b465ee728b) (PreviewImporter) -> (artifact id: '00000000000000000000000000000000') in 0.00043935 seconds
Import Error Code:(4)
Message: Build asset version error: assets/src/systems/camerafollow.cs in SourceAssetDB has modification time of '2026-01-31T17:41:48Z' while content on disk has modification time of '2026-01-31T17:43:36Z'
  ERROR: Build asset version error: assets/src/systems/camerafollow.cs in SourceAssetDB has modification time of '2026-01-31T17:41:48Z' while content on disk has modification time of '2026-01-31T17:43:36Z'
Number of updated asset objects reloaded before import = 0Number of asset objects unloaded after import = 0

========================================================================
Received Import Request.
  Time since last request: 0.000026 seconds.
  path: Assets/src/systems/CameraFollow.cs
  artifactKey: Guid(ef76fa8dd59b92fbd82f4a24ed36aebf) Importer(815301076,1909f56bfc062723c751e8b465ee728b)
Start importing Assets/src/systems/CameraFollow.cs using Guid(ef76fa8dd59b92fbd82f4a24ed36aebf) Importer(815301076,1909f56bfc062723c751e8b465ee728b) (PreviewImporter) -> (artifact id: '00000000000000000000000000000000') in 0.000438462 seconds
Import Error Code:(4)
Message: Build asset version error: assets/src/systems/camerafollow.cs in SourceAssetDB has modification time of '2026-01-31T17:41:48Z' while content on disk has modification time of '2026-01-31T17:43:36Z'
  ERROR: Build asset version error: assets/src/systems/camerafollow.cs in SourceAssetDB has modification time of '2026-01-31T17:41:48Z' while content on disk has modification time of '2026-01-31T17:43:36Z'
Number of updated asset objects reloaded before import = 0Number of asset objects unloaded after import = 0

========================================================================
Received Import Request.
  Time since last request: 0.000016 seconds.
  path: Assets/src/systems/CameraFollow.cs
  artifactKey: Guid(ef76fa8dd59b92fbd82f4a24ed36aebf) Importer(815301076,1909f56bfc062723c751e8b465ee728b)
Start importing Assets/src/systems/CameraFollow.cs using Guid(ef76fa8dd59b92fbd82f4a24ed36aebf) Importer(815301076,1909f56bfc062723c751e8b465ee728b) (PreviewImporter) -> (artifact id: '00000000000000000000000000000000') in 0.000640938 seconds
Import Error Code:(4)
Message: Build asset version error: assets/src/systems/camerafollow.cs in SourceAssetDB has modification time of '2026-01-31T17:41:48Z' while content on disk has modification time of '2026-01-31T17:43:36Z'
  ERROR: Build asset version error: assets/src/systems/camerafollow.cs in SourceAssetDB has modification time of '2026-01-31T17:41:48Z' while content on disk has modification time of '2026-01-31T17:43:36Z'
Number of updated asset objects reloaded before import = 0Number of asset objects unloaded after import = 0

========================================================================
Received Prepare
Refreshing native plugins compatible for Editor in 0.95 ms, found 1 plugins.
Preloading 0 native plugins for Editor in 0.00 ms.
Unloading 16 Unused Serialized files (Serialized files now loaded: 0)
Unloading 6915 unused Assets / (5.1 MB). Loaded Objects now: 7838.
Memory consumption went from 139.6 MB to 134.6 MB.
Total: 19.775704 ms (FindLiveObjects: 1.166301 ms CreateObjectMapping: 1.740890 ms MarkObjects: 13.634783 ms  DeleteObjects: 3.232485 ms)

Prepare: number of updated asset objects reloaded= 0
========================================================================
Received Import Request.
  Time since last request: 1.058126 seconds.
  path: Assets/src/systems/CameraFollow.cs
  artifactKey: Guid(ef76fa8dd59b92fbd82f4a24ed36aebf) Importer(815301076,1909f56bfc062723c751e8b465ee728b)
Start importing Assets/src/systems/CameraFollow.cs using Guid(ef76fa8dd59b92fbd82f4a24ed36aebf) Importer(815301076,1909f56bfc062723c751e8b465ee728b) (PreviewImporter) -> (artifact id: '4c4a5fa15ed62a089d8ce396de80940f') in 0.007353996 seconds
Number of updated asset objects reloaded before import = 0Number of asset objects unloaded after import = 0

========================================================================
Received Prepare
Begin MonoManager ReloadAssembly
- Loaded All Assemblies, in  0.895 seconds
Refreshing native plugins compatible for Editor in 0.57 ms, found 1 plugins.
Native extension for LinuxStandalone target not found
[Package Manager] Failed to launch server process. Reason: Unity was launched with the -noUpm command-line argument
[Package Manager] Unable to send message (not connected to server process).
[Package Manager] Cannot connect to Unity Package Manager local server
ScheduleIndexationOnStartup MainProcess:False IndexOnStartup:True
Mono: successfully reloaded assembly
- Finished resetting the current domain, in  1.260 seconds
Domain Reload Profiling: 2157ms
	BeginReloadAssembly (251ms)
		ExecutionOrderSort (0ms)
		DisableScriptedObjects (20ms)
		BackupInstance (0ms)
		ReleaseScriptingObjects (0ms)
		CreateAndSetChildDomain (96ms)
	RebuildCommonClasses (53ms)
	RebuildNativeTypeToScriptingClass (14ms)
	initialDomainReloadingComplete (34ms)
	LoadAllAssembliesAndSetupDomain (544ms)
		LoadAssemblies (328ms)
		RebuildTransferFunctionScriptingTraits (0ms)
		AnalyzeDomain (278ms)
			TypeCache.Refresh (16ms)
				TypeCache.ScanAssembly (1ms)
			BuildScriptInfoCaches (243ms)
			ResolveRequiredComponents (14ms)
	FinalizeReload (1261ms)
		ReleaseScriptCaches (0ms)
		RebuildScriptCaches (0ms)
		SetupLoadedEditorAssemblies (1039ms)
			LogAssemblyErrors (0ms)
			InitializePlatformSupportModulesInManaged (9ms)
			SetLoadedEditorAssemblies (6ms)
			BeforeProcessingInitializeOnLoad (260ms)
			ProcessInitializeOnLoadAttributes (648ms)
			ProcessInitializeOnLoadMethodAttributes (111ms)
			AfterProcessingInitializeOnLoad (4ms)
			EditorAssembliesLoaded (0ms)
		ExecutionOrderSort2 (0ms)
		AwakeInstancesAfterBackupRestoration (16ms)
Refreshing native plugins compatible for Editor in 0.59 ms, found 1 plugins.
Preloading 0 native plugins for Editor in 0.00 ms.
Unloading 16 Unused Serialized files (Serialized files now loaded: 0)
Unloading 6925 unused Assets / (6.1 MB). Loaded Objects now: 7841.
Memory consumption went from 139.5 MB to 133.4 MB.
Total: 18.717460 ms (FindLiveObjects: 0.775699 ms CreateObjectMapping: 1.374168 ms MarkObjects: 12.990648 ms  DeleteObjects: 3.575716 ms)
=======
  Time since last request: 0.799341 seconds.
  path: Assets/Prefabs/Room
  artifactKey: Guid(ceb45bd016f9b66f08edccb7378f2530) Importer(2089858483,b0f066a214c2f5e87bad3c948f4d605d)
Start importing Assets/Prefabs/Room using Guid(ceb45bd016f9b66f08edccb7378f2530) Importer(2089858483,b0f066a214c2f5e87bad3c948f4d605d) (ScriptedImporter) -> (artifact id: '3a3d57542c74d18cb592f720640eb6bf') in 0.002385261 seconds
Number of updated asset objects reloaded before import = 0Number of asset objects unloaded after import = 1

========================================================================
Received Import Request.
  Time since last request: 9.639346 seconds.
  path: Assets/Prefabs/Obstacles/OneWayPlatform.prefab
  artifactKey: Guid(1e75a1ba4111be50e99faf080197c1f9) Importer(815301076,1909f56bfc062723c751e8b465ee728b)
Start importing Assets/Prefabs/Obstacles/OneWayPlatform.prefab using Guid(1e75a1ba4111be50e99faf080197c1f9) Importer(815301076,1909f56bfc062723c751e8b465ee728b) (PreviewImporter) -> (artifact id: '74cdcd1733d57238124874c2b83374c9') in 0.448139965 seconds
Number of updated asset objects reloaded before import = 0Number of asset objects unloaded after import = 7

========================================================================
Received Import Request.
  Time since last request: 0.000029 seconds.
  path: Assets/Prefabs/Obstacles/StaticPlatform.prefab
  artifactKey: Guid(70005377cd65d476ba5f2f3c23787a2a) Importer(815301076,1909f56bfc062723c751e8b465ee728b)
Start importing Assets/Prefabs/Obstacles/StaticPlatform.prefab using Guid(70005377cd65d476ba5f2f3c23787a2a) Importer(815301076,1909f56bfc062723c751e8b465ee728b) (PreviewImporter) -> (artifact id: '82ee7bc0ee92f95464a62bf0b37eeed3') in 0.005290421 seconds
Number of updated asset objects reloaded before import = 0Number of asset objects unloaded after import = 6

========================================================================
Received Prepare
Refreshing native plugins compatible for Editor in 0.59 ms, found 1 plugins.
Preloading 0 native plugins for Editor in 0.00 ms.
Unloading 16 Unused Serialized files (Serialized files now loaded: 0)
Unloading 6915 unused Assets / (4.3 MB). Loaded Objects now: 7954.
Memory consumption went from 145.4 MB to 141.1 MB.
Total: 12.311395 ms (FindLiveObjects: 0.662991 ms CreateObjectMapping: 0.738558 ms MarkObjects: 8.911612 ms  DeleteObjects: 1.997264 ms)
>>>>>>> 9bb67c2060d9edb6d639ecc7718ea780eff7eeb8

Prepare: number of updated asset objects reloaded= 0
========================================================================
Received Prepare
Begin MonoManager ReloadAssembly
<<<<<<< HEAD
- Loaded All Assemblies, in  0.900 seconds
Refreshing native plugins compatible for Editor in 0.56 ms, found 1 plugins.
Native extension for LinuxStandalone target not found
=======
[Licensing::Client] Successfully resolved entitlement details
- Loaded All Assemblies, in  0.805 seconds
Refreshing native plugins compatible for Editor in 0.82 ms, found 1 plugins.
Native extension for LinuxStandalone target not found
Native extension for WindowsStandalone target not found
>>>>>>> 9bb67c2060d9edb6d639ecc7718ea780eff7eeb8
[Package Manager] Failed to launch server process. Reason: Unity was launched with the -noUpm command-line argument
[Package Manager] Unable to send message (not connected to server process).
[Package Manager] Cannot connect to Unity Package Manager local server
ScheduleIndexationOnStartup MainProcess:False IndexOnStartup:True
Mono: successfully reloaded assembly
<<<<<<< HEAD
- Finished resetting the current domain, in  1.223 seconds
Domain Reload Profiling: 2124ms
	BeginReloadAssembly (251ms)
		ExecutionOrderSort (0ms)
		DisableScriptedObjects (20ms)
		BackupInstance (0ms)
		ReleaseScriptingObjects (0ms)
		CreateAndSetChildDomain (98ms)
	RebuildCommonClasses (53ms)
	RebuildNativeTypeToScriptingClass (14ms)
	initialDomainReloadingComplete (34ms)
	LoadAllAssembliesAndSetupDomain (549ms)
		LoadAssemblies (323ms)
		RebuildTransferFunctionScriptingTraits (0ms)
		AnalyzeDomain (290ms)
			TypeCache.Refresh (10ms)
				TypeCache.ScanAssembly (0ms)
			BuildScriptInfoCaches (261ms)
			ResolveRequiredComponents (14ms)
	FinalizeReload (1223ms)
		ReleaseScriptCaches (0ms)
		RebuildScriptCaches (0ms)
		SetupLoadedEditorAssemblies (1014ms)
			LogAssemblyErrors (0ms)
			InitializePlatformSupportModulesInManaged (9ms)
			SetLoadedEditorAssemblies (6ms)
			BeforeProcessingInitializeOnLoad (271ms)
			ProcessInitializeOnLoadAttributes (611ms)
			ProcessInitializeOnLoadMethodAttributes (112ms)
			AfterProcessingInitializeOnLoad (5ms)
			EditorAssembliesLoaded (0ms)
		ExecutionOrderSort2 (0ms)
		AwakeInstancesAfterBackupRestoration (16ms)
Refreshing native plugins compatible for Editor in 0.62 ms, found 1 plugins.
Preloading 0 native plugins for Editor in 0.00 ms.
Unloading 16 Unused Serialized files (Serialized files now loaded: 0)
Unloading 6925 unused Assets / (4.6 MB). Loaded Objects now: 7844.
Memory consumption went from 139.5 MB to 135.0 MB.
Total: 14.072499 ms (FindLiveObjects: 0.746165 ms CreateObjectMapping: 1.596453 ms MarkObjects: 9.060256 ms  DeleteObjects: 2.668533 ms)
=======
- Finished resetting the current domain, in  0.851 seconds
Domain Reload Profiling: 1656ms
	BeginReloadAssembly (222ms)
		ExecutionOrderSort (0ms)
		DisableScriptedObjects (30ms)
		BackupInstance (0ms)
		ReleaseScriptingObjects (0ms)
		CreateAndSetChildDomain (83ms)
	RebuildCommonClasses (42ms)
	RebuildNativeTypeToScriptingClass (11ms)
	initialDomainReloadingComplete (28ms)
	LoadAllAssembliesAndSetupDomain (502ms)
		LoadAssemblies (303ms)
		RebuildTransferFunctionScriptingTraits (0ms)
		AnalyzeDomain (252ms)
			TypeCache.Refresh (12ms)
				TypeCache.ScanAssembly (0ms)
			BuildScriptInfoCaches (226ms)
			ResolveRequiredComponents (11ms)
	FinalizeReload (851ms)
		ReleaseScriptCaches (0ms)
		RebuildScriptCaches (0ms)
		SetupLoadedEditorAssemblies (676ms)
			LogAssemblyErrors (0ms)
			InitializePlatformSupportModulesInManaged (26ms)
			SetLoadedEditorAssemblies (4ms)
			BeforeProcessingInitializeOnLoad (168ms)
			ProcessInitializeOnLoadAttributes (389ms)
			ProcessInitializeOnLoadMethodAttributes (83ms)
			AfterProcessingInitializeOnLoad (5ms)
			EditorAssembliesLoaded (0ms)
		ExecutionOrderSort2 (0ms)
		AwakeInstancesAfterBackupRestoration (12ms)
Refreshing native plugins compatible for Editor in 0.57 ms, found 1 plugins.
Preloading 0 native plugins for Editor in 0.00 ms.
Unloading 16 Unused Serialized files (Serialized files now loaded: 0)
Unloading 6923 unused Assets / (4.5 MB). Loaded Objects now: 7886.
Memory consumption went from 144.7 MB to 140.3 MB.
Total: 11.021723 ms (FindLiveObjects: 0.648740 ms CreateObjectMapping: 0.874796 ms MarkObjects: 7.279542 ms  DeleteObjects: 2.217789 ms)
>>>>>>> 9bb67c2060d9edb6d639ecc7718ea780eff7eeb8

Prepare: number of updated asset objects reloaded= 0
========================================================================
Received Prepare
Begin MonoManager ReloadAssembly
[Licensing::Client] Successfully resolved entitlement details
- Loaded All Assemblies, in  0.735 seconds
Refreshing native plugins compatible for Editor in 0.52 ms, found 1 plugins.
Native extension for LinuxStandalone target not found
Native extension for WindowsStandalone target not found
[Package Manager] Failed to launch server process. Reason: Unity was launched with the -noUpm command-line argument
[Package Manager] Unable to send message (not connected to server process).
[Package Manager] Cannot connect to Unity Package Manager local server
ScheduleIndexationOnStartup MainProcess:False IndexOnStartup:True
Mono: successfully reloaded assembly
- Finished resetting the current domain, in  0.935 seconds
Domain Reload Profiling: 1671ms
	BeginReloadAssembly (189ms)
		ExecutionOrderSort (0ms)
		DisableScriptedObjects (16ms)
		BackupInstance (0ms)
		ReleaseScriptingObjects (0ms)
		CreateAndSetChildDomain (71ms)
	RebuildCommonClasses (43ms)
	RebuildNativeTypeToScriptingClass (12ms)
	initialDomainReloadingComplete (29ms)
	LoadAllAssembliesAndSetupDomain (463ms)
		LoadAssemblies (272ms)
		RebuildTransferFunctionScriptingTraits (0ms)
		AnalyzeDomain (238ms)
			TypeCache.Refresh (11ms)
				TypeCache.ScanAssembly (0ms)
			BuildScriptInfoCaches (212ms)
			ResolveRequiredComponents (12ms)
	FinalizeReload (936ms)
		ReleaseScriptCaches (0ms)
		RebuildScriptCaches (0ms)
		SetupLoadedEditorAssemblies (755ms)
			LogAssemblyErrors (0ms)
			InitializePlatformSupportModulesInManaged (34ms)
			SetLoadedEditorAssemblies (7ms)
			BeforeProcessingInitializeOnLoad (218ms)
			ProcessInitializeOnLoadAttributes (398ms)
			ProcessInitializeOnLoadMethodAttributes (92ms)
			AfterProcessingInitializeOnLoad (5ms)
			EditorAssembliesLoaded (0ms)
		ExecutionOrderSort2 (0ms)
		AwakeInstancesAfterBackupRestoration (12ms)
Refreshing native plugins compatible for Editor in 0.61 ms, found 1 plugins.
Preloading 0 native plugins for Editor in 0.00 ms.
Unloading 16 Unused Serialized files (Serialized files now loaded: 0)
Unloading 6929 unused Assets / (4.5 MB). Loaded Objects now: 7895.
Memory consumption went from 144.7 MB to 140.3 MB.
Total: 10.533272 ms (FindLiveObjects: 0.607457 ms CreateObjectMapping: 0.903755 ms MarkObjects: 6.857140 ms  DeleteObjects: 2.164185 ms)

Prepare: number of updated asset objects reloaded= 0
